benchmark,scope,task,disease,inference_key,inference_label,source_inference_name,embedding_inference_name,readout_key,readout_label,base_model_key,model_type,embedding_source,dataset_mode,gene_universe,cell_embedding_file,cell_representation,selected_output_model_key,selection_metric,validation_auprc,lr,weight_decay,batch_size,epochs,patience,seed,n_folds,n_cv_folds,test_fold,num_heads,att_hidden_dim,dropout,att_dropout,classifier_type,use_class_weights,pdl_pmax,pdl_proj_mode,pdl_proj_layers,source_pdl_impl_tag
therapeutic_target,held_out,therapeutic_target_efo_0003767,Inflammatory bowel disease,lr_esm,ESM2,PINNACLE_model_globalsplit_ESM2_symmetric_PPI-True_GATv2_H64_lambda001_drop02_out32__ep150_bulk,PINNACLE_model_globalsplit_ESM2_symmetric_PPI-True_GATv2_H64_lambda001_drop02_out32__ep150_bulk,lr_esm,Linear probe ESM2 sequence,lr_ext_embed,linear,esm,bulk,bulk_shared,,not_used_sequence_only,lr_ext_embed__hp_lr0p0001_wd0p0001_selauprc_cw1__emb_esm,val_auprc_macro_mean,0.5116212266423121,0.0001,0.0001,512,300,50,42,6,5,0,,,,,linear,True,,,,
therapeutic_target,held_out,therapeutic_target_efo_0003767,Inflammatory bowel disease,lr_prostt5,ProstT5,PINNACLE_model_globalsplit_ESM2_symmetric_PPI-True_GATv2_H64_lambda001_drop02_out32__ep150_bulk,PINNACLE_model_globalsplit_ESM2_symmetric_PPI-True_GATv2_H64_lambda001_drop02_out32__ep150_bulk,lr_prostt5,Linear probe ProstT5 sequence,lr_ext_embed,linear,prostt5,bulk,bulk_shared,,not_used_sequence_only,lr_ext_embed__hp_lr0p0001_wd0p0001_selauprc_cw1__emb_prostt5,val_auprc_macro_mean,0.4260970534088411,0.0001,0.0001,512,300,50,42,6,5,0,,,,,linear,True,,,,
therapeutic_target,held_out,therapeutic_target_efo_0003767,Inflammatory bowel disease,pinnacle_random_fixed,Pinnacle,PINNACLE_model_globalsplit_random_symmetric_PPI-True_GATv2_H64_lambda001_drop02_out32__ep150_bulk,PINNACLE_model_globalsplit_random_symmetric_PPI-True_GATv2_H64_lambda001_drop02_out32__ep150_bulk,lr_hc_cell,Mean-pool LR Contextual instances,lr_hc_cell,linear,esm,bulk,bulk_shared,cell_embeddings.pt,canonical_contextualized,lr_hc_cell__hp_lr0p0001_wd0p0001_selauprc_cw1__emb_esm,val_auprc_macro_mean,0.1896217243315162,0.0001,0.0001,512,300,50,42,6,5,0,,,,,linear,True,,,,
therapeutic_target,held_out,therapeutic_target_efo_0003767,Inflammatory bowel disease,pinnacle_random_fixed,Pinnacle,PINNACLE_model_globalsplit_random_symmetric_PPI-True_GATv2_H64_lambda001_drop02_out32__ep150_bulk,PINNACLE_model_globalsplit_random_symmetric_PPI-True_GATv2_H64_lambda001_drop02_out32__ep150_bulk,lr_hc_cell_esm,Mean-pool LR Contextual + ESM2,lr_hc_cell_ext_embed,linear,esm,bulk,bulk_shared,cell_embeddings.pt,canonical_contextualized,lr_hc_cell_ext_embed__hp_lr0p0001_wd0p0001_selauprc_cw1__emb_esm,val_auprc_macro_mean,0.5158300462795745,0.0001,0.0001,512,300,50,42,6,5,0,,,,,linear,True,,,,
therapeutic_target,held_out,therapeutic_target_efo_0003767,Inflammatory bowel disease,pinnacle_random_fixed,Pinnacle,PINNACLE_model_globalsplit_random_symmetric_PPI-True_GATv2_H64_lambda001_drop02_out32__ep150_bulk,PINNACLE_model_globalsplit_random_symmetric_PPI-True_GATv2_H64_lambda001_drop02_out32__ep150_bulk,abmil8_hc_cell,ABMIL Contextual instances,abmil_hc_cell_gated_8,abmil,esm,bulk,bulk_shared,cell_embeddings.pt,canonical_contextualized,abmil_hc_cell_gated_8__hp_lr0p0001_att256_do0p2_wd0p0001_selauprc_cw1__emb_esm,val_auprc_macro_mean,0.2110676612133738,0.0001,0.0001,512,300,50,42,6,5,0,8.0,256.0,0.2,0.0,linear,True,,,,
therapeutic_target,held_out,therapeutic_target_efo_0003767,Inflammatory bowel disease,pinnacle_random_fixed,Pinnacle,PINNACLE_model_globalsplit_random_symmetric_PPI-True_GATv2_H64_lambda001_drop02_out32__ep150_bulk,PINNACLE_model_globalsplit_random_symmetric_PPI-True_GATv2_H64_lambda001_drop02_out32__ep150_bulk,abmil8,ABMIL Contextual + ESM2,abmil_hc_cell_ext_embed_gated_8,abmil,esm,bulk,bulk_shared,cell_embeddings.pt,canonical_contextualized,abmil_hc_cell_ext_embed_gated_8__hp_lr0p0001_att256_do0p4_wd0p0001_selauprc_cw1__emb_esm,val_auprc_macro_mean,0.484947497355729,0.0001,0.0001,512,300,50,42,6,5,0,8.0,256.0,0.4,0.0,linear,True,,,,
therapeutic_target,held_out,therapeutic_target_efo_0003767,Inflammatory bowel disease,pinnacle_random_fixed,Pinnacle,PINNACLE_model_globalsplit_random_symmetric_PPI-True_GATv2_H64_lambda001_drop02_out32__ep150_bulk,PINNACLE_model_globalsplit_random_symmetric_PPI-True_GATv2_H64_lambda001_drop02_out32__ep150_bulk,abmil8_pdl_hc_cell,ABMIL-PDL Contextual instances,abmil_hc_cell_gated_8_pdl,abmil,esm,bulk,bulk_shared,cell_embeddings.pt,canonical_contextualized,abmil_hc_cell_gated_8_pdl__hp_lr0p0001_att256_do0_pdl0p6_pdlimplnew_pdlprojidentity_pdlprojl2_wd0p0001_selauprc_cw1__emb_esm,val_auprc_macro_mean,0.2409949188077082,0.0001,0.0001,512,300,50,42,6,5,0,8.0,256.0,0.0,0.0,linear,True,0.6,identity,2.0,new
therapeutic_target,held_out,therapeutic_target_efo_0003767,Inflammatory bowel disease,pinnacle_random_fixed,Pinnacle,PINNACLE_model_globalsplit_random_symmetric_PPI-True_GATv2_H64_lambda001_drop02_out32__ep150_bulk,PINNACLE_model_globalsplit_random_symmetric_PPI-True_GATv2_H64_lambda001_drop02_out32__ep150_bulk,abmil8_pdl_id2_dropout,ABMIL-PDL Contextual + ESM2,abmil_hc_cell_ext_embed_gated_8_pdl,abmil,esm,bulk,bulk_shared,cell_embeddings.pt,canonical_contextualized,abmil_hc_cell_ext_embed_gated_8_pdl__hp_lr0p0001_att256_do0_pdl0p7_pdlimplnew_pdlprojidentity_pdlprojl2_wd0p0001_selauprc_cw1__emb_esm,val_auprc_macro_mean,0.5660851644804559,0.0001,0.0001,512,300,50,42,6,5,0,8.0,256.0,0.0,0.0,linear,True,0.7,identity,2.0,new
therapeutic_target,held_out,therapeutic_target_efo_0003767,Inflammatory bowel disease,pinnacle_esm_fixed,Pinnacle-ESM2 (GAT),PINNACLE_model_globalsplit_ESM2_symmetric_PPI-True_GATv2_H64_lambda001_drop02_out32__ep150_bulk,PINNACLE_model_globalsplit_ESM2_symmetric_PPI-True_GATv2_H64_lambda001_drop02_out32__ep150_bulk,lr_hc_cell,Mean-pool LR Contextual instances,lr_hc_cell,linear,esm,bulk,bulk_shared,cell_embeddings.pt,canonical_contextualized,lr_hc_cell__hp_lr0p0001_wd0p0001_selauprc_cw1__emb_esm,val_auprc_macro_mean,0.1883173881495459,0.0001,0.0001,512,300,50,42,6,5,0,,,,,linear,True,,,,
therapeutic_target,held_out,therapeutic_target_efo_0003767,Inflammatory bowel disease,pinnacle_esm_fixed,Pinnacle-ESM2 (GAT),PINNACLE_model_globalsplit_ESM2_symmetric_PPI-True_GATv2_H64_lambda001_drop02_out32__ep150_bulk,PINNACLE_model_globalsplit_ESM2_symmetric_PPI-True_GATv2_H64_lambda001_drop02_out32__ep150_bulk,lr_hc_cell_esm,Mean-pool LR Contextual + ESM2,lr_hc_cell_ext_embed,linear,esm,bulk,bulk_shared,cell_embeddings.pt,canonical_contextualized,lr_hc_cell_ext_embed__hp_lr0p0001_wd0p0001_selauprc_cw1__emb_esm,val_auprc_macro_mean,0.5211696709506891,0.0001,0.0001,512,300,50,42,6,5,0,,,,,linear,True,,,,
therapeutic_target,held_out,therapeutic_target_efo_0003767,Inflammatory bowel disease,pinnacle_esm_fixed,Pinnacle-ESM2 (GAT),PINNACLE_model_globalsplit_ESM2_symmetric_PPI-True_GATv2_H64_lambda001_drop02_out32__ep150_bulk,PINNACLE_model_globalsplit_ESM2_symmetric_PPI-True_GATv2_H64_lambda001_drop02_out32__ep150_bulk,abmil8_hc_cell,ABMIL Contextual instances,abmil_hc_cell_gated_8,abmil,esm,bulk,bulk_shared,cell_embeddings.pt,canonical_contextualized,abmil_hc_cell_gated_8__hp_lr0p0001_att256_do0p2_wd0p0001_selauprc_cw1__emb_esm,val_auprc_macro_mean,0.1808505359418425,0.0001,0.0001,512,300,50,42,6,5,0,8.0,256.0,0.2,0.0,linear,True,,,,
therapeutic_target,held_out,therapeutic_target_efo_0003767,Inflammatory bowel disease,pinnacle_esm_fixed,Pinnacle-ESM2 (GAT),PINNACLE_model_globalsplit_ESM2_symmetric_PPI-True_GATv2_H64_lambda001_drop02_out32__ep150_bulk,PINNACLE_model_globalsplit_ESM2_symmetric_PPI-True_GATv2_H64_lambda001_drop02_out32__ep150_bulk,abmil8,ABMIL Contextual + ESM2,abmil_hc_cell_ext_embed_gated_8,abmil,esm,bulk,bulk_shared,cell_embeddings.pt,canonical_contextualized,abmil_hc_cell_ext_embed_gated_8__hp_lr0p0001_att256_do0p2_wd0p0001_selauprc_cw1__emb_esm,val_auprc_macro_mean,0.5264020965038575,0.0001,0.0001,512,300,50,42,6,5,0,8.0,256.0,0.2,0.0,linear,True,,,,
therapeutic_target,held_out,therapeutic_target_efo_0003767,Inflammatory bowel disease,pinnacle_esm_fixed,Pinnacle-ESM2 (GAT),PINNACLE_model_globalsplit_ESM2_symmetric_PPI-True_GATv2_H64_lambda001_drop02_out32__ep150_bulk,PINNACLE_model_globalsplit_ESM2_symmetric_PPI-True_GATv2_H64_lambda001_drop02_out32__ep150_bulk,abmil8_pdl_hc_cell,ABMIL-PDL Contextual instances,abmil_hc_cell_gated_8_pdl,abmil,esm,bulk,bulk_shared,cell_embeddings.pt,canonical_contextualized,abmil_hc_cell_gated_8_pdl__hp_lr0p0001_att256_do0_pdl0p5_pdlimplnew_pdlprojidentity_pdlprojl2_wd0p0001_selauprc_cw1__emb_esm,val_auprc_macro_mean,0.2160180181733723,0.0001,0.0001,512,300,50,42,6,5,0,8.0,256.0,0.0,0.0,linear,True,0.5,identity,2.0,new
therapeutic_target,held_out,therapeutic_target_efo_0003767,Inflammatory bowel disease,pinnacle_esm_fixed,Pinnacle-ESM2 (GAT),PINNACLE_model_globalsplit_ESM2_symmetric_PPI-True_GATv2_H64_lambda001_drop02_out32__ep150_bulk,PINNACLE_model_globalsplit_ESM2_symmetric_PPI-True_GATv2_H64_lambda001_drop02_out32__ep150_bulk,abmil8_pdl_id2_dropout,ABMIL-PDL Contextual + ESM2,abmil_hc_cell_ext_embed_gated_8_pdl,abmil,esm,bulk,bulk_shared,cell_embeddings.pt,canonical_contextualized,abmil_hc_cell_ext_embed_gated_8_pdl__hp_lr0p0001_att256_do0_pdl0p3_pdlimplnew_pdlprojidentity_pdlprojl2_wd0p0001_selauprc_cw1__emb_esm,val_auprc_macro_mean,0.5818381470049311,0.0001,0.0001,512,300,50,42,6,5,0,8.0,256.0,0.0,0.0,linear,True,0.3,identity,2.0,new
therapeutic_target,held_out,therapeutic_target_efo_0003767,Inflammatory bowel disease,pinnacle_esm2_acm,Pinnacle-ESM2 (ACM),PINNACLE_model_globalsplit_ESM2_symmetric_PPI-True_ACM_RandomWalk_H64_lambda001_drop02_out64__ep150_bulk,PINNACLE_model_globalsplit_ESM2_symmetric_PPI-True_ACM_RandomWalk_H64_lambda001_drop02_out64__ep150_bulk,lr_hc_cell,Mean-pool LR Contextual instances,lr_hc_cell,linear,esm,bulk,bulk_shared,cell_embeddings.pt,canonical_contextualized,lr_hc_cell__hp_lr0p0001_wd0p0001_selauprc_cw1__emb_esm,val_auprc_macro_mean,0.1590959468209904,0.0001,0.0001,512,300,50,42,6,5,0,,,,,linear,True,,,,
therapeutic_target,held_out,therapeutic_target_efo_0003767,Inflammatory bowel disease,pinnacle_esm2_acm,Pinnacle-ESM2 (ACM),PINNACLE_model_globalsplit_ESM2_symmetric_PPI-True_ACM_RandomWalk_H64_lambda001_drop02_out64__ep150_bulk,PINNACLE_model_globalsplit_ESM2_symmetric_PPI-True_ACM_RandomWalk_H64_lambda001_drop02_out64__ep150_bulk,lr_hc_cell_esm,Mean-pool LR Contextual + ESM2,lr_hc_cell_ext_embed,linear,esm,bulk,bulk_shared,cell_embeddings.pt,canonical_contextualized,lr_hc_cell_ext_embed__hp_lr0p0001_wd0p0001_selauprc_cw1__emb_esm,val_auprc_macro_mean,0.5434859895924425,0.0001,0.0001,512,300,50,42,6,5,0,,,,,linear,True,,,,
therapeutic_target,held_out,therapeutic_target_efo_0003767,Inflammatory bowel disease,pinnacle_esm2_acm,Pinnacle-ESM2 (ACM),PINNACLE_model_globalsplit_ESM2_symmetric_PPI-True_ACM_RandomWalk_H64_lambda001_drop02_out64__ep150_bulk,PINNACLE_model_globalsplit_ESM2_symmetric_PPI-True_ACM_RandomWalk_H64_lambda001_drop02_out64__ep150_bulk,abmil8_hc_cell,ABMIL Contextual instances,abmil_hc_cell_gated_8,abmil,esm,bulk,bulk_shared,cell_embeddings.pt,canonical_contextualized,abmil_hc_cell_gated_8__hp_lr0p0001_att256_do0p4_wd0p0001_selauprc_cw1__emb_esm,val_auprc_macro_mean,0.2240964226536975,0.0001,0.0001,512,300,50,42,6,5,0,8.0,256.0,0.4,0.0,linear,True,,,,
therapeutic_target,held_out,therapeutic_target_efo_0003767,Inflammatory bowel disease,pinnacle_esm2_acm,Pinnacle-ESM2 (ACM),PINNACLE_model_globalsplit_ESM2_symmetric_PPI-True_ACM_RandomWalk_H64_lambda001_drop02_out64__ep150_bulk,PINNACLE_model_globalsplit_ESM2_symmetric_PPI-True_ACM_RandomWalk_H64_lambda001_drop02_out64__ep150_bulk,abmil8,ABMIL Contextual + ESM2,abmil_hc_cell_ext_embed_gated_8,abmil,esm,bulk,bulk_shared,cell_embeddings.pt,canonical_contextualized,abmil_hc_cell_ext_embed_gated_8__hp_lr0p0001_att256_do0_wd0p0001_selauprc_cw1__emb_esm,val_auprc_macro_mean,0.5390390530750253,0.0001,0.0001,512,300,50,42,6,5,0,8.0,256.0,0.0,0.0,linear,True,,,,
therapeutic_target,held_out,therapeutic_target_efo_0003767,Inflammatory bowel disease,pinnacle_esm2_acm,Pinnacle-ESM2 (ACM),PINNACLE_model_globalsplit_ESM2_symmetric_PPI-True_ACM_RandomWalk_H64_lambda001_drop02_out64__ep150_bulk,PINNACLE_model_globalsplit_ESM2_symmetric_PPI-True_ACM_RandomWalk_H64_lambda001_drop02_out64__ep150_bulk,abmil8_pdl_hc_cell,ABMIL-PDL Contextual instances,abmil_hc_cell_gated_8_pdl,abmil,esm,bulk,bulk_shared,cell_embeddings.pt,canonical_contextualized,abmil_hc_cell_gated_8_pdl__hp_lr0p0001_att256_do0_pdl0p4_pdlimplnew_pdlprojidentity_pdlprojl2_wd0p0001_selauprc_cw1__emb_esm,val_auprc_macro_mean,0.2137944654812058,0.0001,0.0001,512,300,50,42,6,5,0,8.0,256.0,0.0,0.0,linear,True,0.4,identity,2.0,new
therapeutic_target,held_out,therapeutic_target_efo_0003767,Inflammatory bowel disease,pinnacle_esm2_acm,Pinnacle-ESM2 (ACM),PINNACLE_model_globalsplit_ESM2_symmetric_PPI-True_ACM_RandomWalk_H64_lambda001_drop02_out64__ep150_bulk,PINNACLE_model_globalsplit_ESM2_symmetric_PPI-True_ACM_RandomWalk_H64_lambda001_drop02_out64__ep150_bulk,abmil8_pdl_id2_dropout,ABMIL-PDL Contextual + ESM2,abmil_hc_cell_ext_embed_gated_8_pdl,abmil,esm,bulk,bulk_shared,cell_embeddings.pt,canonical_contextualized,abmil_hc_cell_ext_embed_gated_8_pdl__hp_lr0p0001_att256_do0_pdl0p7_pdlimplnew_pdlprojidentity_pdlprojl2_wd0p0001_selauprc_cw1__emb_esm,val_auprc_macro_mean,0.5744487346120561,0.0001,0.0001,512,300,50,42,6,5,0,8.0,256.0,0.0,0.0,linear,True,0.7,identity,2.0,new
therapeutic_target,held_out,therapeutic_target_efo_0003767,Inflammatory bowel disease,gae_att_fixed_do06,ProtScape-GAE,gae_att_fixed_do06_ep300,gae_att_fixed_do06_ep300,lr_hc_cell,Mean-pool LR Contextual instances,lr_hc_cell,linear,esm,bulk,bulk_shared,cell_embeddings.pt,canonical_contextualized,lr_hc_cell__hp_lr0p0001_wd0p0001_selauprc_cw1__emb_esm,val_auprc_macro_mean,0.2865166771641171,0.0001,0.0001,512,300,50,42,6,5,0,,,,,linear,True,,,,
therapeutic_target,held_out,therapeutic_target_efo_0003767,Inflammatory bowel disease,gae_att_fixed_do06,ProtScape-GAE,gae_att_fixed_do06_ep300,gae_att_fixed_do06_ep300,lr_hc_cell_esm,Mean-pool LR Contextual + ESM2,lr_hc_cell_ext_embed,linear,esm,bulk,bulk_shared,cell_embeddings.pt,canonical_contextualized,lr_hc_cell_ext_embed__hp_lr0p0001_wd0p0001_selauprc_cw1__emb_esm,val_auprc_macro_mean,0.4829857614369448,0.0001,0.0001,512,300,50,42,6,5,0,,,,,linear,True,,,,
therapeutic_target,held_out,therapeutic_target_efo_0003767,Inflammatory bowel disease,gae_att_fixed_do06,ProtScape-GAE,gae_att_fixed_do06_ep300,gae_att_fixed_do06_ep300,abmil8_hc_cell,ABMIL Contextual instances,abmil_hc_cell_gated_8,abmil,esm,bulk,bulk_shared,cell_embeddings.pt,canonical_contextualized,abmil_hc_cell_gated_8__hp_lr0p0001_att256_do0_wd0p0001_selauprc_cw1__emb_esm,val_auprc_macro_mean,0.42342516124039,0.0001,0.0001,512,300,50,42,6,5,0,8.0,256.0,0.0,0.0,linear,True,,,,
therapeutic_target,held_out,therapeutic_target_efo_0003767,Inflammatory bowel disease,gae_att_fixed_do06,ProtScape-GAE,gae_att_fixed_do06_ep300,gae_att_fixed_do06_ep300,abmil8,ABMIL Contextual + ESM2,abmil_hc_cell_ext_embed_gated_8,abmil,esm,bulk,bulk_shared,cell_embeddings.pt,canonical_contextualized,abmil_hc_cell_ext_embed_gated_8__hp_lr0p0001_att256_do0_wd0p0001_selauprc_cw1__emb_esm,val_auprc_macro_mean,0.4765690545575734,0.0001,0.0001,512,300,50,42,6,5,0,8.0,256.0,0.0,0.0,linear,True,,,,
therapeutic_target,held_out,therapeutic_target_efo_0003767,Inflammatory bowel disease,gae_att_fixed_do06,ProtScape-GAE,gae_att_fixed_do06_ep300,gae_att_fixed_do06_ep300,abmil8_pdl_hc_cell,ABMIL-PDL Contextual instances,abmil_hc_cell_gated_8_pdl,abmil,esm,bulk,bulk_shared,cell_embeddings.pt,canonical_contextualized,abmil_hc_cell_gated_8_pdl__hp_lr0p0001_att256_do0_pdl0p7_pdlimplnew_pdlprojidentity_pdlprojl2_wd0p0001_selauprc_cw1__emb_esm,val_auprc_macro_mean,0.484304461718929,0.0001,0.0001,512,300,50,42,6,5,0,8.0,256.0,0.0,0.0,linear,True,0.7,identity,2.0,new
therapeutic_target,held_out,therapeutic_target_efo_0003767,Inflammatory bowel disease,gae_att_fixed_do06,ProtScape-GAE,gae_att_fixed_do06_ep300,gae_att_fixed_do06_ep300,abmil8_pdl_id2_dropout,ABMIL-PDL Contextual + ESM2,abmil_hc_cell_ext_embed_gated_8_pdl,abmil,esm,bulk,bulk_shared,cell_embeddings.pt,canonical_contextualized,abmil_hc_cell_ext_embed_gated_8_pdl__hp_lr0p0001_att256_do0_pdl0p6_pdlimplnew_pdlprojidentity_pdlprojl2_wd0p0001_selauprc_cw1__emb_esm,val_auprc_macro_mean,0.5137978693895073,0.0001,0.0001,512,300,50,42,6,5,0,8.0,256.0,0.0,0.0,linear,True,0.6,identity,2.0,new
therapeutic_target,held_out,therapeutic_target_efo_0003767,Inflammatory bowel disease,s2gae_att_k1_fixed_do04_uni,ProtScape,s2gae_att_k1_fixed_do04_uni5e6,s2gae_att_k1_fixed_do04_uni5e6_paper_20260510,lr_hc_cell,Mean-pool LR Contextual instances,lr_hc_cell,linear,esm,bulk,bulk_shared,cell_embeddings.pt,canonical_contextualized,lr_hc_cell__hp_lr0p0001_wd0p0001_selauprc_cw1__emb_esm,val_auprc_macro_mean,0.4488651737233912,0.0001,0.0001,512,300,50,42,6,5,0,,,,,linear,True,,,,
therapeutic_target,held_out,therapeutic_target_efo_0003767,Inflammatory bowel disease,s2gae_att_k1_fixed_do04_uni,ProtScape,s2gae_att_k1_fixed_do04_uni5e6,s2gae_att_k1_fixed_do04_uni5e6_paper_20260510,lr_hc_cell_esm,Mean-pool LR Contextual + ESM2,lr_hc_cell_ext_embed,linear,esm,bulk,bulk_shared,cell_embeddings.pt,canonical_contextualized,lr_hc_cell_ext_embed__hp_lr0p0001_wd0p0001_selauprc_cw1__emb_esm,val_auprc_macro_mean,0.5763265160436869,0.0001,0.0001,512,300,50,42,6,5,0,,,,,linear,True,,,,
therapeutic_target,held_out,therapeutic_target_efo_0003767,Inflammatory bowel disease,s2gae_att_k1_fixed_do04_uni,ProtScape,s2gae_att_k1_fixed_do04_uni5e6,s2gae_att_k1_fixed_do04_uni5e6_paper_20260510,abmil8_hc_cell,ABMIL Contextual instances,abmil_hc_cell_gated_8,abmil,esm,bulk,bulk_shared,cell_embeddings.pt,canonical_contextualized,abmil_hc_cell_gated_8__hp_lr0p0001_att256_do0p4_wd0p0001_selauprc_cw1__emb_esm,val_auprc_macro_mean,0.559137147335725,0.0001,0.0001,512,300,50,42,6,5,0,8.0,256.0,0.4,0.0,linear,True,,,,
therapeutic_target,held_out,therapeutic_target_efo_0003767,Inflammatory bowel disease,s2gae_att_k1_fixed_do04_uni,ProtScape,s2gae_att_k1_fixed_do04_uni5e6,s2gae_att_k1_fixed_do04_uni5e6_paper_20260510,abmil8,ABMIL Contextual + ESM2,abmil_hc_cell_ext_embed_gated_8,abmil,esm,bulk,bulk_shared,cell_embeddings.pt,canonical_contextualized,abmil_hc_cell_ext_embed_gated_8__hp_lr0p0001_att256_do0_wd0p0001_selauprc_cw1__emb_esm,val_auprc_macro_mean,0.5840089962079846,0.0001,0.0001,512,300,50,42,6,5,0,8.0,256.0,0.0,0.0,linear,True,,,,
therapeutic_target,held_out,therapeutic_target_efo_0003767,Inflammatory bowel disease,s2gae_att_k1_fixed_do04_uni,ProtScape,s2gae_att_k1_fixed_do04_uni5e6,s2gae_att_k1_fixed_do04_uni5e6_paper_20260510,abmil8_pdl_hc_cell,ABMIL-PDL Contextual instances,abmil_hc_cell_gated_8_pdl,abmil,esm,bulk,bulk_shared,cell_embeddings.pt,canonical_contextualized,abmil_hc_cell_gated_8_pdl__hp_lr0p0001_att256_do0_pdl0p3_pdlimplnew_pdlprojidentity_pdlprojl2_wd0p0001_selauprc_cw1__emb_esm,val_auprc_macro_mean,0.6274293755042744,0.0001,0.0001,512,300,50,42,6,5,0,8.0,256.0,0.0,0.0,linear,True,0.3,identity,2.0,new
therapeutic_target,held_out,therapeutic_target_efo_0003767,Inflammatory bowel disease,s2gae_att_k1_fixed_do04_uni,ProtScape,s2gae_att_k1_fixed_do04_uni5e6,s2gae_att_k1_fixed_do04_uni5e6_paper_20260510,abmil8_pdl_id2_dropout,ABMIL-PDL Contextual + ESM2,abmil_hc_cell_ext_embed_gated_8_pdl,abmil,esm,bulk,bulk_shared,cell_embeddings.pt,canonical_contextualized,abmil_hc_cell_ext_embed_gated_8_pdl__hp_lr0p0001_att256_do0_pdl0p4_pdlimplnew_pdlprojidentity_pdlprojl2_wd0p0001_selauprc_cw1__emb_esm,val_auprc_macro_mean,0.6397679024986909,0.0001,0.0001,512,300,50,42,6,5,0,8.0,256.0,0.0,0.0,linear,True,0.4,identity,2.0,new
therapeutic_target,held_out,therapeutic_target_efo_0000685,Rheumatoid arthritis,lr_esm,ESM2,PINNACLE_model_globalsplit_ESM2_symmetric_PPI-True_GATv2_H64_lambda001_drop02_out32__ep150_bulk,PINNACLE_model_globalsplit_ESM2_symmetric_PPI-True_GATv2_H64_lambda001_drop02_out32__ep150_bulk,lr_esm,Linear probe ESM2 sequence,lr_ext_embed,linear,esm,bulk,bulk_shared,,not_used_sequence_only,lr_ext_embed__hp_lr0p0001_wd0p0001_selauprc_cw1__emb_esm,val_auprc_macro_mean,0.5485510273091104,0.0001,0.0001,512,300,50,42,6,5,0,,,,,linear,True,,,,
therapeutic_target,held_out,therapeutic_target_efo_0000685,Rheumatoid arthritis,lr_prostt5,ProstT5,PINNACLE_model_globalsplit_ESM2_symmetric_PPI-True_GATv2_H64_lambda001_drop02_out32__ep150_bulk,PINNACLE_model_globalsplit_ESM2_symmetric_PPI-True_GATv2_H64_lambda001_drop02_out32__ep150_bulk,lr_prostt5,Linear probe ProstT5 sequence,lr_ext_embed,linear,prostt5,bulk,bulk_shared,,not_used_sequence_only,lr_ext_embed__hp_lr0p0001_wd0p0001_selauprc_cw1__emb_prostt5,val_auprc_macro_mean,0.5141177578415299,0.0001,0.0001,512,300,50,42,6,5,0,,,,,linear,True,,,,
therapeutic_target,held_out,therapeutic_target_efo_0000685,Rheumatoid arthritis,pinnacle_random_fixed,Pinnacle,PINNACLE_model_globalsplit_random_symmetric_PPI-True_GATv2_H64_lambda001_drop02_out32__ep150_bulk,PINNACLE_model_globalsplit_random_symmetric_PPI-True_GATv2_H64_lambda001_drop02_out32__ep150_bulk,lr_hc_cell,Mean-pool LR Contextual instances,lr_hc_cell,linear,esm,bulk,bulk_shared,cell_embeddings.pt,canonical_contextualized,lr_hc_cell__hp_lr0p0001_wd0p0001_selauprc_cw1__emb_esm,val_auprc_macro_mean,0.2330617202351285,0.0001,0.0001,512,300,50,42,6,5,0,,,,,linear,True,,,,
therapeutic_target,held_out,therapeutic_target_efo_0000685,Rheumatoid arthritis,pinnacle_random_fixed,Pinnacle,PINNACLE_model_globalsplit_random_symmetric_PPI-True_GATv2_H64_lambda001_drop02_out32__ep150_bulk,PINNACLE_model_globalsplit_random_symmetric_PPI-True_GATv2_H64_lambda001_drop02_out32__ep150_bulk,lr_hc_cell_esm,Mean-pool LR Contextual + ESM2,lr_hc_cell_ext_embed,linear,esm,bulk,bulk_shared,cell_embeddings.pt,canonical_contextualized,lr_hc_cell_ext_embed__hp_lr0p0001_wd0p0001_selauprc_cw1__emb_esm,val_auprc_macro_mean,0.5512415042069743,0.0001,0.0001,512,300,50,42,6,5,0,,,,,linear,True,,,,
therapeutic_target,held_out,therapeutic_target_efo_0000685,Rheumatoid arthritis,pinnacle_random_fixed,Pinnacle,PINNACLE_model_globalsplit_random_symmetric_PPI-True_GATv2_H64_lambda001_drop02_out32__ep150_bulk,PINNACLE_model_globalsplit_random_symmetric_PPI-True_GATv2_H64_lambda001_drop02_out32__ep150_bulk,abmil8_hc_cell,ABMIL Contextual instances,abmil_hc_cell_gated_8,abmil,esm,bulk,bulk_shared,cell_embeddings.pt,canonical_contextualized,abmil_hc_cell_gated_8__hp_lr0p0001_att256_do0_wd0p0001_selauprc_cw1__emb_esm,val_auprc_macro_mean,0.2899018555262254,0.0001,0.0001,512,300,50,42,6,5,0,8.0,256.0,0.0,0.0,linear,True,,,,
therapeutic_target,held_out,therapeutic_target_efo_0000685,Rheumatoid arthritis,pinnacle_random_fixed,Pinnacle,PINNACLE_model_globalsplit_random_symmetric_PPI-True_GATv2_H64_lambda001_drop02_out32__ep150_bulk,PINNACLE_model_globalsplit_random_symmetric_PPI-True_GATv2_H64_lambda001_drop02_out32__ep150_bulk,abmil8,ABMIL Contextual + ESM2,abmil_hc_cell_ext_embed_gated_8,abmil,esm,bulk,bulk_shared,cell_embeddings.pt,canonical_contextualized,abmil_hc_cell_ext_embed_gated_8__hp_lr0p0001_att256_do0p4_wd0p0001_selauprc_cw1__emb_esm,val_auprc_macro_mean,0.559566641392658,0.0001,0.0001,512,300,50,42,6,5,0,8.0,256.0,0.4,0.0,linear,True,,,,
therapeutic_target,held_out,therapeutic_target_efo_0000685,Rheumatoid arthritis,pinnacle_random_fixed,Pinnacle,PINNACLE_model_globalsplit_random_symmetric_PPI-True_GATv2_H64_lambda001_drop02_out32__ep150_bulk,PINNACLE_model_globalsplit_random_symmetric_PPI-True_GATv2_H64_lambda001_drop02_out32__ep150_bulk,abmil8_pdl_hc_cell,ABMIL-PDL Contextual instances,abmil_hc_cell_gated_8_pdl,abmil,esm,bulk,bulk_shared,cell_embeddings.pt,canonical_contextualized,abmil_hc_cell_gated_8_pdl__hp_lr0p0001_att256_do0_pdl0p4_pdlimplnew_pdlprojidentity_pdlprojl2_wd0p0001_selauprc_cw1__emb_esm,val_auprc_macro_mean,0.3601631982729588,0.0001,0.0001,512,300,50,42,6,5,0,8.0,256.0,0.0,0.0,linear,True,0.4,identity,2.0,new
therapeutic_target,held_out,therapeutic_target_efo_0000685,Rheumatoid arthritis,pinnacle_random_fixed,Pinnacle,PINNACLE_model_globalsplit_random_symmetric_PPI-True_GATv2_H64_lambda001_drop02_out32__ep150_bulk,PINNACLE_model_globalsplit_random_symmetric_PPI-True_GATv2_H64_lambda001_drop02_out32__ep150_bulk,abmil8_pdl_id2_dropout,ABMIL-PDL Contextual + ESM2,abmil_hc_cell_ext_embed_gated_8_pdl,abmil,esm,bulk,bulk_shared,cell_embeddings.pt,canonical_contextualized,abmil_hc_cell_ext_embed_gated_8_pdl__hp_lr0p0001_att256_do0_pdl0p4_pdlimplnew_pdlprojidentity_pdlprojl2_wd0p0001_selauprc_cw1__emb_esm,val_auprc_macro_mean,0.5940940636323317,0.0001,0.0001,512,300,50,42,6,5,0,8.0,256.0,0.0,0.0,linear,True,0.4,identity,2.0,new
therapeutic_target,held_out,therapeutic_target_efo_0000685,Rheumatoid arthritis,pinnacle_esm_fixed,Pinnacle-ESM2 (GAT),PINNACLE_model_globalsplit_ESM2_symmetric_PPI-True_GATv2_H64_lambda001_drop02_out32__ep150_bulk,PINNACLE_model_globalsplit_ESM2_symmetric_PPI-True_GATv2_H64_lambda001_drop02_out32__ep150_bulk,lr_hc_cell,Mean-pool LR Contextual instances,lr_hc_cell,linear,esm,bulk,bulk_shared,cell_embeddings.pt,canonical_contextualized,lr_hc_cell__hp_lr0p0001_wd0p0001_selauprc_cw1__emb_esm,val_auprc_macro_mean,0.2609522407374951,0.0001,0.0001,512,300,50,42,6,5,0,,,,,linear,True,,,,
therapeutic_target,held_out,therapeutic_target_efo_0000685,Rheumatoid arthritis,pinnacle_esm_fixed,Pinnacle-ESM2 (GAT),PINNACLE_model_globalsplit_ESM2_symmetric_PPI-True_GATv2_H64_lambda001_drop02_out32__ep150_bulk,PINNACLE_model_globalsplit_ESM2_symmetric_PPI-True_GATv2_H64_lambda001_drop02_out32__ep150_bulk,lr_hc_cell_esm,Mean-pool LR Contextual + ESM2,lr_hc_cell_ext_embed,linear,esm,bulk,bulk_shared,cell_embeddings.pt,canonical_contextualized,lr_hc_cell_ext_embed__hp_lr0p0001_wd0p0001_selauprc_cw1__emb_esm,val_auprc_macro_mean,0.5774661199755581,0.0001,0.0001,512,300,50,42,6,5,0,,,,,linear,True,,,,
therapeutic_target,held_out,therapeutic_target_efo_0000685,Rheumatoid arthritis,pinnacle_esm_fixed,Pinnacle-ESM2 (GAT),PINNACLE_model_globalsplit_ESM2_symmetric_PPI-True_GATv2_H64_lambda001_drop02_out32__ep150_bulk,PINNACLE_model_globalsplit_ESM2_symmetric_PPI-True_GATv2_H64_lambda001_drop02_out32__ep150_bulk,abmil8_hc_cell,ABMIL Contextual instances,abmil_hc_cell_gated_8,abmil,esm,bulk,bulk_shared,cell_embeddings.pt,canonical_contextualized,abmil_hc_cell_gated_8__hp_lr0p0001_att256_do0p4_wd0p0001_selauprc_cw1__emb_esm,val_auprc_macro_mean,0.313044028237681,0.0001,0.0001,512,300,50,42,6,5,0,8.0,256.0,0.4,0.0,linear,True,,,,
therapeutic_target,held_out,therapeutic_target_efo_0000685,Rheumatoid arthritis,pinnacle_esm_fixed,Pinnacle-ESM2 (GAT),PINNACLE_model_globalsplit_ESM2_symmetric_PPI-True_GATv2_H64_lambda001_drop02_out32__ep150_bulk,PINNACLE_model_globalsplit_ESM2_symmetric_PPI-True_GATv2_H64_lambda001_drop02_out32__ep150_bulk,abmil8,ABMIL Contextual + ESM2,abmil_hc_cell_ext_embed_gated_8,abmil,esm,bulk,bulk_shared,cell_embeddings.pt,canonical_contextualized,abmil_hc_cell_ext_embed_gated_8__hp_lr0p0001_att256_do0p4_wd0p0001_selauprc_cw1__emb_esm,val_auprc_macro_mean,0.5617792128664222,0.0001,0.0001,512,300,50,42,6,5,0,8.0,256.0,0.4,0.0,linear,True,,,,
therapeutic_target,held_out,therapeutic_target_efo_0000685,Rheumatoid arthritis,pinnacle_esm_fixed,Pinnacle-ESM2 (GAT),PINNACLE_model_globalsplit_ESM2_symmetric_PPI-True_GATv2_H64_lambda001_drop02_out32__ep150_bulk,PINNACLE_model_globalsplit_ESM2_symmetric_PPI-True_GATv2_H64_lambda001_drop02_out32__ep150_bulk,abmil8_pdl_hc_cell,ABMIL-PDL Contextual instances,abmil_hc_cell_gated_8_pdl,abmil,esm,bulk,bulk_shared,cell_embeddings.pt,canonical_contextualized,abmil_hc_cell_gated_8_pdl__hp_lr0p0001_att256_do0_pdl0p4_pdlimplnew_pdlprojidentity_pdlprojl2_wd0p0001_selauprc_cw1__emb_esm,val_auprc_macro_mean,0.3341396281610378,0.0001,0.0001,512,300,50,42,6,5,0,8.0,256.0,0.0,0.0,linear,True,0.4,identity,2.0,new
therapeutic_target,held_out,therapeutic_target_efo_0000685,Rheumatoid arthritis,pinnacle_esm_fixed,Pinnacle-ESM2 (GAT),PINNACLE_model_globalsplit_ESM2_symmetric_PPI-True_GATv2_H64_lambda001_drop02_out32__ep150_bulk,PINNACLE_model_globalsplit_ESM2_symmetric_PPI-True_GATv2_H64_lambda001_drop02_out32__ep150_bulk,abmil8_pdl_id2_dropout,ABMIL-PDL Contextual + ESM2,abmil_hc_cell_ext_embed_gated_8_pdl,abmil,esm,bulk,bulk_shared,cell_embeddings.pt,canonical_contextualized,abmil_hc_cell_ext_embed_gated_8_pdl__hp_lr0p0001_att256_do0_pdl0p7_pdlimplnew_pdlprojidentity_pdlprojl2_wd0p0001_selauprc_cw1__emb_esm,val_auprc_macro_mean,0.5838853180898248,0.0001,0.0001,512,300,50,42,6,5,0,8.0,256.0,0.0,0.0,linear,True,0.7,identity,2.0,new
therapeutic_target,held_out,therapeutic_target_efo_0000685,Rheumatoid arthritis,pinnacle_esm2_acm,Pinnacle-ESM2 (ACM),PINNACLE_model_globalsplit_ESM2_symmetric_PPI-True_ACM_RandomWalk_H64_lambda001_drop02_out64__ep150_bulk,PINNACLE_model_globalsplit_ESM2_symmetric_PPI-True_ACM_RandomWalk_H64_lambda001_drop02_out64__ep150_bulk,lr_hc_cell,Mean-pool LR Contextual instances,lr_hc_cell,linear,esm,bulk,bulk_shared,cell_embeddings.pt,canonical_contextualized,lr_hc_cell__hp_lr0p0001_wd0p0001_selauprc_cw1__emb_esm,val_auprc_macro_mean,0.2487072605719373,0.0001,0.0001,512,300,50,42,6,5,0,,,,,linear,True,,,,
therapeutic_target,held_out,therapeutic_target_efo_0000685,Rheumatoid arthritis,pinnacle_esm2_acm,Pinnacle-ESM2 (ACM),PINNACLE_model_globalsplit_ESM2_symmetric_PPI-True_ACM_RandomWalk_H64_lambda001_drop02_out64__ep150_bulk,PINNACLE_model_globalsplit_ESM2_symmetric_PPI-True_ACM_RandomWalk_H64_lambda001_drop02_out64__ep150_bulk,lr_hc_cell_esm,Mean-pool LR Contextual + ESM2,lr_hc_cell_ext_embed,linear,esm,bulk,bulk_shared,cell_embeddings.pt,canonical_contextualized,lr_hc_cell_ext_embed__hp_lr0p0001_wd0p0001_selauprc_cw1__emb_esm,val_auprc_macro_mean,0.5650973097039435,0.0001,0.0001,512,300,50,42,6,5,0,,,,,linear,True,,,,
therapeutic_target,held_out,therapeutic_target_efo_0000685,Rheumatoid arthritis,pinnacle_esm2_acm,Pinnacle-ESM2 (ACM),PINNACLE_model_globalsplit_ESM2_symmetric_PPI-True_ACM_RandomWalk_H64_lambda001_drop02_out64__ep150_bulk,PINNACLE_model_globalsplit_ESM2_symmetric_PPI-True_ACM_RandomWalk_H64_lambda001_drop02_out64__ep150_bulk,abmil8_hc_cell,ABMIL Contextual instances,abmil_hc_cell_gated_8,abmil,esm,bulk,bulk_shared,cell_embeddings.pt,canonical_contextualized,abmil_hc_cell_gated_8__hp_lr0p0001_att256_do0p6_wd0p0001_selauprc_cw1__emb_esm,val_auprc_macro_mean,0.3011475446647437,0.0001,0.0001,512,300,50,42,6,5,0,8.0,256.0,0.6,0.0,linear,True,,,,
therapeutic_target,held_out,therapeutic_target_efo_0000685,Rheumatoid arthritis,pinnacle_esm2_acm,Pinnacle-ESM2 (ACM),PINNACLE_model_globalsplit_ESM2_symmetric_PPI-True_ACM_RandomWalk_H64_lambda001_drop02_out64__ep150_bulk,PINNACLE_model_globalsplit_ESM2_symmetric_PPI-True_ACM_RandomWalk_H64_lambda001_drop02_out64__ep150_bulk,abmil8,ABMIL Contextual + ESM2,abmil_hc_cell_ext_embed_gated_8,abmil,esm,bulk,bulk_shared,cell_embeddings.pt,canonical_contextualized,abmil_hc_cell_ext_embed_gated_8__hp_lr0p0001_att256_do0p2_wd0p0001_selauprc_cw1__emb_esm,val_auprc_macro_mean,0.5588602516563536,0.0001,0.0001,512,300,50,42,6,5,0,8.0,256.0,0.2,0.0,linear,True,,,,
therapeutic_target,held_out,therapeutic_target_efo_0000685,Rheumatoid arthritis,pinnacle_esm2_acm,Pinnacle-ESM2 (ACM),PINNACLE_model_globalsplit_ESM2_symmetric_PPI-True_ACM_RandomWalk_H64_lambda001_drop02_out64__ep150_bulk,PINNACLE_model_globalsplit_ESM2_symmetric_PPI-True_ACM_RandomWalk_H64_lambda001_drop02_out64__ep150_bulk,abmil8_pdl_hc_cell,ABMIL-PDL Contextual instances,abmil_hc_cell_gated_8_pdl,abmil,esm,bulk,bulk_shared,cell_embeddings.pt,canonical_contextualized,abmil_hc_cell_gated_8_pdl__hp_lr0p0001_att256_do0_pdl0p2_pdlimplnew_pdlprojidentity_pdlprojl2_wd0p0001_selauprc_cw1__emb_esm,val_auprc_macro_mean,0.295387505287967,0.0001,0.0001,512,300,50,42,6,5,0,8.0,256.0,0.0,0.0,linear,True,0.2,identity,2.0,new
therapeutic_target,held_out,therapeutic_target_efo_0000685,Rheumatoid arthritis,pinnacle_esm2_acm,Pinnacle-ESM2 (ACM),PINNACLE_model_globalsplit_ESM2_symmetric_PPI-True_ACM_RandomWalk_H64_lambda001_drop02_out64__ep150_bulk,PINNACLE_model_globalsplit_ESM2_symmetric_PPI-True_ACM_RandomWalk_H64_lambda001_drop02_out64__ep150_bulk,abmil8_pdl_id2_dropout,ABMIL-PDL Contextual + ESM2,abmil_hc_cell_ext_embed_gated_8_pdl,abmil,esm,bulk,bulk_shared,cell_embeddings.pt,canonical_contextualized,abmil_hc_cell_ext_embed_gated_8_pdl__hp_lr0p0001_att256_do0_pdl0p6_pdlimplnew_pdlprojidentity_pdlprojl2_wd0p0001_selauprc_cw1__emb_esm,val_auprc_macro_mean,0.5866102142102243,0.0001,0.0001,512,300,50,42,6,5,0,8.0,256.0,0.0,0.0,linear,True,0.6,identity,2.0,new
therapeutic_target,held_out,therapeutic_target_efo_0000685,Rheumatoid arthritis,gae_att_fixed_do06,ProtScape-GAE,gae_att_fixed_do06_ep300,gae_att_fixed_do06_ep300,lr_hc_cell,Mean-pool LR Contextual instances,lr_hc_cell,linear,esm,bulk,bulk_shared,cell_embeddings.pt,canonical_contextualized,lr_hc_cell__hp_lr0p0001_wd0p0001_selauprc_cw1__emb_esm,val_auprc_macro_mean,0.2975241517510584,0.0001,0.0001,512,300,50,42,6,5,0,,,,,linear,True,,,,
therapeutic_target,held_out,therapeutic_target_efo_0000685,Rheumatoid arthritis,gae_att_fixed_do06,ProtScape-GAE,gae_att_fixed_do06_ep300,gae_att_fixed_do06_ep300,lr_hc_cell_esm,Mean-pool LR Contextual + ESM2,lr_hc_cell_ext_embed,linear,esm,bulk,bulk_shared,cell_embeddings.pt,canonical_contextualized,lr_hc_cell_ext_embed__hp_lr0p0001_wd0p0001_selauprc_cw1__emb_esm,val_auprc_macro_mean,0.5265471017350001,0.0001,0.0001,512,300,50,42,6,5,0,,,,,linear,True,,,,
therapeutic_target,held_out,therapeutic_target_efo_0000685,Rheumatoid arthritis,gae_att_fixed_do06,ProtScape-GAE,gae_att_fixed_do06_ep300,gae_att_fixed_do06_ep300,abmil8_hc_cell,ABMIL Contextual instances,abmil_hc_cell_gated_8,abmil,esm,bulk,bulk_shared,cell_embeddings.pt,canonical_contextualized,abmil_hc_cell_gated_8__hp_lr0p0001_att256_do0p2_wd0p0001_selauprc_cw1__emb_esm,val_auprc_macro_mean,0.4680146662824123,0.0001,0.0001,512,300,50,42,6,5,0,8.0,256.0,0.2,0.0,linear,True,,,,
therapeutic_target,held_out,therapeutic_target_efo_0000685,Rheumatoid arthritis,gae_att_fixed_do06,ProtScape-GAE,gae_att_fixed_do06_ep300,gae_att_fixed_do06_ep300,abmil8,ABMIL Contextual + ESM2,abmil_hc_cell_ext_embed_gated_8,abmil,esm,bulk,bulk_shared,cell_embeddings.pt,canonical_contextualized,abmil_hc_cell_ext_embed_gated_8__hp_lr0p0001_att256_do0p2_wd0p0001_selauprc_cw1__emb_esm,val_auprc_macro_mean,0.5150936220630418,0.0001,0.0001,512,300,50,42,6,5,0,8.0,256.0,0.2,0.0,linear,True,,,,
therapeutic_target,held_out,therapeutic_target_efo_0000685,Rheumatoid arthritis,gae_att_fixed_do06,ProtScape-GAE,gae_att_fixed_do06_ep300,gae_att_fixed_do06_ep300,abmil8_pdl_hc_cell,ABMIL-PDL Contextual instances,abmil_hc_cell_gated_8_pdl,abmil,esm,bulk,bulk_shared,cell_embeddings.pt,canonical_contextualized,abmil_hc_cell_gated_8_pdl__hp_lr0p0001_att256_do0_pdl0p4_pdlimplnew_pdlprojidentity_pdlprojl2_wd0p0001_selauprc_cw1__emb_esm,val_auprc_macro_mean,0.5110089429213664,0.0001,0.0001,512,300,50,42,6,5,0,8.0,256.0,0.0,0.0,linear,True,0.4,identity,2.0,new
therapeutic_target,held_out,therapeutic_target_efo_0000685,Rheumatoid arthritis,gae_att_fixed_do06,ProtScape-GAE,gae_att_fixed_do06_ep300,gae_att_fixed_do06_ep300,abmil8_pdl_id2_dropout,ABMIL-PDL Contextual + ESM2,abmil_hc_cell_ext_embed_gated_8_pdl,abmil,esm,bulk,bulk_shared,cell_embeddings.pt,canonical_contextualized,abmil_hc_cell_ext_embed_gated_8_pdl__hp_lr0p0001_att256_do0_pdl0p4_pdlimplnew_pdlprojidentity_pdlprojl2_wd0p0001_selauprc_cw1__emb_esm,val_auprc_macro_mean,0.5630912692768135,0.0001,0.0001,512,300,50,42,6,5,0,8.0,256.0,0.0,0.0,linear,True,0.4,identity,2.0,new
therapeutic_target,held_out,therapeutic_target_efo_0000685,Rheumatoid arthritis,s2gae_att_k1_fixed_do04_uni,ProtScape,s2gae_att_k1_fixed_do04_uni5e6,s2gae_att_k1_fixed_do04_uni5e6_paper_20260510,lr_hc_cell,Mean-pool LR Contextual instances,lr_hc_cell,linear,esm,bulk,bulk_shared,cell_embeddings.pt,canonical_contextualized,lr_hc_cell__hp_lr0p0001_wd0p0001_selauprc_cw1__emb_esm,val_auprc_macro_mean,0.5475333314022655,0.0001,0.0001,512,300,50,42,6,5,0,,,,,linear,True,,,,
therapeutic_target,held_out,therapeutic_target_efo_0000685,Rheumatoid arthritis,s2gae_att_k1_fixed_do04_uni,ProtScape,s2gae_att_k1_fixed_do04_uni5e6,s2gae_att_k1_fixed_do04_uni5e6_paper_20260510,lr_hc_cell_esm,Mean-pool LR Contextual + ESM2,lr_hc_cell_ext_embed,linear,esm,bulk,bulk_shared,cell_embeddings.pt,canonical_contextualized,lr_hc_cell_ext_embed__hp_lr0p0001_wd0p0001_selauprc_cw1__emb_esm,val_auprc_macro_mean,0.6218645886789881,0.0001,0.0001,512,300,50,42,6,5,0,,,,,linear,True,,,,
therapeutic_target,held_out,therapeutic_target_efo_0000685,Rheumatoid arthritis,s2gae_att_k1_fixed_do04_uni,ProtScape,s2gae_att_k1_fixed_do04_uni5e6,s2gae_att_k1_fixed_do04_uni5e6_paper_20260510,abmil8_hc_cell,ABMIL Contextual instances,abmil_hc_cell_gated_8,abmil,esm,bulk,bulk_shared,cell_embeddings.pt,canonical_contextualized,abmil_hc_cell_gated_8__hp_lr0p0001_att256_do0_wd0p0001_selauprc_cw1__emb_esm,val_auprc_macro_mean,0.567815086141881,0.0001,0.0001,512,300,50,42,6,5,0,8.0,256.0,0.0,0.0,linear,True,,,,
therapeutic_target,held_out,therapeutic_target_efo_0000685,Rheumatoid arthritis,s2gae_att_k1_fixed_do04_uni,ProtScape,s2gae_att_k1_fixed_do04_uni5e6,s2gae_att_k1_fixed_do04_uni5e6_paper_20260510,abmil8,ABMIL Contextual + ESM2,abmil_hc_cell_ext_embed_gated_8,abmil,esm,bulk,bulk_shared,cell_embeddings.pt,canonical_contextualized,abmil_hc_cell_ext_embed_gated_8__hp_lr0p0001_att256_do0p2_wd0p0001_selauprc_cw1__emb_esm,val_auprc_macro_mean,0.6004920303880391,0.0001,0.0001,512,300,50,42,6,5,0,8.0,256.0,0.2,0.0,linear,True,,,,
therapeutic_target,held_out,therapeutic_target_efo_0000685,Rheumatoid arthritis,s2gae_att_k1_fixed_do04_uni,ProtScape,s2gae_att_k1_fixed_do04_uni5e6,s2gae_att_k1_fixed_do04_uni5e6_paper_20260510,abmil8_pdl_hc_cell,ABMIL-PDL Contextual instances,abmil_hc_cell_gated_8_pdl,abmil,esm,bulk,bulk_shared,cell_embeddings.pt,canonical_contextualized,abmil_hc_cell_gated_8_pdl__hp_lr0p0001_att256_do0_pdl0p5_pdlimplnew_pdlprojidentity_pdlprojl2_wd0p0001_selauprc_cw1__emb_esm,val_auprc_macro_mean,0.6129995971403656,0.0001,0.0001,512,300,50,42,6,5,0,8.0,256.0,0.0,0.0,linear,True,0.5,identity,2.0,new
therapeutic_target,held_out,therapeutic_target_efo_0000685,Rheumatoid arthritis,s2gae_att_k1_fixed_do04_uni,ProtScape,s2gae_att_k1_fixed_do04_uni5e6,s2gae_att_k1_fixed_do04_uni5e6_paper_20260510,abmil8_pdl_id2_dropout,ABMIL-PDL Contextual + ESM2,abmil_hc_cell_ext_embed_gated_8_pdl,abmil,esm,bulk,bulk_shared,cell_embeddings.pt,canonical_contextualized,abmil_hc_cell_ext_embed_gated_8_pdl__hp_lr0p0001_att256_do0_pdl0p5_pdlimplnew_pdlprojidentity_pdlprojl2_wd0p0001_selauprc_cw1__emb_esm,val_auprc_macro_mean,0.6292432647357916,0.0001,0.0001,512,300,50,42,6,5,0,8.0,256.0,0.0,0.0,linear,True,0.5,identity,2.0,new
therapeutic_target,held_out,therapeutic_target_efo_0000305,Breast carcinoma,lr_esm,ESM2,PINNACLE_model_globalsplit_ESM2_symmetric_PPI-True_GATv2_H64_lambda001_drop02_out32__ep150_bulk,PINNACLE_model_globalsplit_ESM2_symmetric_PPI-True_GATv2_H64_lambda001_drop02_out32__ep150_bulk,lr_esm,Linear probe ESM2 sequence,lr_ext_embed,linear,esm,bulk,bulk_shared,,not_used_sequence_only,lr_ext_embed__hp_lr0p0001_wd0p0001_selauprc_cw1__emb_esm,val_auprc_macro_mean,0.6844510601896188,0.0001,0.0001,512,300,50,42,6,5,0,,,,,linear,True,,,,
therapeutic_target,held_out,therapeutic_target_efo_0000305,Breast carcinoma,lr_prostt5,ProstT5,PINNACLE_model_globalsplit_ESM2_symmetric_PPI-True_GATv2_H64_lambda001_drop02_out32__ep150_bulk,PINNACLE_model_globalsplit_ESM2_symmetric_PPI-True_GATv2_H64_lambda001_drop02_out32__ep150_bulk,lr_prostt5,Linear probe ProstT5 sequence,lr_ext_embed,linear,prostt5,bulk,bulk_shared,,not_used_sequence_only,lr_ext_embed__hp_lr0p0001_wd0p0001_selauprc_cw1__emb_prostt5,val_auprc_macro_mean,0.667640157448689,0.0001,0.0001,512,300,50,42,6,5,0,,,,,linear,True,,,,
therapeutic_target,held_out,therapeutic_target_efo_0000305,Breast carcinoma,pinnacle_random_fixed,Pinnacle,PINNACLE_model_globalsplit_random_symmetric_PPI-True_GATv2_H64_lambda001_drop02_out32__ep150_bulk,PINNACLE_model_globalsplit_random_symmetric_PPI-True_GATv2_H64_lambda001_drop02_out32__ep150_bulk,lr_hc_cell,Mean-pool LR Contextual instances,lr_hc_cell,linear,esm,bulk,bulk_shared,cell_embeddings.pt,canonical_contextualized,lr_hc_cell__hp_lr0p0001_wd0p0001_selauprc_cw1__emb_esm,val_auprc_macro_mean,0.4054280677380648,0.0001,0.0001,512,300,50,42,6,5,0,,,,,linear,True,,,,
therapeutic_target,held_out,therapeutic_target_efo_0000305,Breast carcinoma,pinnacle_random_fixed,Pinnacle,PINNACLE_model_globalsplit_random_symmetric_PPI-True_GATv2_H64_lambda001_drop02_out32__ep150_bulk,PINNACLE_model_globalsplit_random_symmetric_PPI-True_GATv2_H64_lambda001_drop02_out32__ep150_bulk,lr_hc_cell_esm,Mean-pool LR Contextual + ESM2,lr_hc_cell_ext_embed,linear,esm,bulk,bulk_shared,cell_embeddings.pt,canonical_contextualized,lr_hc_cell_ext_embed__hp_lr0p0001_wd0p0001_selauprc_cw1__emb_esm,val_auprc_macro_mean,0.7186362018984263,0.0001,0.0001,512,300,50,42,6,5,0,,,,,linear,True,,,,
therapeutic_target,held_out,therapeutic_target_efo_0000305,Breast carcinoma,pinnacle_random_fixed,Pinnacle,PINNACLE_model_globalsplit_random_symmetric_PPI-True_GATv2_H64_lambda001_drop02_out32__ep150_bulk,PINNACLE_model_globalsplit_random_symmetric_PPI-True_GATv2_H64_lambda001_drop02_out32__ep150_bulk,abmil8_hc_cell,ABMIL Contextual instances,abmil_hc_cell_gated_8,abmil,esm,bulk,bulk_shared,cell_embeddings.pt,canonical_contextualized,abmil_hc_cell_gated_8__hp_lr0p0001_att256_do0p4_wd0p0001_selauprc_cw1__emb_esm,val_auprc_macro_mean,0.6001138945356299,0.0001,0.0001,512,300,50,42,6,5,0,8.0,256.0,0.4,0.0,linear,True,,,,
therapeutic_target,held_out,therapeutic_target_efo_0000305,Breast carcinoma,pinnacle_random_fixed,Pinnacle,PINNACLE_model_globalsplit_random_symmetric_PPI-True_GATv2_H64_lambda001_drop02_out32__ep150_bulk,PINNACLE_model_globalsplit_random_symmetric_PPI-True_GATv2_H64_lambda001_drop02_out32__ep150_bulk,abmil8,ABMIL Contextual + ESM2,abmil_hc_cell_ext_embed_gated_8,abmil,esm,bulk,bulk_shared,cell_embeddings.pt,canonical_contextualized,abmil_hc_cell_ext_embed_gated_8__hp_lr0p0001_att256_do0p4_wd0p0001_selauprc_cw1__emb_esm,val_auprc_macro_mean,0.7426814582572729,0.0001,0.0001,512,300,50,42,6,5,0,8.0,256.0,0.4,0.0,linear,True,,,,
therapeutic_target,held_out,therapeutic_target_efo_0000305,Breast carcinoma,pinnacle_random_fixed,Pinnacle,PINNACLE_model_globalsplit_random_symmetric_PPI-True_GATv2_H64_lambda001_drop02_out32__ep150_bulk,PINNACLE_model_globalsplit_random_symmetric_PPI-True_GATv2_H64_lambda001_drop02_out32__ep150_bulk,abmil8_pdl_hc_cell,ABMIL-PDL Contextual instances,abmil_hc_cell_gated_8_pdl,abmil,esm,bulk,bulk_shared,cell_embeddings.pt,canonical_contextualized,abmil_hc_cell_gated_8_pdl__hp_lr0p0001_att256_do0_pdl0p4_pdlimplnew_pdlprojidentity_pdlprojl2_wd0p0001_selauprc_cw1__emb_esm,val_auprc_macro_mean,0.7257984419691095,0.0001,0.0001,512,300,50,42,6,5,0,8.0,256.0,0.0,0.0,linear,True,0.4,identity,2.0,new
therapeutic_target,held_out,therapeutic_target_efo_0000305,Breast carcinoma,pinnacle_random_fixed,Pinnacle,PINNACLE_model_globalsplit_random_symmetric_PPI-True_GATv2_H64_lambda001_drop02_out32__ep150_bulk,PINNACLE_model_globalsplit_random_symmetric_PPI-True_GATv2_H64_lambda001_drop02_out32__ep150_bulk,abmil8_pdl_id2_dropout,ABMIL-PDL Contextual + ESM2,abmil_hc_cell_ext_embed_gated_8_pdl,abmil,esm,bulk,bulk_shared,cell_embeddings.pt,canonical_contextualized,abmil_hc_cell_ext_embed_gated_8_pdl__hp_lr0p0001_att256_do0_pdl0p4_pdlimplnew_pdlprojidentity_pdlprojl2_wd0p0001_selauprc_cw1__emb_esm,val_auprc_macro_mean,0.752464178260052,0.0001,0.0001,512,300,50,42,6,5,0,8.0,256.0,0.0,0.0,linear,True,0.4,identity,2.0,new
therapeutic_target,held_out,therapeutic_target_efo_0000305,Breast carcinoma,pinnacle_esm_fixed,Pinnacle-ESM2 (GAT),PINNACLE_model_globalsplit_ESM2_symmetric_PPI-True_GATv2_H64_lambda001_drop02_out32__ep150_bulk,PINNACLE_model_globalsplit_ESM2_symmetric_PPI-True_GATv2_H64_lambda001_drop02_out32__ep150_bulk,lr_hc_cell,Mean-pool LR Contextual instances,lr_hc_cell,linear,esm,bulk,bulk_shared,cell_embeddings.pt,canonical_contextualized,lr_hc_cell__hp_lr0p0001_wd0p0001_selauprc_cw1__emb_esm,val_auprc_macro_mean,0.3974293039999965,0.0001,0.0001,512,300,50,42,6,5,0,,,,,linear,True,,,,
therapeutic_target,held_out,therapeutic_target_efo_0000305,Breast carcinoma,pinnacle_esm_fixed,Pinnacle-ESM2 (GAT),PINNACLE_model_globalsplit_ESM2_symmetric_PPI-True_GATv2_H64_lambda001_drop02_out32__ep150_bulk,PINNACLE_model_globalsplit_ESM2_symmetric_PPI-True_GATv2_H64_lambda001_drop02_out32__ep150_bulk,lr_hc_cell_esm,Mean-pool LR Contextual + ESM2,lr_hc_cell_ext_embed,linear,esm,bulk,bulk_shared,cell_embeddings.pt,canonical_contextualized,lr_hc_cell_ext_embed__hp_lr0p0001_wd0p0001_selauprc_cw1__emb_esm,val_auprc_macro_mean,0.706914940107352,0.0001,0.0001,512,300,50,42,6,5,0,,,,,linear,True,,,,
therapeutic_target,held_out,therapeutic_target_efo_0000305,Breast carcinoma,pinnacle_esm_fixed,Pinnacle-ESM2 (GAT),PINNACLE_model_globalsplit_ESM2_symmetric_PPI-True_GATv2_H64_lambda001_drop02_out32__ep150_bulk,PINNACLE_model_globalsplit_ESM2_symmetric_PPI-True_GATv2_H64_lambda001_drop02_out32__ep150_bulk,abmil8_hc_cell,ABMIL Contextual instances,abmil_hc_cell_gated_8,abmil,esm,bulk,bulk_shared,cell_embeddings.pt,canonical_contextualized,abmil_hc_cell_gated_8__hp_lr0p0001_att256_do0_wd0p0001_selauprc_cw1__emb_esm,val_auprc_macro_mean,0.5390921254356269,0.0001,0.0001,512,300,50,42,6,5,0,8.0,256.0,0.0,0.0,linear,True,,,,
therapeutic_target,held_out,therapeutic_target_efo_0000305,Breast carcinoma,pinnacle_esm_fixed,Pinnacle-ESM2 (GAT),PINNACLE_model_globalsplit_ESM2_symmetric_PPI-True_GATv2_H64_lambda001_drop02_out32__ep150_bulk,PINNACLE_model_globalsplit_ESM2_symmetric_PPI-True_GATv2_H64_lambda001_drop02_out32__ep150_bulk,abmil8,ABMIL Contextual + ESM2,abmil_hc_cell_ext_embed_gated_8,abmil,esm,bulk,bulk_shared,cell_embeddings.pt,canonical_contextualized,abmil_hc_cell_ext_embed_gated_8__hp_lr0p0001_att256_do0p2_wd0p0001_selauprc_cw1__emb_esm,val_auprc_macro_mean,0.7447132009995737,0.0001,0.0001,512,300,50,42,6,5,0,8.0,256.0,0.2,0.0,linear,True,,,,
therapeutic_target,held_out,therapeutic_target_efo_0000305,Breast carcinoma,pinnacle_esm_fixed,Pinnacle-ESM2 (GAT),PINNACLE_model_globalsplit_ESM2_symmetric_PPI-True_GATv2_H64_lambda001_drop02_out32__ep150_bulk,PINNACLE_model_globalsplit_ESM2_symmetric_PPI-True_GATv2_H64_lambda001_drop02_out32__ep150_bulk,abmil8_pdl_hc_cell,ABMIL-PDL Contextual instances,abmil_hc_cell_gated_8_pdl,abmil,esm,bulk,bulk_shared,cell_embeddings.pt,canonical_contextualized,abmil_hc_cell_gated_8_pdl__hp_lr0p0001_att256_do0_pdl0p6_pdlimplnew_pdlprojidentity_pdlprojl2_wd0p0001_selauprc_cw1__emb_esm,val_auprc_macro_mean,0.6806289451488894,0.0001,0.0001,512,300,50,42,6,5,0,8.0,256.0,0.0,0.0,linear,True,0.6,identity,2.0,new
therapeutic_target,held_out,therapeutic_target_efo_0000305,Breast carcinoma,pinnacle_esm_fixed,Pinnacle-ESM2 (GAT),PINNACLE_model_globalsplit_ESM2_symmetric_PPI-True_GATv2_H64_lambda001_drop02_out32__ep150_bulk,PINNACLE_model_globalsplit_ESM2_symmetric_PPI-True_GATv2_H64_lambda001_drop02_out32__ep150_bulk,abmil8_pdl_id2_dropout,ABMIL-PDL Contextual + ESM2,abmil_hc_cell_ext_embed_gated_8_pdl,abmil,esm,bulk,bulk_shared,cell_embeddings.pt,canonical_contextualized,abmil_hc_cell_ext_embed_gated_8_pdl__hp_lr0p0001_att256_do0_pdl0p2_pdlimplnew_pdlprojidentity_pdlprojl2_wd0p0001_selauprc_cw1__emb_esm,val_auprc_macro_mean,0.7365344891721008,0.0001,0.0001,512,300,50,42,6,5,0,8.0,256.0,0.0,0.0,linear,True,0.2,identity,2.0,new
therapeutic_target,held_out,therapeutic_target_efo_0000305,Breast carcinoma,pinnacle_esm2_acm,Pinnacle-ESM2 (ACM),PINNACLE_model_globalsplit_ESM2_symmetric_PPI-True_ACM_RandomWalk_H64_lambda001_drop02_out64__ep150_bulk,PINNACLE_model_globalsplit_ESM2_symmetric_PPI-True_ACM_RandomWalk_H64_lambda001_drop02_out64__ep150_bulk,lr_hc_cell,Mean-pool LR Contextual instances,lr_hc_cell,linear,esm,bulk,bulk_shared,cell_embeddings.pt,canonical_contextualized,lr_hc_cell__hp_lr0p0001_wd0p0001_selauprc_cw1__emb_esm,val_auprc_macro_mean,0.3442319415388651,0.0001,0.0001,512,300,50,42,6,5,0,,,,,linear,True,,,,
therapeutic_target,held_out,therapeutic_target_efo_0000305,Breast carcinoma,pinnacle_esm2_acm,Pinnacle-ESM2 (ACM),PINNACLE_model_globalsplit_ESM2_symmetric_PPI-True_ACM_RandomWalk_H64_lambda001_drop02_out64__ep150_bulk,PINNACLE_model_globalsplit_ESM2_symmetric_PPI-True_ACM_RandomWalk_H64_lambda001_drop02_out64__ep150_bulk,lr_hc_cell_esm,Mean-pool LR Contextual + ESM2,lr_hc_cell_ext_embed,linear,esm,bulk,bulk_shared,cell_embeddings.pt,canonical_contextualized,lr_hc_cell_ext_embed__hp_lr0p0001_wd0p0001_selauprc_cw1__emb_esm,val_auprc_macro_mean,0.718923535690555,0.0001,0.0001,512,300,50,42,6,5,0,,,,,linear,True,,,,
therapeutic_target,held_out,therapeutic_target_efo_0000305,Breast carcinoma,pinnacle_esm2_acm,Pinnacle-ESM2 (ACM),PINNACLE_model_globalsplit_ESM2_symmetric_PPI-True_ACM_RandomWalk_H64_lambda001_drop02_out64__ep150_bulk,PINNACLE_model_globalsplit_ESM2_symmetric_PPI-True_ACM_RandomWalk_H64_lambda001_drop02_out64__ep150_bulk,abmil8_hc_cell,ABMIL Contextual instances,abmil_hc_cell_gated_8,abmil,esm,bulk,bulk_shared,cell_embeddings.pt,canonical_contextualized,abmil_hc_cell_gated_8__hp_lr0p0001_att256_do0_wd0p0001_selauprc_cw1__emb_esm,val_auprc_macro_mean,0.4920391386587098,0.0001,0.0001,512,300,50,42,6,5,0,8.0,256.0,0.0,0.0,linear,True,,,,
therapeutic_target,held_out,therapeutic_target_efo_0000305,Breast carcinoma,pinnacle_esm2_acm,Pinnacle-ESM2 (ACM),PINNACLE_model_globalsplit_ESM2_symmetric_PPI-True_ACM_RandomWalk_H64_lambda001_drop02_out64__ep150_bulk,PINNACLE_model_globalsplit_ESM2_symmetric_PPI-True_ACM_RandomWalk_H64_lambda001_drop02_out64__ep150_bulk,abmil8,ABMIL Contextual + ESM2,abmil_hc_cell_ext_embed_gated_8,abmil,esm,bulk,bulk_shared,cell_embeddings.pt,canonical_contextualized,abmil_hc_cell_ext_embed_gated_8__hp_lr0p0001_att256_do0p6_wd0p0001_selauprc_cw1__emb_esm,val_auprc_macro_mean,0.742335275013345,0.0001,0.0001,512,300,50,42,6,5,0,8.0,256.0,0.6,0.0,linear,True,,,,
therapeutic_target,held_out,therapeutic_target_efo_0000305,Breast carcinoma,pinnacle_esm2_acm,Pinnacle-ESM2 (ACM),PINNACLE_model_globalsplit_ESM2_symmetric_PPI-True_ACM_RandomWalk_H64_lambda001_drop02_out64__ep150_bulk,PINNACLE_model_globalsplit_ESM2_symmetric_PPI-True_ACM_RandomWalk_H64_lambda001_drop02_out64__ep150_bulk,abmil8_pdl_hc_cell,ABMIL-PDL Contextual instances,abmil_hc_cell_gated_8_pdl,abmil,esm,bulk,bulk_shared,cell_embeddings.pt,canonical_contextualized,abmil_hc_cell_gated_8_pdl__hp_lr0p0001_att256_do0_pdl0p2_pdlimplnew_pdlprojidentity_pdlprojl2_wd0p0001_selauprc_cw1__emb_esm,val_auprc_macro_mean,0.5126262054190669,0.0001,0.0001,512,300,50,42,6,5,0,8.0,256.0,0.0,0.0,linear,True,0.2,identity,2.0,new
therapeutic_target,held_out,therapeutic_target_efo_0000305,Breast carcinoma,pinnacle_esm2_acm,Pinnacle-ESM2 (ACM),PINNACLE_model_globalsplit_ESM2_symmetric_PPI-True_ACM_RandomWalk_H64_lambda001_drop02_out64__ep150_bulk,PINNACLE_model_globalsplit_ESM2_symmetric_PPI-True_ACM_RandomWalk_H64_lambda001_drop02_out64__ep150_bulk,abmil8_pdl_id2_dropout,ABMIL-PDL Contextual + ESM2,abmil_hc_cell_ext_embed_gated_8_pdl,abmil,esm,bulk,bulk_shared,cell_embeddings.pt,canonical_contextualized,abmil_hc_cell_ext_embed_gated_8_pdl__hp_lr0p0001_att256_do0_pdl0p5_pdlimplnew_pdlprojidentity_pdlprojl2_wd0p0001_selauprc_cw1__emb_esm,val_auprc_macro_mean,0.724247481787297,0.0001,0.0001,512,300,50,42,6,5,0,8.0,256.0,0.0,0.0,linear,True,0.5,identity,2.0,new
therapeutic_target,held_out,therapeutic_target_efo_0000305,Breast carcinoma,gae_att_fixed_do06,ProtScape-GAE,gae_att_fixed_do06_ep300,gae_att_fixed_do06_ep300,lr_hc_cell,Mean-pool LR Contextual instances,lr_hc_cell,linear,esm,bulk,bulk_shared,cell_embeddings.pt,canonical_contextualized,lr_hc_cell__hp_lr0p0001_wd0p0001_selauprc_cw1__emb_esm,val_auprc_macro_mean,0.697379596110515,0.0001,0.0001,512,300,50,42,6,5,0,,,,,linear,True,,,,
therapeutic_target,held_out,therapeutic_target_efo_0000305,Breast carcinoma,gae_att_fixed_do06,ProtScape-GAE,gae_att_fixed_do06_ep300,gae_att_fixed_do06_ep300,lr_hc_cell_esm,Mean-pool LR Contextual + ESM2,lr_hc_cell_ext_embed,linear,esm,bulk,bulk_shared,cell_embeddings.pt,canonical_contextualized,lr_hc_cell_ext_embed__hp_lr0p0001_wd0p0001_selauprc_cw1__emb_esm,val_auprc_macro_mean,0.7742223803780662,0.0001,0.0001,512,300,50,42,6,5,0,,,,,linear,True,,,,
therapeutic_target,held_out,therapeutic_target_efo_0000305,Breast carcinoma,gae_att_fixed_do06,ProtScape-GAE,gae_att_fixed_do06_ep300,gae_att_fixed_do06_ep300,abmil8_hc_cell,ABMIL Contextual instances,abmil_hc_cell_gated_8,abmil,esm,bulk,bulk_shared,cell_embeddings.pt,canonical_contextualized,abmil_hc_cell_gated_8__hp_lr0p0001_att256_do0p6_wd0p0001_selauprc_cw1__emb_esm,val_auprc_macro_mean,0.801739040690931,0.0001,0.0001,512,300,50,42,6,5,0,8.0,256.0,0.6,0.0,linear,True,,,,
therapeutic_target,held_out,therapeutic_target_efo_0000305,Breast carcinoma,gae_att_fixed_do06,ProtScape-GAE,gae_att_fixed_do06_ep300,gae_att_fixed_do06_ep300,abmil8,ABMIL Contextual + ESM2,abmil_hc_cell_ext_embed_gated_8,abmil,esm,bulk,bulk_shared,cell_embeddings.pt,canonical_contextualized,abmil_hc_cell_ext_embed_gated_8__hp_lr0p0001_att256_do0p4_wd0p0001_selauprc_cw1__emb_esm,val_auprc_macro_mean,0.8354892558117684,0.0001,0.0001,512,300,50,42,6,5,0,8.0,256.0,0.4,0.0,linear,True,,,,
therapeutic_target,held_out,therapeutic_target_efo_0000305,Breast carcinoma,gae_att_fixed_do06,ProtScape-GAE,gae_att_fixed_do06_ep300,gae_att_fixed_do06_ep300,abmil8_pdl_hc_cell,ABMIL-PDL Contextual instances,abmil_hc_cell_gated_8_pdl,abmil,esm,bulk,bulk_shared,cell_embeddings.pt,canonical_contextualized,abmil_hc_cell_gated_8_pdl__hp_lr0p0001_att256_do0_pdl0p4_pdlimplnew_pdlprojidentity_pdlprojl2_wd0p0001_selauprc_cw1__emb_esm,val_auprc_macro_mean,0.8247242378858199,0.0001,0.0001,512,300,50,42,6,5,0,8.0,256.0,0.0,0.0,linear,True,0.4,identity,2.0,new
therapeutic_target,held_out,therapeutic_target_efo_0000305,Breast carcinoma,gae_att_fixed_do06,ProtScape-GAE,gae_att_fixed_do06_ep300,gae_att_fixed_do06_ep300,abmil8_pdl_id2_dropout,ABMIL-PDL Contextual + ESM2,abmil_hc_cell_ext_embed_gated_8_pdl,abmil,esm,bulk,bulk_shared,cell_embeddings.pt,canonical_contextualized,abmil_hc_cell_ext_embed_gated_8_pdl__hp_lr0p0001_att256_do0_pdl0p3_pdlimplnew_pdlprojidentity_pdlprojl2_wd0p0001_selauprc_cw1__emb_esm,val_auprc_macro_mean,0.8417289695849808,0.0001,0.0001,512,300,50,42,6,5,0,8.0,256.0,0.0,0.0,linear,True,0.3,identity,2.0,new
therapeutic_target,held_out,therapeutic_target_efo_0000305,Breast carcinoma,s2gae_att_k1_fixed_do04_uni,ProtScape,s2gae_att_k1_fixed_do04_uni5e6,s2gae_att_k1_fixed_do04_uni5e6_paper_20260510,lr_hc_cell,Mean-pool LR Contextual instances,lr_hc_cell,linear,esm,bulk,bulk_shared,cell_embeddings.pt,canonical_contextualized,lr_hc_cell__hp_lr0p0001_wd0p0001_selauprc_cw1__emb_esm,val_auprc_macro_mean,0.7826734642508348,0.0001,0.0001,512,300,50,42,6,5,0,,,,,linear,True,,,,
therapeutic_target,held_out,therapeutic_target_efo_0000305,Breast carcinoma,s2gae_att_k1_fixed_do04_uni,ProtScape,s2gae_att_k1_fixed_do04_uni5e6,s2gae_att_k1_fixed_do04_uni5e6_paper_20260510,lr_hc_cell_esm,Mean-pool LR Contextual + ESM2,lr_hc_cell_ext_embed,linear,esm,bulk,bulk_shared,cell_embeddings.pt,canonical_contextualized,lr_hc_cell_ext_embed__hp_lr0p0001_wd0p0001_selauprc_cw1__emb_esm,val_auprc_macro_mean,0.8226624747185026,0.0001,0.0001,512,300,50,42,6,5,0,,,,,linear,True,,,,
therapeutic_target,held_out,therapeutic_target_efo_0000305,Breast carcinoma,s2gae_att_k1_fixed_do04_uni,ProtScape,s2gae_att_k1_fixed_do04_uni5e6,s2gae_att_k1_fixed_do04_uni5e6_paper_20260510,abmil8_hc_cell,ABMIL Contextual instances,abmil_hc_cell_gated_8,abmil,esm,bulk,bulk_shared,cell_embeddings.pt,canonical_contextualized,abmil_hc_cell_gated_8__hp_lr0p0001_att256_do0p6_wd0p0001_selauprc_cw1__emb_esm,val_auprc_macro_mean,0.8239875351800021,0.0001,0.0001,512,300,50,42,6,5,0,8.0,256.0,0.6,0.0,linear,True,,,,
therapeutic_target,held_out,therapeutic_target_efo_0000305,Breast carcinoma,s2gae_att_k1_fixed_do04_uni,ProtScape,s2gae_att_k1_fixed_do04_uni5e6,s2gae_att_k1_fixed_do04_uni5e6_paper_20260510,abmil8,ABMIL Contextual + ESM2,abmil_hc_cell_ext_embed_gated_8,abmil,esm,bulk,bulk_shared,cell_embeddings.pt,canonical_contextualized,abmil_hc_cell_ext_embed_gated_8__hp_lr0p0001_att256_do0p2_wd0p0001_selauprc_cw1__emb_esm,val_auprc_macro_mean,0.8303540295576175,0.0001,0.0001,512,300,50,42,6,5,0,8.0,256.0,0.2,0.0,linear,True,,,,
therapeutic_target,held_out,therapeutic_target_efo_0000305,Breast carcinoma,s2gae_att_k1_fixed_do04_uni,ProtScape,s2gae_att_k1_fixed_do04_uni5e6,s2gae_att_k1_fixed_do04_uni5e6_paper_20260510,abmil8_pdl_hc_cell,ABMIL-PDL Contextual instances,abmil_hc_cell_gated_8_pdl,abmil,esm,bulk,bulk_shared,cell_embeddings.pt,canonical_contextualized,abmil_hc_cell_gated_8_pdl__hp_lr0p0001_att256_do0_pdl0p3_pdlimplnew_pdlprojidentity_pdlprojl2_wd0p0001_selauprc_cw1__emb_esm,val_auprc_macro_mean,0.8483639519011416,0.0001,0.0001,512,300,50,42,6,5,0,8.0,256.0,0.0,0.0,linear,True,0.3,identity,2.0,new
therapeutic_target,held_out,therapeutic_target_efo_0000305,Breast carcinoma,s2gae_att_k1_fixed_do04_uni,ProtScape,s2gae_att_k1_fixed_do04_uni5e6,s2gae_att_k1_fixed_do04_uni5e6_paper_20260510,abmil8_pdl_id2_dropout,ABMIL-PDL Contextual + ESM2,abmil_hc_cell_ext_embed_gated_8_pdl,abmil,esm,bulk,bulk_shared,cell_embeddings.pt,canonical_contextualized,abmil_hc_cell_ext_embed_gated_8_pdl__hp_lr0p0001_att256_do0_pdl0p4_pdlimplnew_pdlprojidentity_pdlprojl2_wd0p0001_selauprc_cw1__emb_esm,val_auprc_macro_mean,0.843249004711414,0.0001,0.0001,512,300,50,42,6,5,0,8.0,256.0,0.0,0.0,linear,True,0.4,identity,2.0,new
therapeutic_target,held_out,therapeutic_target_efo_1001207,Systolic heart failure,lr_esm,ESM2,PINNACLE_model_globalsplit_ESM2_symmetric_PPI-True_GATv2_H64_lambda001_drop02_out32__ep150_bulk,PINNACLE_model_globalsplit_ESM2_symmetric_PPI-True_GATv2_H64_lambda001_drop02_out32__ep150_bulk,lr_esm,Linear probe ESM2 sequence,lr_ext_embed,linear,esm,bulk,bulk_shared,,not_used_sequence_only,lr_ext_embed__hp_lr0p0001_wd0p0001_selauprc_cw1__emb_esm,val_auprc_macro_mean,0.6470195776946938,0.0001,0.0001,512,300,50,42,6,5,0,,,,,linear,True,,,,
therapeutic_target,held_out,therapeutic_target_efo_1001207,Systolic heart failure,lr_prostt5,ProstT5,PINNACLE_model_globalsplit_ESM2_symmetric_PPI-True_GATv2_H64_lambda001_drop02_out32__ep150_bulk,PINNACLE_model_globalsplit_ESM2_symmetric_PPI-True_GATv2_H64_lambda001_drop02_out32__ep150_bulk,lr_prostt5,Linear probe ProstT5 sequence,lr_ext_embed,linear,prostt5,bulk,bulk_shared,,not_used_sequence_only,lr_ext_embed__hp_lr0p0001_wd0p0001_selauprc_cw1__emb_prostt5,val_auprc_macro_mean,0.5927101144367757,0.0001,0.0001,512,300,50,42,6,5,0,,,,,linear,True,,,,
therapeutic_target,held_out,therapeutic_target_efo_1001207,Systolic heart failure,pinnacle_random_fixed,Pinnacle,PINNACLE_model_globalsplit_random_symmetric_PPI-True_GATv2_H64_lambda001_drop02_out32__ep150_bulk,PINNACLE_model_globalsplit_random_symmetric_PPI-True_GATv2_H64_lambda001_drop02_out32__ep150_bulk,lr_hc_cell,Mean-pool LR Contextual instances,lr_hc_cell,linear,esm,bulk,bulk_shared,cell_embeddings.pt,canonical_contextualized,lr_hc_cell__hp_lr0p0001_wd0p0001_selauprc_cw1__emb_esm,val_auprc_macro_mean,0.5037891179828152,0.0001,0.0001,512,300,50,42,6,5,0,,,,,linear,True,,,,
therapeutic_target,held_out,therapeutic_target_efo_1001207,Systolic heart failure,pinnacle_random_fixed,Pinnacle,PINNACLE_model_globalsplit_random_symmetric_PPI-True_GATv2_H64_lambda001_drop02_out32__ep150_bulk,PINNACLE_model_globalsplit_random_symmetric_PPI-True_GATv2_H64_lambda001_drop02_out32__ep150_bulk,lr_hc_cell_esm,Mean-pool LR Contextual + ESM2,lr_hc_cell_ext_embed,linear,esm,bulk,bulk_shared,cell_embeddings.pt,canonical_contextualized,lr_hc_cell_ext_embed__hp_lr0p0001_wd0p0001_selauprc_cw1__emb_esm,val_auprc_macro_mean,0.732628495536878,0.0001,0.0001,512,300,50,42,6,5,0,,,,,linear,True,,,,
therapeutic_target,held_out,therapeutic_target_efo_1001207,Systolic heart failure,pinnacle_random_fixed,Pinnacle,PINNACLE_model_globalsplit_random_symmetric_PPI-True_GATv2_H64_lambda001_drop02_out32__ep150_bulk,PINNACLE_model_globalsplit_random_symmetric_PPI-True_GATv2_H64_lambda001_drop02_out32__ep150_bulk,abmil8_hc_cell,ABMIL Contextual instances,abmil_hc_cell_gated_8,abmil,esm,bulk,bulk_shared,cell_embeddings.pt,canonical_contextualized,abmil_hc_cell_gated_8__hp_lr0p0001_att256_do0_wd0p0001_selauprc_cw1__emb_esm,val_auprc_macro_mean,0.7651317640290755,0.0001,0.0001,512,300,50,42,6,5,0,8.0,256.0,0.0,0.0,linear,True,,,,
therapeutic_target,held_out,therapeutic_target_efo_1001207,Systolic heart failure,pinnacle_random_fixed,Pinnacle,PINNACLE_model_globalsplit_random_symmetric_PPI-True_GATv2_H64_lambda001_drop02_out32__ep150_bulk,PINNACLE_model_globalsplit_random_symmetric_PPI-True_GATv2_H64_lambda001_drop02_out32__ep150_bulk,abmil8,ABMIL Contextual + ESM2,abmil_hc_cell_ext_embed_gated_8,abmil,esm,bulk,bulk_shared,cell_embeddings.pt,canonical_contextualized,abmil_hc_cell_ext_embed_gated_8__hp_lr0p0001_att256_do0p4_wd0p0001_selauprc_cw1__emb_esm,val_auprc_macro_mean,0.7962470723210275,0.0001,0.0001,512,300,50,42,6,5,0,8.0,256.0,0.4,0.0,linear,True,,,,
therapeutic_target,held_out,therapeutic_target_efo_1001207,Systolic heart failure,pinnacle_random_fixed,Pinnacle,PINNACLE_model_globalsplit_random_symmetric_PPI-True_GATv2_H64_lambda001_drop02_out32__ep150_bulk,PINNACLE_model_globalsplit_random_symmetric_PPI-True_GATv2_H64_lambda001_drop02_out32__ep150_bulk,abmil8_pdl_hc_cell,ABMIL-PDL Contextual instances,abmil_hc_cell_gated_8_pdl,abmil,esm,bulk,bulk_shared,cell_embeddings.pt,canonical_contextualized,abmil_hc_cell_gated_8_pdl__hp_lr0p0001_att256_do0_pdl0p6_pdlimplnew_pdlprojidentity_pdlprojl2_wd0p0001_selauprc_cw1__emb_esm,val_auprc_macro_mean,0.8493271671777581,0.0001,0.0001,512,300,50,42,6,5,0,8.0,256.0,0.0,0.0,linear,True,0.6,identity,2.0,new
therapeutic_target,held_out,therapeutic_target_efo_1001207,Systolic heart failure,pinnacle_random_fixed,Pinnacle,PINNACLE_model_globalsplit_random_symmetric_PPI-True_GATv2_H64_lambda001_drop02_out32__ep150_bulk,PINNACLE_model_globalsplit_random_symmetric_PPI-True_GATv2_H64_lambda001_drop02_out32__ep150_bulk,abmil8_pdl_id2_dropout,ABMIL-PDL Contextual + ESM2,abmil_hc_cell_ext_embed_gated_8_pdl,abmil,esm,bulk,bulk_shared,cell_embeddings.pt,canonical_contextualized,abmil_hc_cell_ext_embed_gated_8_pdl__hp_lr0p0001_att256_do0_pdl0p6_pdlimplnew_pdlprojidentity_pdlprojl2_wd0p0001_selauprc_cw1__emb_esm,val_auprc_macro_mean,0.8028317844774179,0.0001,0.0001,512,300,50,42,6,5,0,8.0,256.0,0.0,0.0,linear,True,0.6,identity,2.0,new
therapeutic_target,held_out,therapeutic_target_efo_1001207,Systolic heart failure,pinnacle_esm_fixed,Pinnacle-ESM2 (GAT),PINNACLE_model_globalsplit_ESM2_symmetric_PPI-True_GATv2_H64_lambda001_drop02_out32__ep150_bulk,PINNACLE_model_globalsplit_ESM2_symmetric_PPI-True_GATv2_H64_lambda001_drop02_out32__ep150_bulk,lr_hc_cell,Mean-pool LR Contextual instances,lr_hc_cell,linear,esm,bulk,bulk_shared,cell_embeddings.pt,canonical_contextualized,lr_hc_cell__hp_lr0p0001_wd0p0001_selauprc_cw1__emb_esm,val_auprc_macro_mean,0.4977735892926514,0.0001,0.0001,512,300,50,42,6,5,0,,,,,linear,True,,,,
therapeutic_target,held_out,therapeutic_target_efo_1001207,Systolic heart failure,pinnacle_esm_fixed,Pinnacle-ESM2 (GAT),PINNACLE_model_globalsplit_ESM2_symmetric_PPI-True_GATv2_H64_lambda001_drop02_out32__ep150_bulk,PINNACLE_model_globalsplit_ESM2_symmetric_PPI-True_GATv2_H64_lambda001_drop02_out32__ep150_bulk,lr_hc_cell_esm,Mean-pool LR Contextual + ESM2,lr_hc_cell_ext_embed,linear,esm,bulk,bulk_shared,cell_embeddings.pt,canonical_contextualized,lr_hc_cell_ext_embed__hp_lr0p0001_wd0p0001_selauprc_cw1__emb_esm,val_auprc_macro_mean,0.7125346490334371,0.0001,0.0001,512,300,50,42,6,5,0,,,,,linear,True,,,,
therapeutic_target,held_out,therapeutic_target_efo_1001207,Systolic heart failure,pinnacle_esm_fixed,Pinnacle-ESM2 (GAT),PINNACLE_model_globalsplit_ESM2_symmetric_PPI-True_GATv2_H64_lambda001_drop02_out32__ep150_bulk,PINNACLE_model_globalsplit_ESM2_symmetric_PPI-True_GATv2_H64_lambda001_drop02_out32__ep150_bulk,abmil8_hc_cell,ABMIL Contextual instances,abmil_hc_cell_gated_8,abmil,esm,bulk,bulk_shared,cell_embeddings.pt,canonical_contextualized,abmil_hc_cell_gated_8__hp_lr0p0001_att256_do0p2_wd0p0001_selauprc_cw1__emb_esm,val_auprc_macro_mean,0.7483008776005886,0.0001,0.0001,512,300,50,42,6,5,0,8.0,256.0,0.2,0.0,linear,True,,,,
therapeutic_target,held_out,therapeutic_target_efo_1001207,Systolic heart failure,pinnacle_esm_fixed,Pinnacle-ESM2 (GAT),PINNACLE_model_globalsplit_ESM2_symmetric_PPI-True_GATv2_H64_lambda001_drop02_out32__ep150_bulk,PINNACLE_model_globalsplit_ESM2_symmetric_PPI-True_GATv2_H64_lambda001_drop02_out32__ep150_bulk,abmil8,ABMIL Contextual + ESM2,abmil_hc_cell_ext_embed_gated_8,abmil,esm,bulk,bulk_shared,cell_embeddings.pt,canonical_contextualized,abmil_hc_cell_ext_embed_gated_8__hp_lr0p0001_att256_do0p2_wd0p0001_selauprc_cw1__emb_esm,val_auprc_macro_mean,0.7894668886036438,0.0001,0.0001,512,300,50,42,6,5,0,8.0,256.0,0.2,0.0,linear,True,,,,
therapeutic_target,held_out,therapeutic_target_efo_1001207,Systolic heart failure,pinnacle_esm_fixed,Pinnacle-ESM2 (GAT),PINNACLE_model_globalsplit_ESM2_symmetric_PPI-True_GATv2_H64_lambda001_drop02_out32__ep150_bulk,PINNACLE_model_globalsplit_ESM2_symmetric_PPI-True_GATv2_H64_lambda001_drop02_out32__ep150_bulk,abmil8_pdl_hc_cell,ABMIL-PDL Contextual instances,abmil_hc_cell_gated_8_pdl,abmil,esm,bulk,bulk_shared,cell_embeddings.pt,canonical_contextualized,abmil_hc_cell_gated_8_pdl__hp_lr0p0001_att256_do0_pdl0p4_pdlimplnew_pdlprojidentity_pdlprojl2_wd0p0001_selauprc_cw1__emb_esm,val_auprc_macro_mean,0.8201080691192575,0.0001,0.0001,512,300,50,42,6,5,0,8.0,256.0,0.0,0.0,linear,True,0.4,identity,2.0,new
therapeutic_target,held_out,therapeutic_target_efo_1001207,Systolic heart failure,pinnacle_esm_fixed,Pinnacle-ESM2 (GAT),PINNACLE_model_globalsplit_ESM2_symmetric_PPI-True_GATv2_H64_lambda001_drop02_out32__ep150_bulk,PINNACLE_model_globalsplit_ESM2_symmetric_PPI-True_GATv2_H64_lambda001_drop02_out32__ep150_bulk,abmil8_pdl_id2_dropout,ABMIL-PDL Contextual + ESM2,abmil_hc_cell_ext_embed_gated_8_pdl,abmil,esm,bulk,bulk_shared,cell_embeddings.pt,canonical_contextualized,abmil_hc_cell_ext_embed_gated_8_pdl__hp_lr0p0001_att256_do0_pdl0p3_pdlimplnew_pdlprojidentity_pdlprojl2_wd0p0001_selauprc_cw1__emb_esm,val_auprc_macro_mean,0.7904115779183388,0.0001,0.0001,512,300,50,42,6,5,0,8.0,256.0,0.0,0.0,linear,True,0.3,identity,2.0,new
therapeutic_target,held_out,therapeutic_target_efo_1001207,Systolic heart failure,pinnacle_esm2_acm,Pinnacle-ESM2 (ACM),PINNACLE_model_globalsplit_ESM2_symmetric_PPI-True_ACM_RandomWalk_H64_lambda001_drop02_out64__ep150_bulk,PINNACLE_model_globalsplit_ESM2_symmetric_PPI-True_ACM_RandomWalk_H64_lambda001_drop02_out64__ep150_bulk,lr_hc_cell,Mean-pool LR Contextual instances,lr_hc_cell,linear,esm,bulk,bulk_shared,cell_embeddings.pt,canonical_contextualized,lr_hc_cell__hp_lr0p0001_wd0p0001_selauprc_cw1__emb_esm,val_auprc_macro_mean,0.2910494670513496,0.0001,0.0001,512,300,50,42,6,5,0,,,,,linear,True,,,,
therapeutic_target,held_out,therapeutic_target_efo_1001207,Systolic heart failure,pinnacle_esm2_acm,Pinnacle-ESM2 (ACM),PINNACLE_model_globalsplit_ESM2_symmetric_PPI-True_ACM_RandomWalk_H64_lambda001_drop02_out64__ep150_bulk,PINNACLE_model_globalsplit_ESM2_symmetric_PPI-True_ACM_RandomWalk_H64_lambda001_drop02_out64__ep150_bulk,lr_hc_cell_esm,Mean-pool LR Contextual + ESM2,lr_hc_cell_ext_embed,linear,esm,bulk,bulk_shared,cell_embeddings.pt,canonical_contextualized,lr_hc_cell_ext_embed__hp_lr0p0001_wd0p0001_selauprc_cw1__emb_esm,val_auprc_macro_mean,0.707878790758633,0.0001,0.0001,512,300,50,42,6,5,0,,,,,linear,True,,,,
therapeutic_target,held_out,therapeutic_target_efo_1001207,Systolic heart failure,pinnacle_esm2_acm,Pinnacle-ESM2 (ACM),PINNACLE_model_globalsplit_ESM2_symmetric_PPI-True_ACM_RandomWalk_H64_lambda001_drop02_out64__ep150_bulk,PINNACLE_model_globalsplit_ESM2_symmetric_PPI-True_ACM_RandomWalk_H64_lambda001_drop02_out64__ep150_bulk,abmil8_hc_cell,ABMIL Contextual instances,abmil_hc_cell_gated_8,abmil,esm,bulk,bulk_shared,cell_embeddings.pt,canonical_contextualized,abmil_hc_cell_gated_8__hp_lr0p0001_att256_do0p2_wd0p0001_selauprc_cw1__emb_esm,val_auprc_macro_mean,0.6664738872154798,0.0001,0.0001,512,300,50,42,6,5,0,8.0,256.0,0.2,0.0,linear,True,,,,
therapeutic_target,held_out,therapeutic_target_efo_1001207,Systolic heart failure,pinnacle_esm2_acm,Pinnacle-ESM2 (ACM),PINNACLE_model_globalsplit_ESM2_symmetric_PPI-True_ACM_RandomWalk_H64_lambda001_drop02_out64__ep150_bulk,PINNACLE_model_globalsplit_ESM2_symmetric_PPI-True_ACM_RandomWalk_H64_lambda001_drop02_out64__ep150_bulk,abmil8,ABMIL Contextual + ESM2,abmil_hc_cell_ext_embed_gated_8,abmil,esm,bulk,bulk_shared,cell_embeddings.pt,canonical_contextualized,abmil_hc_cell_ext_embed_gated_8__hp_lr0p0001_att256_do0p2_wd0p0001_selauprc_cw1__emb_esm,val_auprc_macro_mean,0.7520564260921897,0.0001,0.0001,512,300,50,42,6,5,0,8.0,256.0,0.2,0.0,linear,True,,,,
therapeutic_target,held_out,therapeutic_target_efo_1001207,Systolic heart failure,pinnacle_esm2_acm,Pinnacle-ESM2 (ACM),PINNACLE_model_globalsplit_ESM2_symmetric_PPI-True_ACM_RandomWalk_H64_lambda001_drop02_out64__ep150_bulk,PINNACLE_model_globalsplit_ESM2_symmetric_PPI-True_ACM_RandomWalk_H64_lambda001_drop02_out64__ep150_bulk,abmil8_pdl_hc_cell,ABMIL-PDL Contextual instances,abmil_hc_cell_gated_8_pdl,abmil,esm,bulk,bulk_shared,cell_embeddings.pt,canonical_contextualized,abmil_hc_cell_gated_8_pdl__hp_lr0p0001_att256_do0_pdl0p6_pdlimplnew_pdlprojidentity_pdlprojl2_wd0p0001_selauprc_cw1__emb_esm,val_auprc_macro_mean,0.7576605373226802,0.0001,0.0001,512,300,50,42,6,5,0,8.0,256.0,0.0,0.0,linear,True,0.6,identity,2.0,new
therapeutic_target,held_out,therapeutic_target_efo_1001207,Systolic heart failure,pinnacle_esm2_acm,Pinnacle-ESM2 (ACM),PINNACLE_model_globalsplit_ESM2_symmetric_PPI-True_ACM_RandomWalk_H64_lambda001_drop02_out64__ep150_bulk,PINNACLE_model_globalsplit_ESM2_symmetric_PPI-True_ACM_RandomWalk_H64_lambda001_drop02_out64__ep150_bulk,abmil8_pdl_id2_dropout,ABMIL-PDL Contextual + ESM2,abmil_hc_cell_ext_embed_gated_8_pdl,abmil,esm,bulk,bulk_shared,cell_embeddings.pt,canonical_contextualized,abmil_hc_cell_ext_embed_gated_8_pdl__hp_lr0p0001_att256_do0_pdl0p2_pdlimplnew_pdlprojidentity_pdlprojl2_wd0p0001_selauprc_cw1__emb_esm,val_auprc_macro_mean,0.6986374843654424,0.0001,0.0001,512,300,50,42,6,5,0,8.0,256.0,0.0,0.0,linear,True,0.2,identity,2.0,new
therapeutic_target,held_out,therapeutic_target_efo_1001207,Systolic heart failure,gae_att_fixed_do06,ProtScape-GAE,gae_att_fixed_do06_ep300,gae_att_fixed_do06_ep300,lr_hc_cell,Mean-pool LR Contextual instances,lr_hc_cell,linear,esm,bulk,bulk_shared,cell_embeddings.pt,canonical_contextualized,lr_hc_cell__hp_lr0p0001_wd0p0001_selauprc_cw1__emb_esm,val_auprc_macro_mean,0.7454265435363713,0.0001,0.0001,512,300,50,42,6,5,0,,,,,linear,True,,,,
therapeutic_target,held_out,therapeutic_target_efo_1001207,Systolic heart failure,gae_att_fixed_do06,ProtScape-GAE,gae_att_fixed_do06_ep300,gae_att_fixed_do06_ep300,lr_hc_cell_esm,Mean-pool LR Contextual + ESM2,lr_hc_cell_ext_embed,linear,esm,bulk,bulk_shared,cell_embeddings.pt,canonical_contextualized,lr_hc_cell_ext_embed__hp_lr0p0001_wd0p0001_selauprc_cw1__emb_esm,val_auprc_macro_mean,0.822542945625713,0.0001,0.0001,512,300,50,42,6,5,0,,,,,linear,True,,,,
therapeutic_target,held_out,therapeutic_target_efo_1001207,Systolic heart failure,gae_att_fixed_do06,ProtScape-GAE,gae_att_fixed_do06_ep300,gae_att_fixed_do06_ep300,abmil8_hc_cell,ABMIL Contextual instances,abmil_hc_cell_gated_8,abmil,esm,bulk,bulk_shared,cell_embeddings.pt,canonical_contextualized,abmil_hc_cell_gated_8__hp_lr0p0001_att256_do0p4_wd0p0001_selauprc_cw1__emb_esm,val_auprc_macro_mean,0.8282179692323373,0.0001,0.0001,512,300,50,42,6,5,0,8.0,256.0,0.4,0.0,linear,True,,,,
therapeutic_target,held_out,therapeutic_target_efo_1001207,Systolic heart failure,gae_att_fixed_do06,ProtScape-GAE,gae_att_fixed_do06_ep300,gae_att_fixed_do06_ep300,abmil8,ABMIL Contextual + ESM2,abmil_hc_cell_ext_embed_gated_8,abmil,esm,bulk,bulk_shared,cell_embeddings.pt,canonical_contextualized,abmil_hc_cell_ext_embed_gated_8__hp_lr0p0001_att256_do0p6_wd0p0001_selauprc_cw1__emb_esm,val_auprc_macro_mean,0.8169124449745115,0.0001,0.0001,512,300,50,42,6,5,0,8.0,256.0,0.6,0.0,linear,True,,,,
therapeutic_target,held_out,therapeutic_target_efo_1001207,Systolic heart failure,gae_att_fixed_do06,ProtScape-GAE,gae_att_fixed_do06_ep300,gae_att_fixed_do06_ep300,abmil8_pdl_hc_cell,ABMIL-PDL Contextual instances,abmil_hc_cell_gated_8_pdl,abmil,esm,bulk,bulk_shared,cell_embeddings.pt,canonical_contextualized,abmil_hc_cell_gated_8_pdl__hp_lr0p0001_att256_do0_pdl0p6_pdlimplnew_pdlprojidentity_pdlprojl2_wd0p0001_selauprc_cw1__emb_esm,val_auprc_macro_mean,0.851273406828619,0.0001,0.0001,512,300,50,42,6,5,0,8.0,256.0,0.0,0.0,linear,True,0.6,identity,2.0,new
therapeutic_target,held_out,therapeutic_target_efo_1001207,Systolic heart failure,gae_att_fixed_do06,ProtScape-GAE,gae_att_fixed_do06_ep300,gae_att_fixed_do06_ep300,abmil8_pdl_id2_dropout,ABMIL-PDL Contextual + ESM2,abmil_hc_cell_ext_embed_gated_8_pdl,abmil,esm,bulk,bulk_shared,cell_embeddings.pt,canonical_contextualized,abmil_hc_cell_ext_embed_gated_8_pdl__hp_lr0p0001_att256_do0_pdl0p6_pdlimplnew_pdlprojidentity_pdlprojl2_wd0p0001_selauprc_cw1__emb_esm,val_auprc_macro_mean,0.8517890900748919,0.0001,0.0001,512,300,50,42,6,5,0,8.0,256.0,0.0,0.0,linear,True,0.6,identity,2.0,new
therapeutic_target,held_out,therapeutic_target_efo_1001207,Systolic heart failure,s2gae_att_k1_fixed_do04_uni,ProtScape,s2gae_att_k1_fixed_do04_uni5e6,s2gae_att_k1_fixed_do04_uni5e6_paper_20260510,lr_hc_cell,Mean-pool LR Contextual instances,lr_hc_cell,linear,esm,bulk,bulk_shared,cell_embeddings.pt,canonical_contextualized,lr_hc_cell__hp_lr0p0001_wd0p0001_selauprc_cw1__emb_esm,val_auprc_macro_mean,0.8382275296542538,0.0001,0.0001,512,300,50,42,6,5,0,,,,,linear,True,,,,
therapeutic_target,held_out,therapeutic_target_efo_1001207,Systolic heart failure,s2gae_att_k1_fixed_do04_uni,ProtScape,s2gae_att_k1_fixed_do04_uni5e6,s2gae_att_k1_fixed_do04_uni5e6_paper_20260510,lr_hc_cell_esm,Mean-pool LR Contextual + ESM2,lr_hc_cell_ext_embed,linear,esm,bulk,bulk_shared,cell_embeddings.pt,canonical_contextualized,lr_hc_cell_ext_embed__hp_lr0p0001_wd0p0001_selauprc_cw1__emb_esm,val_auprc_macro_mean,0.8883267019484297,0.0001,0.0001,512,300,50,42,6,5,0,,,,,linear,True,,,,
therapeutic_target,held_out,therapeutic_target_efo_1001207,Systolic heart failure,s2gae_att_k1_fixed_do04_uni,ProtScape,s2gae_att_k1_fixed_do04_uni5e6,s2gae_att_k1_fixed_do04_uni5e6_paper_20260510,abmil8_hc_cell,ABMIL Contextual instances,abmil_hc_cell_gated_8,abmil,esm,bulk,bulk_shared,cell_embeddings.pt,canonical_contextualized,abmil_hc_cell_gated_8__hp_lr0p0001_att256_do0p6_wd0p0001_selauprc_cw1__emb_esm,val_auprc_macro_mean,0.8681120830544327,0.0001,0.0001,512,300,50,42,6,5,0,8.0,256.0,0.6,0.0,linear,True,,,,
therapeutic_target,held_out,therapeutic_target_efo_1001207,Systolic heart failure,s2gae_att_k1_fixed_do04_uni,ProtScape,s2gae_att_k1_fixed_do04_uni5e6,s2gae_att_k1_fixed_do04_uni5e6_paper_20260510,abmil8,ABMIL Contextual + ESM2,abmil_hc_cell_ext_embed_gated_8,abmil,esm,bulk,bulk_shared,cell_embeddings.pt,canonical_contextualized,abmil_hc_cell_ext_embed_gated_8__hp_lr0p0001_att256_do0p6_wd0p0001_selauprc_cw1__emb_esm,val_auprc_macro_mean,0.8682329117423457,0.0001,0.0001,512,300,50,42,6,5,0,8.0,256.0,0.6,0.0,linear,True,,,,
therapeutic_target,held_out,therapeutic_target_efo_1001207,Systolic heart failure,s2gae_att_k1_fixed_do04_uni,ProtScape,s2gae_att_k1_fixed_do04_uni5e6,s2gae_att_k1_fixed_do04_uni5e6_paper_20260510,abmil8_pdl_hc_cell,ABMIL-PDL Contextual instances,abmil_hc_cell_gated_8_pdl,abmil,esm,bulk,bulk_shared,cell_embeddings.pt,canonical_contextualized,abmil_hc_cell_gated_8_pdl__hp_lr0p0001_att256_do0_pdl0p4_pdlimplnew_pdlprojidentity_pdlprojl2_wd0p0001_selauprc_cw1__emb_esm,val_auprc_macro_mean,0.877294583867406,0.0001,0.0001,512,300,50,42,6,5,0,8.0,256.0,0.0,0.0,linear,True,0.4,identity,2.0,new
therapeutic_target,held_out,therapeutic_target_efo_1001207,Systolic heart failure,s2gae_att_k1_fixed_do04_uni,ProtScape,s2gae_att_k1_fixed_do04_uni5e6,s2gae_att_k1_fixed_do04_uni5e6_paper_20260510,abmil8_pdl_id2_dropout,ABMIL-PDL Contextual + ESM2,abmil_hc_cell_ext_embed_gated_8_pdl,abmil,esm,bulk,bulk_shared,cell_embeddings.pt,canonical_contextualized,abmil_hc_cell_ext_embed_gated_8_pdl__hp_lr0p0001_att256_do0_pdl0p5_pdlimplnew_pdlprojidentity_pdlprojl2_wd0p0001_selauprc_cw1__emb_esm,val_auprc_macro_mean,0.8886526997408251,0.0001,0.0001,512,300,50,42,6,5,0,8.0,256.0,0.0,0.0,linear,True,0.5,identity,2.0,new
therapeutic_target,held_out,therapeutic_target_efo_0000571,Lung adenocarcinoma,lr_esm,ESM2,PINNACLE_model_globalsplit_ESM2_symmetric_PPI-True_GATv2_H64_lambda001_drop02_out32__ep150_bulk,PINNACLE_model_globalsplit_ESM2_symmetric_PPI-True_GATv2_H64_lambda001_drop02_out32__ep150_bulk,lr_esm,Linear probe ESM2 sequence,lr_ext_embed,linear,esm,bulk,bulk_shared,,not_used_sequence_only,lr_ext_embed__hp_lr0p0001_wd0p0001_selauprc_cw1__emb_esm,val_auprc_macro_mean,0.5607324152756528,0.0001,0.0001,512,300,50,42,6,5,0,,,,,linear,True,,,,
therapeutic_target,held_out,therapeutic_target_efo_0000571,Lung adenocarcinoma,lr_prostt5,ProstT5,PINNACLE_model_globalsplit_ESM2_symmetric_PPI-True_GATv2_H64_lambda001_drop02_out32__ep150_bulk,PINNACLE_model_globalsplit_ESM2_symmetric_PPI-True_GATv2_H64_lambda001_drop02_out32__ep150_bulk,lr_prostt5,Linear probe ProstT5 sequence,lr_ext_embed,linear,prostt5,bulk,bulk_shared,,not_used_sequence_only,lr_ext_embed__hp_lr0p0001_wd0p0001_selauprc_cw1__emb_prostt5,val_auprc_macro_mean,0.4895827554462044,0.0001,0.0001,512,300,50,42,6,5,0,,,,,linear,True,,,,
therapeutic_target,held_out,therapeutic_target_efo_0000571,Lung adenocarcinoma,pinnacle_random_fixed,Pinnacle,PINNACLE_model_globalsplit_random_symmetric_PPI-True_GATv2_H64_lambda001_drop02_out32__ep150_bulk,PINNACLE_model_globalsplit_random_symmetric_PPI-True_GATv2_H64_lambda001_drop02_out32__ep150_bulk,lr_hc_cell,Mean-pool LR Contextual instances,lr_hc_cell,linear,esm,bulk,bulk_shared,cell_embeddings.pt,canonical_contextualized,lr_hc_cell__hp_lr0p0001_wd0p0001_selauprc_cw1__emb_esm,val_auprc_macro_mean,0.1384539607018234,0.0001,0.0001,512,300,50,42,6,5,0,,,,,linear,True,,,,
therapeutic_target,held_out,therapeutic_target_efo_0000571,Lung adenocarcinoma,pinnacle_random_fixed,Pinnacle,PINNACLE_model_globalsplit_random_symmetric_PPI-True_GATv2_H64_lambda001_drop02_out32__ep150_bulk,PINNACLE_model_globalsplit_random_symmetric_PPI-True_GATv2_H64_lambda001_drop02_out32__ep150_bulk,lr_hc_cell_esm,Mean-pool LR Contextual + ESM2,lr_hc_cell_ext_embed,linear,esm,bulk,bulk_shared,cell_embeddings.pt,canonical_contextualized,lr_hc_cell_ext_embed__hp_lr0p0001_wd0p0001_selauprc_cw1__emb_esm,val_auprc_macro_mean,0.5573336867860827,0.0001,0.0001,512,300,50,42,6,5,0,,,,,linear,True,,,,
therapeutic_target,held_out,therapeutic_target_efo_0000571,Lung adenocarcinoma,pinnacle_random_fixed,Pinnacle,PINNACLE_model_globalsplit_random_symmetric_PPI-True_GATv2_H64_lambda001_drop02_out32__ep150_bulk,PINNACLE_model_globalsplit_random_symmetric_PPI-True_GATv2_H64_lambda001_drop02_out32__ep150_bulk,abmil8_hc_cell,ABMIL Contextual instances,abmil_hc_cell_gated_8,abmil,esm,bulk,bulk_shared,cell_embeddings.pt,canonical_contextualized,abmil_hc_cell_gated_8__hp_lr0p0001_att256_do0p6_wd0p0001_selauprc_cw1__emb_esm,val_auprc_macro_mean,0.1938954664455468,0.0001,0.0001,512,300,50,42,6,5,0,8.0,256.0,0.6,0.0,linear,True,,,,
therapeutic_target,held_out,therapeutic_target_efo_0000571,Lung adenocarcinoma,pinnacle_random_fixed,Pinnacle,PINNACLE_model_globalsplit_random_symmetric_PPI-True_GATv2_H64_lambda001_drop02_out32__ep150_bulk,PINNACLE_model_globalsplit_random_symmetric_PPI-True_GATv2_H64_lambda001_drop02_out32__ep150_bulk,abmil8,ABMIL Contextual + ESM2,abmil_hc_cell_ext_embed_gated_8,abmil,esm,bulk,bulk_shared,cell_embeddings.pt,canonical_contextualized,abmil_hc_cell_ext_embed_gated_8__hp_lr0p0001_att256_do0p2_wd0p0001_selauprc_cw1__emb_esm,val_auprc_macro_mean,0.6565853002040605,0.0001,0.0001,512,300,50,42,6,5,0,8.0,256.0,0.2,0.0,linear,True,,,,
therapeutic_target,held_out,therapeutic_target_efo_0000571,Lung adenocarcinoma,pinnacle_random_fixed,Pinnacle,PINNACLE_model_globalsplit_random_symmetric_PPI-True_GATv2_H64_lambda001_drop02_out32__ep150_bulk,PINNACLE_model_globalsplit_random_symmetric_PPI-True_GATv2_H64_lambda001_drop02_out32__ep150_bulk,abmil8_pdl_hc_cell,ABMIL-PDL Contextual instances,abmil_hc_cell_gated_8_pdl,abmil,esm,bulk,bulk_shared,cell_embeddings.pt,canonical_contextualized,abmil_hc_cell_gated_8_pdl__hp_lr0p0001_att256_do0_pdl0p4_pdlimplnew_pdlprojidentity_pdlprojl2_wd0p0001_selauprc_cw1__emb_esm,val_auprc_macro_mean,0.3518855326841647,0.0001,0.0001,512,300,50,42,6,5,0,8.0,256.0,0.0,0.0,linear,True,0.4,identity,2.0,new
therapeutic_target,held_out,therapeutic_target_efo_0000571,Lung adenocarcinoma,pinnacle_random_fixed,Pinnacle,PINNACLE_model_globalsplit_random_symmetric_PPI-True_GATv2_H64_lambda001_drop02_out32__ep150_bulk,PINNACLE_model_globalsplit_random_symmetric_PPI-True_GATv2_H64_lambda001_drop02_out32__ep150_bulk,abmil8_pdl_id2_dropout,ABMIL-PDL Contextual + ESM2,abmil_hc_cell_ext_embed_gated_8_pdl,abmil,esm,bulk,bulk_shared,cell_embeddings.pt,canonical_contextualized,abmil_hc_cell_ext_embed_gated_8_pdl__hp_lr0p0001_att256_do0_pdl0p5_pdlimplnew_pdlprojidentity_pdlprojl2_wd0p0001_selauprc_cw1__emb_esm,val_auprc_macro_mean,0.6498257905974426,0.0001,0.0001,512,300,50,42,6,5,0,8.0,256.0,0.0,0.0,linear,True,0.5,identity,2.0,new
therapeutic_target,held_out,therapeutic_target_efo_0000571,Lung adenocarcinoma,pinnacle_esm_fixed,Pinnacle-ESM2 (GAT),PINNACLE_model_globalsplit_ESM2_symmetric_PPI-True_GATv2_H64_lambda001_drop02_out32__ep150_bulk,PINNACLE_model_globalsplit_ESM2_symmetric_PPI-True_GATv2_H64_lambda001_drop02_out32__ep150_bulk,lr_hc_cell,Mean-pool LR Contextual instances,lr_hc_cell,linear,esm,bulk,bulk_shared,cell_embeddings.pt,canonical_contextualized,lr_hc_cell__hp_lr0p0001_wd0p0001_selauprc_cw1__emb_esm,val_auprc_macro_mean,0.1323598829957584,0.0001,0.0001,512,300,50,42,6,5,0,,,,,linear,True,,,,
therapeutic_target,held_out,therapeutic_target_efo_0000571,Lung adenocarcinoma,pinnacle_esm_fixed,Pinnacle-ESM2 (GAT),PINNACLE_model_globalsplit_ESM2_symmetric_PPI-True_GATv2_H64_lambda001_drop02_out32__ep150_bulk,PINNACLE_model_globalsplit_ESM2_symmetric_PPI-True_GATv2_H64_lambda001_drop02_out32__ep150_bulk,lr_hc_cell_esm,Mean-pool LR Contextual + ESM2,lr_hc_cell_ext_embed,linear,esm,bulk,bulk_shared,cell_embeddings.pt,canonical_contextualized,lr_hc_cell_ext_embed__hp_lr0p0001_wd0p0001_selauprc_cw1__emb_esm,val_auprc_macro_mean,0.5517884649137158,0.0001,0.0001,512,300,50,42,6,5,0,,,,,linear,True,,,,
therapeutic_target,held_out,therapeutic_target_efo_0000571,Lung adenocarcinoma,pinnacle_esm_fixed,Pinnacle-ESM2 (GAT),PINNACLE_model_globalsplit_ESM2_symmetric_PPI-True_GATv2_H64_lambda001_drop02_out32__ep150_bulk,PINNACLE_model_globalsplit_ESM2_symmetric_PPI-True_GATv2_H64_lambda001_drop02_out32__ep150_bulk,abmil8_hc_cell,ABMIL Contextual instances,abmil_hc_cell_gated_8,abmil,esm,bulk,bulk_shared,cell_embeddings.pt,canonical_contextualized,abmil_hc_cell_gated_8__hp_lr0p0001_att256_do0p4_wd0p0001_selauprc_cw1__emb_esm,val_auprc_macro_mean,0.1873216176599698,0.0001,0.0001,512,300,50,42,6,5,0,8.0,256.0,0.4,0.0,linear,True,,,,
therapeutic_target,held_out,therapeutic_target_efo_0000571,Lung adenocarcinoma,pinnacle_esm_fixed,Pinnacle-ESM2 (GAT),PINNACLE_model_globalsplit_ESM2_symmetric_PPI-True_GATv2_H64_lambda001_drop02_out32__ep150_bulk,PINNACLE_model_globalsplit_ESM2_symmetric_PPI-True_GATv2_H64_lambda001_drop02_out32__ep150_bulk,abmil8,ABMIL Contextual + ESM2,abmil_hc_cell_ext_embed_gated_8,abmil,esm,bulk,bulk_shared,cell_embeddings.pt,canonical_contextualized,abmil_hc_cell_ext_embed_gated_8__hp_lr0p0001_att256_do0p2_wd0p0001_selauprc_cw1__emb_esm,val_auprc_macro_mean,0.6294103955018876,0.0001,0.0001,512,300,50,42,6,5,0,8.0,256.0,0.2,0.0,linear,True,,,,
therapeutic_target,held_out,therapeutic_target_efo_0000571,Lung adenocarcinoma,pinnacle_esm_fixed,Pinnacle-ESM2 (GAT),PINNACLE_model_globalsplit_ESM2_symmetric_PPI-True_GATv2_H64_lambda001_drop02_out32__ep150_bulk,PINNACLE_model_globalsplit_ESM2_symmetric_PPI-True_GATv2_H64_lambda001_drop02_out32__ep150_bulk,abmil8_pdl_hc_cell,ABMIL-PDL Contextual instances,abmil_hc_cell_gated_8_pdl,abmil,esm,bulk,bulk_shared,cell_embeddings.pt,canonical_contextualized,abmil_hc_cell_gated_8_pdl__hp_lr0p0001_att256_do0_pdl0p3_pdlimplnew_pdlprojidentity_pdlprojl2_wd0p0001_selauprc_cw1__emb_esm,val_auprc_macro_mean,0.2177963702622146,0.0001,0.0001,512,300,50,42,6,5,0,8.0,256.0,0.0,0.0,linear,True,0.3,identity,2.0,new
therapeutic_target,held_out,therapeutic_target_efo_0000571,Lung adenocarcinoma,pinnacle_esm_fixed,Pinnacle-ESM2 (GAT),PINNACLE_model_globalsplit_ESM2_symmetric_PPI-True_GATv2_H64_lambda001_drop02_out32__ep150_bulk,PINNACLE_model_globalsplit_ESM2_symmetric_PPI-True_GATv2_H64_lambda001_drop02_out32__ep150_bulk,abmil8_pdl_id2_dropout,ABMIL-PDL Contextual + ESM2,abmil_hc_cell_ext_embed_gated_8_pdl,abmil,esm,bulk,bulk_shared,cell_embeddings.pt,canonical_contextualized,abmil_hc_cell_ext_embed_gated_8_pdl__hp_lr0p0001_att256_do0_pdl0p2_pdlimplnew_pdlprojidentity_pdlprojl2_wd0p0001_selauprc_cw1__emb_esm,val_auprc_macro_mean,0.6368487663852369,0.0001,0.0001,512,300,50,42,6,5,0,8.0,256.0,0.0,0.0,linear,True,0.2,identity,2.0,new
therapeutic_target,held_out,therapeutic_target_efo_0000571,Lung adenocarcinoma,pinnacle_esm2_acm,Pinnacle-ESM2 (ACM),PINNACLE_model_globalsplit_ESM2_symmetric_PPI-True_ACM_RandomWalk_H64_lambda001_drop02_out64__ep150_bulk,PINNACLE_model_globalsplit_ESM2_symmetric_PPI-True_ACM_RandomWalk_H64_lambda001_drop02_out64__ep150_bulk,lr_hc_cell,Mean-pool LR Contextual instances,lr_hc_cell,linear,esm,bulk,bulk_shared,cell_embeddings.pt,canonical_contextualized,lr_hc_cell__hp_lr0p0001_wd0p0001_selauprc_cw1__emb_esm,val_auprc_macro_mean,0.1200872284012314,0.0001,0.0001,512,300,50,42,6,5,0,,,,,linear,True,,,,
therapeutic_target,held_out,therapeutic_target_efo_0000571,Lung adenocarcinoma,pinnacle_esm2_acm,Pinnacle-ESM2 (ACM),PINNACLE_model_globalsplit_ESM2_symmetric_PPI-True_ACM_RandomWalk_H64_lambda001_drop02_out64__ep150_bulk,PINNACLE_model_globalsplit_ESM2_symmetric_PPI-True_ACM_RandomWalk_H64_lambda001_drop02_out64__ep150_bulk,lr_hc_cell_esm,Mean-pool LR Contextual + ESM2,lr_hc_cell_ext_embed,linear,esm,bulk,bulk_shared,cell_embeddings.pt,canonical_contextualized,lr_hc_cell_ext_embed__hp_lr0p0001_wd0p0001_selauprc_cw1__emb_esm,val_auprc_macro_mean,0.5461021359009333,0.0001,0.0001,512,300,50,42,6,5,0,,,,,linear,True,,,,
therapeutic_target,held_out,therapeutic_target_efo_0000571,Lung adenocarcinoma,pinnacle_esm2_acm,Pinnacle-ESM2 (ACM),PINNACLE_model_globalsplit_ESM2_symmetric_PPI-True_ACM_RandomWalk_H64_lambda001_drop02_out64__ep150_bulk,PINNACLE_model_globalsplit_ESM2_symmetric_PPI-True_ACM_RandomWalk_H64_lambda001_drop02_out64__ep150_bulk,abmil8_hc_cell,ABMIL Contextual instances,abmil_hc_cell_gated_8,abmil,esm,bulk,bulk_shared,cell_embeddings.pt,canonical_contextualized,abmil_hc_cell_gated_8__hp_lr0p0001_att256_do0p2_wd0p0001_selauprc_cw1__emb_esm,val_auprc_macro_mean,0.1951776322388927,0.0001,0.0001,512,300,50,42,6,5,0,8.0,256.0,0.2,0.0,linear,True,,,,
therapeutic_target,held_out,therapeutic_target_efo_0000571,Lung adenocarcinoma,pinnacle_esm2_acm,Pinnacle-ESM2 (ACM),PINNACLE_model_globalsplit_ESM2_symmetric_PPI-True_ACM_RandomWalk_H64_lambda001_drop02_out64__ep150_bulk,PINNACLE_model_globalsplit_ESM2_symmetric_PPI-True_ACM_RandomWalk_H64_lambda001_drop02_out64__ep150_bulk,abmil8,ABMIL Contextual + ESM2,abmil_hc_cell_ext_embed_gated_8,abmil,esm,bulk,bulk_shared,cell_embeddings.pt,canonical_contextualized,abmil_hc_cell_ext_embed_gated_8__hp_lr0p0001_att256_do0p4_wd0p0001_selauprc_cw1__emb_esm,val_auprc_macro_mean,0.5593693214877605,0.0001,0.0001,512,300,50,42,6,5,0,8.0,256.0,0.4,0.0,linear,True,,,,
therapeutic_target,held_out,therapeutic_target_efo_0000571,Lung adenocarcinoma,pinnacle_esm2_acm,Pinnacle-ESM2 (ACM),PINNACLE_model_globalsplit_ESM2_symmetric_PPI-True_ACM_RandomWalk_H64_lambda001_drop02_out64__ep150_bulk,PINNACLE_model_globalsplit_ESM2_symmetric_PPI-True_ACM_RandomWalk_H64_lambda001_drop02_out64__ep150_bulk,abmil8_pdl_hc_cell,ABMIL-PDL Contextual instances,abmil_hc_cell_gated_8_pdl,abmil,esm,bulk,bulk_shared,cell_embeddings.pt,canonical_contextualized,abmil_hc_cell_gated_8_pdl__hp_lr0p0001_att256_do0_pdl0p4_pdlimplnew_pdlprojidentity_pdlprojl2_wd0p0001_selauprc_cw1__emb_esm,val_auprc_macro_mean,0.259617637029211,0.0001,0.0001,512,300,50,42,6,5,0,8.0,256.0,0.0,0.0,linear,True,0.4,identity,2.0,new
therapeutic_target,held_out,therapeutic_target_efo_0000571,Lung adenocarcinoma,pinnacle_esm2_acm,Pinnacle-ESM2 (ACM),PINNACLE_model_globalsplit_ESM2_symmetric_PPI-True_ACM_RandomWalk_H64_lambda001_drop02_out64__ep150_bulk,PINNACLE_model_globalsplit_ESM2_symmetric_PPI-True_ACM_RandomWalk_H64_lambda001_drop02_out64__ep150_bulk,abmil8_pdl_id2_dropout,ABMIL-PDL Contextual + ESM2,abmil_hc_cell_ext_embed_gated_8_pdl,abmil,esm,bulk,bulk_shared,cell_embeddings.pt,canonical_contextualized,abmil_hc_cell_ext_embed_gated_8_pdl__hp_lr0p0001_att256_do0_pdl0p5_pdlimplnew_pdlprojidentity_pdlprojl2_wd0p0001_selauprc_cw1__emb_esm,val_auprc_macro_mean,0.6170845612695874,0.0001,0.0001,512,300,50,42,6,5,0,8.0,256.0,0.0,0.0,linear,True,0.5,identity,2.0,new
therapeutic_target,held_out,therapeutic_target_efo_0000571,Lung adenocarcinoma,gae_att_fixed_do06,ProtScape-GAE,gae_att_fixed_do06_ep300,gae_att_fixed_do06_ep300,lr_hc_cell,Mean-pool LR Contextual instances,lr_hc_cell,linear,esm,bulk,bulk_shared,cell_embeddings.pt,canonical_contextualized,lr_hc_cell__hp_lr0p0001_wd0p0001_selauprc_cw1__emb_esm,val_auprc_macro_mean,0.3417170110906288,0.0001,0.0001,512,300,50,42,6,5,0,,,,,linear,True,,,,
therapeutic_target,held_out,therapeutic_target_efo_0000571,Lung adenocarcinoma,gae_att_fixed_do06,ProtScape-GAE,gae_att_fixed_do06_ep300,gae_att_fixed_do06_ep300,lr_hc_cell_esm,Mean-pool LR Contextual + ESM2,lr_hc_cell_ext_embed,linear,esm,bulk,bulk_shared,cell_embeddings.pt,canonical_contextualized,lr_hc_cell_ext_embed__hp_lr0p0001_wd0p0001_selauprc_cw1__emb_esm,val_auprc_macro_mean,0.5932470685367566,0.0001,0.0001,512,300,50,42,6,5,0,,,,,linear,True,,,,
therapeutic_target,held_out,therapeutic_target_efo_0000571,Lung adenocarcinoma,gae_att_fixed_do06,ProtScape-GAE,gae_att_fixed_do06_ep300,gae_att_fixed_do06_ep300,abmil8_hc_cell,ABMIL Contextual instances,abmil_hc_cell_gated_8,abmil,esm,bulk,bulk_shared,cell_embeddings.pt,canonical_contextualized,abmil_hc_cell_gated_8__hp_lr0p0001_att256_do0p2_wd0p0001_selauprc_cw1__emb_esm,val_auprc_macro_mean,0.5732089253965491,0.0001,0.0001,512,300,50,42,6,5,0,8.0,256.0,0.2,0.0,linear,True,,,,
therapeutic_target,held_out,therapeutic_target_efo_0000571,Lung adenocarcinoma,gae_att_fixed_do06,ProtScape-GAE,gae_att_fixed_do06_ep300,gae_att_fixed_do06_ep300,abmil8,ABMIL Contextual + ESM2,abmil_hc_cell_ext_embed_gated_8,abmil,esm,bulk,bulk_shared,cell_embeddings.pt,canonical_contextualized,abmil_hc_cell_ext_embed_gated_8__hp_lr0p0001_att256_do0p6_wd0p0001_selauprc_cw1__emb_esm,val_auprc_macro_mean,0.6308773555492191,0.0001,0.0001,512,300,50,42,6,5,0,8.0,256.0,0.6,0.0,linear,True,,,,
therapeutic_target,held_out,therapeutic_target_efo_0000571,Lung adenocarcinoma,gae_att_fixed_do06,ProtScape-GAE,gae_att_fixed_do06_ep300,gae_att_fixed_do06_ep300,abmil8_pdl_hc_cell,ABMIL-PDL Contextual instances,abmil_hc_cell_gated_8_pdl,abmil,esm,bulk,bulk_shared,cell_embeddings.pt,canonical_contextualized,abmil_hc_cell_gated_8_pdl__hp_lr0p0001_att256_do0_pdl0p7_pdlimplnew_pdlprojidentity_pdlprojl2_wd0p0001_selauprc_cw1__emb_esm,val_auprc_macro_mean,0.6028494791722967,0.0001,0.0001,512,300,50,42,6,5,0,8.0,256.0,0.0,0.0,linear,True,0.7,identity,2.0,new
therapeutic_target,held_out,therapeutic_target_efo_0000571,Lung adenocarcinoma,gae_att_fixed_do06,ProtScape-GAE,gae_att_fixed_do06_ep300,gae_att_fixed_do06_ep300,abmil8_pdl_id2_dropout,ABMIL-PDL Contextual + ESM2,abmil_hc_cell_ext_embed_gated_8_pdl,abmil,esm,bulk,bulk_shared,cell_embeddings.pt,canonical_contextualized,abmil_hc_cell_ext_embed_gated_8_pdl__hp_lr0p0001_att256_do0_pdl0p7_pdlimplnew_pdlprojidentity_pdlprojl2_wd0p0001_selauprc_cw1__emb_esm,val_auprc_macro_mean,0.6282546301000168,0.0001,0.0001,512,300,50,42,6,5,0,8.0,256.0,0.0,0.0,linear,True,0.7,identity,2.0,new
therapeutic_target,held_out,therapeutic_target_efo_0000571,Lung adenocarcinoma,s2gae_att_k1_fixed_do04_uni,ProtScape,s2gae_att_k1_fixed_do04_uni5e6,s2gae_att_k1_fixed_do04_uni5e6_paper_20260510,lr_hc_cell,Mean-pool LR Contextual instances,lr_hc_cell,linear,esm,bulk,bulk_shared,cell_embeddings.pt,canonical_contextualized,lr_hc_cell__hp_lr0p0001_wd0p0001_selauprc_cw1__emb_esm,val_auprc_macro_mean,0.5540726157844112,0.0001,0.0001,512,300,50,42,6,5,0,,,,,linear,True,,,,
therapeutic_target,held_out,therapeutic_target_efo_0000571,Lung adenocarcinoma,s2gae_att_k1_fixed_do04_uni,ProtScape,s2gae_att_k1_fixed_do04_uni5e6,s2gae_att_k1_fixed_do04_uni5e6_paper_20260510,lr_hc_cell_esm,Mean-pool LR Contextual + ESM2,lr_hc_cell_ext_embed,linear,esm,bulk,bulk_shared,cell_embeddings.pt,canonical_contextualized,lr_hc_cell_ext_embed__hp_lr0p0001_wd0p0001_selauprc_cw1__emb_esm,val_auprc_macro_mean,0.6877712528156983,0.0001,0.0001,512,300,50,42,6,5,0,,,,,linear,True,,,,
therapeutic_target,held_out,therapeutic_target_efo_0000571,Lung adenocarcinoma,s2gae_att_k1_fixed_do04_uni,ProtScape,s2gae_att_k1_fixed_do04_uni5e6,s2gae_att_k1_fixed_do04_uni5e6_paper_20260510,abmil8_hc_cell,ABMIL Contextual instances,abmil_hc_cell_gated_8,abmil,esm,bulk,bulk_shared,cell_embeddings.pt,canonical_contextualized,abmil_hc_cell_gated_8__hp_lr0p0001_att256_do0p4_wd0p0001_selauprc_cw1__emb_esm,val_auprc_macro_mean,0.6577073419807156,0.0001,0.0001,512,300,50,42,6,5,0,8.0,256.0,0.4,0.0,linear,True,,,,
therapeutic_target,held_out,therapeutic_target_efo_0000571,Lung adenocarcinoma,s2gae_att_k1_fixed_do04_uni,ProtScape,s2gae_att_k1_fixed_do04_uni5e6,s2gae_att_k1_fixed_do04_uni5e6_paper_20260510,abmil8,ABMIL Contextual + ESM2,abmil_hc_cell_ext_embed_gated_8,abmil,esm,bulk,bulk_shared,cell_embeddings.pt,canonical_contextualized,abmil_hc_cell_ext_embed_gated_8__hp_lr0p0001_att256_do0p4_wd0p0001_selauprc_cw1__emb_esm,val_auprc_macro_mean,0.6906231437572549,0.0001,0.0001,512,300,50,42,6,5,0,8.0,256.0,0.4,0.0,linear,True,,,,
therapeutic_target,held_out,therapeutic_target_efo_0000571,Lung adenocarcinoma,s2gae_att_k1_fixed_do04_uni,ProtScape,s2gae_att_k1_fixed_do04_uni5e6,s2gae_att_k1_fixed_do04_uni5e6_paper_20260510,abmil8_pdl_hc_cell,ABMIL-PDL Contextual instances,abmil_hc_cell_gated_8_pdl,abmil,esm,bulk,bulk_shared,cell_embeddings.pt,canonical_contextualized,abmil_hc_cell_gated_8_pdl__hp_lr0p0001_att256_do0_pdl0p2_pdlimplnew_pdlprojidentity_pdlprojl2_wd0p0001_selauprc_cw1__emb_esm,val_auprc_macro_mean,0.703198432664115,0.0001,0.0001,512,300,50,42,6,5,0,8.0,256.0,0.0,0.0,linear,True,0.2,identity,2.0,new
therapeutic_target,held_out,therapeutic_target_efo_0000571,Lung adenocarcinoma,s2gae_att_k1_fixed_do04_uni,ProtScape,s2gae_att_k1_fixed_do04_uni5e6,s2gae_att_k1_fixed_do04_uni5e6_paper_20260510,abmil8_pdl_id2_dropout,ABMIL-PDL Contextual + ESM2,abmil_hc_cell_ext_embed_gated_8_pdl,abmil,esm,bulk,bulk_shared,cell_embeddings.pt,canonical_contextualized,abmil_hc_cell_ext_embed_gated_8_pdl__hp_lr0p0001_att256_do0_pdl0p3_pdlimplnew_pdlprojidentity_pdlprojl2_wd0p0001_selauprc_cw1__emb_esm,val_auprc_macro_mean,0.7277420965820511,0.0001,0.0001,512,300,50,42,6,5,0,8.0,256.0,0.0,0.0,linear,True,0.3,identity,2.0,new
therapeutic_target,held_out,therapeutic_target_efo_0000676,Psoriasis,lr_esm,ESM2,PINNACLE_model_globalsplit_ESM2_symmetric_PPI-True_GATv2_H64_lambda001_drop02_out32__ep150_bulk,PINNACLE_model_globalsplit_ESM2_symmetric_PPI-True_GATv2_H64_lambda001_drop02_out32__ep150_bulk,lr_esm,Linear probe ESM2 sequence,lr_ext_embed,linear,esm,bulk,bulk_shared,,not_used_sequence_only,lr_ext_embed__hp_lr0p0001_wd0p0001_selauprc_cw1__emb_esm,val_auprc_macro_mean,0.6403825732028794,0.0001,0.0001,512,300,50,42,6,5,0,,,,,linear,True,,,,
therapeutic_target,held_out,therapeutic_target_efo_0000676,Psoriasis,lr_prostt5,ProstT5,PINNACLE_model_globalsplit_ESM2_symmetric_PPI-True_GATv2_H64_lambda001_drop02_out32__ep150_bulk,PINNACLE_model_globalsplit_ESM2_symmetric_PPI-True_GATv2_H64_lambda001_drop02_out32__ep150_bulk,lr_prostt5,Linear probe ProstT5 sequence,lr_ext_embed,linear,prostt5,bulk,bulk_shared,,not_used_sequence_only,lr_ext_embed__hp_lr0p0001_wd0p0001_selauprc_cw1__emb_prostt5,val_auprc_macro_mean,0.5322634889995103,0.0001,0.0001,512,300,50,42,6,5,0,,,,,linear,True,,,,
therapeutic_target,held_out,therapeutic_target_efo_0000676,Psoriasis,pinnacle_random_fixed,Pinnacle,PINNACLE_model_globalsplit_random_symmetric_PPI-True_GATv2_H64_lambda001_drop02_out32__ep150_bulk,PINNACLE_model_globalsplit_random_symmetric_PPI-True_GATv2_H64_lambda001_drop02_out32__ep150_bulk,lr_hc_cell,Mean-pool LR Contextual instances,lr_hc_cell,linear,esm,bulk,bulk_shared,cell_embeddings.pt,canonical_contextualized,lr_hc_cell__hp_lr0p0001_wd0p0001_selauprc_cw1__emb_esm,val_auprc_macro_mean,0.3015213590238715,0.0001,0.0001,512,300,50,42,6,5,0,,,,,linear,True,,,,
therapeutic_target,held_out,therapeutic_target_efo_0000676,Psoriasis,pinnacle_random_fixed,Pinnacle,PINNACLE_model_globalsplit_random_symmetric_PPI-True_GATv2_H64_lambda001_drop02_out32__ep150_bulk,PINNACLE_model_globalsplit_random_symmetric_PPI-True_GATv2_H64_lambda001_drop02_out32__ep150_bulk,lr_hc_cell_esm,Mean-pool LR Contextual + ESM2,lr_hc_cell_ext_embed,linear,esm,bulk,bulk_shared,cell_embeddings.pt,canonical_contextualized,lr_hc_cell_ext_embed__hp_lr0p0001_wd0p0001_selauprc_cw1__emb_esm,val_auprc_macro_mean,0.6403655321989017,0.0001,0.0001,512,300,50,42,6,5,0,,,,,linear,True,,,,
therapeutic_target,held_out,therapeutic_target_efo_0000676,Psoriasis,pinnacle_random_fixed,Pinnacle,PINNACLE_model_globalsplit_random_symmetric_PPI-True_GATv2_H64_lambda001_drop02_out32__ep150_bulk,PINNACLE_model_globalsplit_random_symmetric_PPI-True_GATv2_H64_lambda001_drop02_out32__ep150_bulk,abmil8_hc_cell,ABMIL Contextual instances,abmil_hc_cell_gated_8,abmil,esm,bulk,bulk_shared,cell_embeddings.pt,canonical_contextualized,abmil_hc_cell_gated_8__hp_lr0p0001_att256_do0_wd0p0001_selauprc_cw1__emb_esm,val_auprc_macro_mean,0.4393637780584091,0.0001,0.0001,512,300,50,42,6,5,0,8.0,256.0,0.0,0.0,linear,True,,,,
therapeutic_target,held_out,therapeutic_target_efo_0000676,Psoriasis,pinnacle_random_fixed,Pinnacle,PINNACLE_model_globalsplit_random_symmetric_PPI-True_GATv2_H64_lambda001_drop02_out32__ep150_bulk,PINNACLE_model_globalsplit_random_symmetric_PPI-True_GATv2_H64_lambda001_drop02_out32__ep150_bulk,abmil8,ABMIL Contextual + ESM2,abmil_hc_cell_ext_embed_gated_8,abmil,esm,bulk,bulk_shared,cell_embeddings.pt,canonical_contextualized,abmil_hc_cell_ext_embed_gated_8__hp_lr0p0001_att256_do0p6_wd0p0001_selauprc_cw1__emb_esm,val_auprc_macro_mean,0.6421944920269431,0.0001,0.0001,512,300,50,42,6,5,0,8.0,256.0,0.6,0.0,linear,True,,,,
therapeutic_target,held_out,therapeutic_target_efo_0000676,Psoriasis,pinnacle_random_fixed,Pinnacle,PINNACLE_model_globalsplit_random_symmetric_PPI-True_GATv2_H64_lambda001_drop02_out32__ep150_bulk,PINNACLE_model_globalsplit_random_symmetric_PPI-True_GATv2_H64_lambda001_drop02_out32__ep150_bulk,abmil8_pdl_hc_cell,ABMIL-PDL Contextual instances,abmil_hc_cell_gated_8_pdl,abmil,esm,bulk,bulk_shared,cell_embeddings.pt,canonical_contextualized,abmil_hc_cell_gated_8_pdl__hp_lr0p0001_att256_do0_pdl0p5_pdlimplnew_pdlprojidentity_pdlprojl2_wd0p0001_selauprc_cw1__emb_esm,val_auprc_macro_mean,0.5678985919362937,0.0001,0.0001,512,300,50,42,6,5,0,8.0,256.0,0.0,0.0,linear,True,0.5,identity,2.0,new
therapeutic_target,held_out,therapeutic_target_efo_0000676,Psoriasis,pinnacle_random_fixed,Pinnacle,PINNACLE_model_globalsplit_random_symmetric_PPI-True_GATv2_H64_lambda001_drop02_out32__ep150_bulk,PINNACLE_model_globalsplit_random_symmetric_PPI-True_GATv2_H64_lambda001_drop02_out32__ep150_bulk,abmil8_pdl_id2_dropout,ABMIL-PDL Contextual + ESM2,abmil_hc_cell_ext_embed_gated_8_pdl,abmil,esm,bulk,bulk_shared,cell_embeddings.pt,canonical_contextualized,abmil_hc_cell_ext_embed_gated_8_pdl__hp_lr0p0001_att256_do0_pdl0p6_pdlimplnew_pdlprojidentity_pdlprojl2_wd0p0001_selauprc_cw1__emb_esm,val_auprc_macro_mean,0.6735767758694288,0.0001,0.0001,512,300,50,42,6,5,0,8.0,256.0,0.0,0.0,linear,True,0.6,identity,2.0,new
therapeutic_target,held_out,therapeutic_target_efo_0000676,Psoriasis,pinnacle_esm_fixed,Pinnacle-ESM2 (GAT),PINNACLE_model_globalsplit_ESM2_symmetric_PPI-True_GATv2_H64_lambda001_drop02_out32__ep150_bulk,PINNACLE_model_globalsplit_ESM2_symmetric_PPI-True_GATv2_H64_lambda001_drop02_out32__ep150_bulk,lr_hc_cell,Mean-pool LR Contextual instances,lr_hc_cell,linear,esm,bulk,bulk_shared,cell_embeddings.pt,canonical_contextualized,lr_hc_cell__hp_lr0p0001_wd0p0001_selauprc_cw1__emb_esm,val_auprc_macro_mean,0.3404426666481211,0.0001,0.0001,512,300,50,42,6,5,0,,,,,linear,True,,,,
therapeutic_target,held_out,therapeutic_target_efo_0000676,Psoriasis,pinnacle_esm_fixed,Pinnacle-ESM2 (GAT),PINNACLE_model_globalsplit_ESM2_symmetric_PPI-True_GATv2_H64_lambda001_drop02_out32__ep150_bulk,PINNACLE_model_globalsplit_ESM2_symmetric_PPI-True_GATv2_H64_lambda001_drop02_out32__ep150_bulk,lr_hc_cell_esm,Mean-pool LR Contextual + ESM2,lr_hc_cell_ext_embed,linear,esm,bulk,bulk_shared,cell_embeddings.pt,canonical_contextualized,lr_hc_cell_ext_embed__hp_lr0p0001_wd0p0001_selauprc_cw1__emb_esm,val_auprc_macro_mean,0.6473366474291002,0.0001,0.0001,512,300,50,42,6,5,0,,,,,linear,True,,,,
therapeutic_target,held_out,therapeutic_target_efo_0000676,Psoriasis,pinnacle_esm_fixed,Pinnacle-ESM2 (GAT),PINNACLE_model_globalsplit_ESM2_symmetric_PPI-True_GATv2_H64_lambda001_drop02_out32__ep150_bulk,PINNACLE_model_globalsplit_ESM2_symmetric_PPI-True_GATv2_H64_lambda001_drop02_out32__ep150_bulk,abmil8_hc_cell,ABMIL Contextual instances,abmil_hc_cell_gated_8,abmil,esm,bulk,bulk_shared,cell_embeddings.pt,canonical_contextualized,abmil_hc_cell_gated_8__hp_lr0p0001_att256_do0_wd0p0001_selauprc_cw1__emb_esm,val_auprc_macro_mean,0.434628979850231,0.0001,0.0001,512,300,50,42,6,5,0,8.0,256.0,0.0,0.0,linear,True,,,,
therapeutic_target,held_out,therapeutic_target_efo_0000676,Psoriasis,pinnacle_esm_fixed,Pinnacle-ESM2 (GAT),PINNACLE_model_globalsplit_ESM2_symmetric_PPI-True_GATv2_H64_lambda001_drop02_out32__ep150_bulk,PINNACLE_model_globalsplit_ESM2_symmetric_PPI-True_GATv2_H64_lambda001_drop02_out32__ep150_bulk,abmil8,ABMIL Contextual + ESM2,abmil_hc_cell_ext_embed_gated_8,abmil,esm,bulk,bulk_shared,cell_embeddings.pt,canonical_contextualized,abmil_hc_cell_ext_embed_gated_8__hp_lr0p0001_att256_do0_wd0p0001_selauprc_cw1__emb_esm,val_auprc_macro_mean,0.6713521407519861,0.0001,0.0001,512,300,50,42,6,5,0,8.0,256.0,0.0,0.0,linear,True,,,,
therapeutic_target,held_out,therapeutic_target_efo_0000676,Psoriasis,pinnacle_esm_fixed,Pinnacle-ESM2 (GAT),PINNACLE_model_globalsplit_ESM2_symmetric_PPI-True_GATv2_H64_lambda001_drop02_out32__ep150_bulk,PINNACLE_model_globalsplit_ESM2_symmetric_PPI-True_GATv2_H64_lambda001_drop02_out32__ep150_bulk,abmil8_pdl_hc_cell,ABMIL-PDL Contextual instances,abmil_hc_cell_gated_8_pdl,abmil,esm,bulk,bulk_shared,cell_embeddings.pt,canonical_contextualized,abmil_hc_cell_gated_8_pdl__hp_lr0p0001_att256_do0_pdl0p4_pdlimplnew_pdlprojidentity_pdlprojl2_wd0p0001_selauprc_cw1__emb_esm,val_auprc_macro_mean,0.5346655735962789,0.0001,0.0001,512,300,50,42,6,5,0,8.0,256.0,0.0,0.0,linear,True,0.4,identity,2.0,new
therapeutic_target,held_out,therapeutic_target_efo_0000676,Psoriasis,pinnacle_esm_fixed,Pinnacle-ESM2 (GAT),PINNACLE_model_globalsplit_ESM2_symmetric_PPI-True_GATv2_H64_lambda001_drop02_out32__ep150_bulk,PINNACLE_model_globalsplit_ESM2_symmetric_PPI-True_GATv2_H64_lambda001_drop02_out32__ep150_bulk,abmil8_pdl_id2_dropout,ABMIL-PDL Contextual + ESM2,abmil_hc_cell_ext_embed_gated_8_pdl,abmil,esm,bulk,bulk_shared,cell_embeddings.pt,canonical_contextualized,abmil_hc_cell_ext_embed_gated_8_pdl__hp_lr0p0001_att256_do0_pdl0p2_pdlimplnew_pdlprojidentity_pdlprojl2_wd0p0001_selauprc_cw1__emb_esm,val_auprc_macro_mean,0.663243632269627,0.0001,0.0001,512,300,50,42,6,5,0,8.0,256.0,0.0,0.0,linear,True,0.2,identity,2.0,new
therapeutic_target,held_out,therapeutic_target_efo_0000676,Psoriasis,pinnacle_esm2_acm,Pinnacle-ESM2 (ACM),PINNACLE_model_globalsplit_ESM2_symmetric_PPI-True_ACM_RandomWalk_H64_lambda001_drop02_out64__ep150_bulk,PINNACLE_model_globalsplit_ESM2_symmetric_PPI-True_ACM_RandomWalk_H64_lambda001_drop02_out64__ep150_bulk,lr_hc_cell,Mean-pool LR Contextual instances,lr_hc_cell,linear,esm,bulk,bulk_shared,cell_embeddings.pt,canonical_contextualized,lr_hc_cell__hp_lr0p0001_wd0p0001_selauprc_cw1__emb_esm,val_auprc_macro_mean,0.2529256056798987,0.0001,0.0001,512,300,50,42,6,5,0,,,,,linear,True,,,,
therapeutic_target,held_out,therapeutic_target_efo_0000676,Psoriasis,pinnacle_esm2_acm,Pinnacle-ESM2 (ACM),PINNACLE_model_globalsplit_ESM2_symmetric_PPI-True_ACM_RandomWalk_H64_lambda001_drop02_out64__ep150_bulk,PINNACLE_model_globalsplit_ESM2_symmetric_PPI-True_ACM_RandomWalk_H64_lambda001_drop02_out64__ep150_bulk,lr_hc_cell_esm,Mean-pool LR Contextual + ESM2,lr_hc_cell_ext_embed,linear,esm,bulk,bulk_shared,cell_embeddings.pt,canonical_contextualized,lr_hc_cell_ext_embed__hp_lr0p0001_wd0p0001_selauprc_cw1__emb_esm,val_auprc_macro_mean,0.6426263534054687,0.0001,0.0001,512,300,50,42,6,5,0,,,,,linear,True,,,,
therapeutic_target,held_out,therapeutic_target_efo_0000676,Psoriasis,pinnacle_esm2_acm,Pinnacle-ESM2 (ACM),PINNACLE_model_globalsplit_ESM2_symmetric_PPI-True_ACM_RandomWalk_H64_lambda001_drop02_out64__ep150_bulk,PINNACLE_model_globalsplit_ESM2_symmetric_PPI-True_ACM_RandomWalk_H64_lambda001_drop02_out64__ep150_bulk,abmil8_hc_cell,ABMIL Contextual instances,abmil_hc_cell_gated_8,abmil,esm,bulk,bulk_shared,cell_embeddings.pt,canonical_contextualized,abmil_hc_cell_gated_8__hp_lr0p0001_att256_do0p2_wd0p0001_selauprc_cw1__emb_esm,val_auprc_macro_mean,0.4253849254122171,0.0001,0.0001,512,300,50,42,6,5,0,8.0,256.0,0.2,0.0,linear,True,,,,
therapeutic_target,held_out,therapeutic_target_efo_0000676,Psoriasis,pinnacle_esm2_acm,Pinnacle-ESM2 (ACM),PINNACLE_model_globalsplit_ESM2_symmetric_PPI-True_ACM_RandomWalk_H64_lambda001_drop02_out64__ep150_bulk,PINNACLE_model_globalsplit_ESM2_symmetric_PPI-True_ACM_RandomWalk_H64_lambda001_drop02_out64__ep150_bulk,abmil8,ABMIL Contextual + ESM2,abmil_hc_cell_ext_embed_gated_8,abmil,esm,bulk,bulk_shared,cell_embeddings.pt,canonical_contextualized,abmil_hc_cell_ext_embed_gated_8__hp_lr0p0001_att256_do0p4_wd0p0001_selauprc_cw1__emb_esm,val_auprc_macro_mean,0.6489465871919096,0.0001,0.0001,512,300,50,42,6,5,0,8.0,256.0,0.4,0.0,linear,True,,,,
therapeutic_target,held_out,therapeutic_target_efo_0000676,Psoriasis,pinnacle_esm2_acm,Pinnacle-ESM2 (ACM),PINNACLE_model_globalsplit_ESM2_symmetric_PPI-True_ACM_RandomWalk_H64_lambda001_drop02_out64__ep150_bulk,PINNACLE_model_globalsplit_ESM2_symmetric_PPI-True_ACM_RandomWalk_H64_lambda001_drop02_out64__ep150_bulk,abmil8_pdl_hc_cell,ABMIL-PDL Contextual instances,abmil_hc_cell_gated_8_pdl,abmil,esm,bulk,bulk_shared,cell_embeddings.pt,canonical_contextualized,abmil_hc_cell_gated_8_pdl__hp_lr0p0001_att256_do0_pdl0p2_pdlimplnew_pdlprojidentity_pdlprojl2_wd0p0001_selauprc_cw1__emb_esm,val_auprc_macro_mean,0.4048369238700647,0.0001,0.0001,512,300,50,42,6,5,0,8.0,256.0,0.0,0.0,linear,True,0.2,identity,2.0,new
therapeutic_target,held_out,therapeutic_target_efo_0000676,Psoriasis,pinnacle_esm2_acm,Pinnacle-ESM2 (ACM),PINNACLE_model_globalsplit_ESM2_symmetric_PPI-True_ACM_RandomWalk_H64_lambda001_drop02_out64__ep150_bulk,PINNACLE_model_globalsplit_ESM2_symmetric_PPI-True_ACM_RandomWalk_H64_lambda001_drop02_out64__ep150_bulk,abmil8_pdl_id2_dropout,ABMIL-PDL Contextual + ESM2,abmil_hc_cell_ext_embed_gated_8_pdl,abmil,esm,bulk,bulk_shared,cell_embeddings.pt,canonical_contextualized,abmil_hc_cell_ext_embed_gated_8_pdl__hp_lr0p0001_att256_do0_pdl0p5_pdlimplnew_pdlprojidentity_pdlprojl2_wd0p0001_selauprc_cw1__emb_esm,val_auprc_macro_mean,0.639953894580916,0.0001,0.0001,512,300,50,42,6,5,0,8.0,256.0,0.0,0.0,linear,True,0.5,identity,2.0,new
therapeutic_target,held_out,therapeutic_target_efo_0000676,Psoriasis,gae_att_fixed_do06,ProtScape-GAE,gae_att_fixed_do06_ep300,gae_att_fixed_do06_ep300,lr_hc_cell,Mean-pool LR Contextual instances,lr_hc_cell,linear,esm,bulk,bulk_shared,cell_embeddings.pt,canonical_contextualized,lr_hc_cell__hp_lr0p0001_wd0p0001_selauprc_cw1__emb_esm,val_auprc_macro_mean,0.4710617670238947,0.0001,0.0001,512,300,50,42,6,5,0,,,,,linear,True,,,,
therapeutic_target,held_out,therapeutic_target_efo_0000676,Psoriasis,gae_att_fixed_do06,ProtScape-GAE,gae_att_fixed_do06_ep300,gae_att_fixed_do06_ep300,lr_hc_cell_esm,Mean-pool LR Contextual + ESM2,lr_hc_cell_ext_embed,linear,esm,bulk,bulk_shared,cell_embeddings.pt,canonical_contextualized,lr_hc_cell_ext_embed__hp_lr0p0001_wd0p0001_selauprc_cw1__emb_esm,val_auprc_macro_mean,0.6321624129495385,0.0001,0.0001,512,300,50,42,6,5,0,,,,,linear,True,,,,
therapeutic_target,held_out,therapeutic_target_efo_0000676,Psoriasis,gae_att_fixed_do06,ProtScape-GAE,gae_att_fixed_do06_ep300,gae_att_fixed_do06_ep300,abmil8_hc_cell,ABMIL Contextual instances,abmil_hc_cell_gated_8,abmil,esm,bulk,bulk_shared,cell_embeddings.pt,canonical_contextualized,abmil_hc_cell_gated_8__hp_lr0p0001_att256_do0p4_wd0p0001_selauprc_cw1__emb_esm,val_auprc_macro_mean,0.6164229751688618,0.0001,0.0001,512,300,50,42,6,5,0,8.0,256.0,0.4,0.0,linear,True,,,,
therapeutic_target,held_out,therapeutic_target_efo_0000676,Psoriasis,gae_att_fixed_do06,ProtScape-GAE,gae_att_fixed_do06_ep300,gae_att_fixed_do06_ep300,abmil8,ABMIL Contextual + ESM2,abmil_hc_cell_ext_embed_gated_8,abmil,esm,bulk,bulk_shared,cell_embeddings.pt,canonical_contextualized,abmil_hc_cell_ext_embed_gated_8__hp_lr0p0001_att256_do0p6_wd0p0001_selauprc_cw1__emb_esm,val_auprc_macro_mean,0.6487588127530494,0.0001,0.0001,512,300,50,42,6,5,0,8.0,256.0,0.6,0.0,linear,True,,,,
therapeutic_target,held_out,therapeutic_target_efo_0000676,Psoriasis,gae_att_fixed_do06,ProtScape-GAE,gae_att_fixed_do06_ep300,gae_att_fixed_do06_ep300,abmil8_pdl_hc_cell,ABMIL-PDL Contextual instances,abmil_hc_cell_gated_8_pdl,abmil,esm,bulk,bulk_shared,cell_embeddings.pt,canonical_contextualized,abmil_hc_cell_gated_8_pdl__hp_lr0p0001_att256_do0_pdl0p5_pdlimplnew_pdlprojidentity_pdlprojl2_wd0p0001_selauprc_cw1__emb_esm,val_auprc_macro_mean,0.6518236984461283,0.0001,0.0001,512,300,50,42,6,5,0,8.0,256.0,0.0,0.0,linear,True,0.5,identity,2.0,new
therapeutic_target,held_out,therapeutic_target_efo_0000676,Psoriasis,gae_att_fixed_do06,ProtScape-GAE,gae_att_fixed_do06_ep300,gae_att_fixed_do06_ep300,abmil8_pdl_id2_dropout,ABMIL-PDL Contextual + ESM2,abmil_hc_cell_ext_embed_gated_8_pdl,abmil,esm,bulk,bulk_shared,cell_embeddings.pt,canonical_contextualized,abmil_hc_cell_ext_embed_gated_8_pdl__hp_lr0p0001_att256_do0_pdl0p6_pdlimplnew_pdlprojidentity_pdlprojl2_wd0p0001_selauprc_cw1__emb_esm,val_auprc_macro_mean,0.6830711154388089,0.0001,0.0001,512,300,50,42,6,5,0,8.0,256.0,0.0,0.0,linear,True,0.6,identity,2.0,new
therapeutic_target,held_out,therapeutic_target_efo_0000676,Psoriasis,s2gae_att_k1_fixed_do04_uni,ProtScape,s2gae_att_k1_fixed_do04_uni5e6,s2gae_att_k1_fixed_do04_uni5e6_paper_20260510,lr_hc_cell,Mean-pool LR Contextual instances,lr_hc_cell,linear,esm,bulk,bulk_shared,cell_embeddings.pt,canonical_contextualized,lr_hc_cell__hp_lr0p0001_wd0p0001_selauprc_cw1__emb_esm,val_auprc_macro_mean,0.6608695436370309,0.0001,0.0001,512,300,50,42,6,5,0,,,,,linear,True,,,,
therapeutic_target,held_out,therapeutic_target_efo_0000676,Psoriasis,s2gae_att_k1_fixed_do04_uni,ProtScape,s2gae_att_k1_fixed_do04_uni5e6,s2gae_att_k1_fixed_do04_uni5e6_paper_20260510,lr_hc_cell_esm,Mean-pool LR Contextual + ESM2,lr_hc_cell_ext_embed,linear,esm,bulk,bulk_shared,cell_embeddings.pt,canonical_contextualized,lr_hc_cell_ext_embed__hp_lr0p0001_wd0p0001_selauprc_cw1__emb_esm,val_auprc_macro_mean,0.71387796962227,0.0001,0.0001,512,300,50,42,6,5,0,,,,,linear,True,,,,
therapeutic_target,held_out,therapeutic_target_efo_0000676,Psoriasis,s2gae_att_k1_fixed_do04_uni,ProtScape,s2gae_att_k1_fixed_do04_uni5e6,s2gae_att_k1_fixed_do04_uni5e6_paper_20260510,abmil8_hc_cell,ABMIL Contextual instances,abmil_hc_cell_gated_8,abmil,esm,bulk,bulk_shared,cell_embeddings.pt,canonical_contextualized,abmil_hc_cell_gated_8__hp_lr0p0001_att256_do0_wd0p0001_selauprc_cw1__emb_esm,val_auprc_macro_mean,0.73452805708819,0.0001,0.0001,512,300,50,42,6,5,0,8.0,256.0,0.0,0.0,linear,True,,,,
therapeutic_target,held_out,therapeutic_target_efo_0000676,Psoriasis,s2gae_att_k1_fixed_do04_uni,ProtScape,s2gae_att_k1_fixed_do04_uni5e6,s2gae_att_k1_fixed_do04_uni5e6_paper_20260510,abmil8,ABMIL Contextual + ESM2,abmil_hc_cell_ext_embed_gated_8,abmil,esm,bulk,bulk_shared,cell_embeddings.pt,canonical_contextualized,abmil_hc_cell_ext_embed_gated_8__hp_lr0p0001_att256_do0_wd0p0001_selauprc_cw1__emb_esm,val_auprc_macro_mean,0.7448300154107457,0.0001,0.0001,512,300,50,42,6,5,0,8.0,256.0,0.0,0.0,linear,True,,,,
therapeutic_target,held_out,therapeutic_target_efo_0000676,Psoriasis,s2gae_att_k1_fixed_do04_uni,ProtScape,s2gae_att_k1_fixed_do04_uni5e6,s2gae_att_k1_fixed_do04_uni5e6_paper_20260510,abmil8_pdl_hc_cell,ABMIL-PDL Contextual instances,abmil_hc_cell_gated_8_pdl,abmil,esm,bulk,bulk_shared,cell_embeddings.pt,canonical_contextualized,abmil_hc_cell_gated_8_pdl__hp_lr0p0001_att256_do0_pdl0p7_pdlimplnew_pdlprojidentity_pdlprojl2_wd0p0001_selauprc_cw1__emb_esm,val_auprc_macro_mean,0.7611238069604308,0.0001,0.0001,512,300,50,42,6,5,0,8.0,256.0,0.0,0.0,linear,True,0.7,identity,2.0,new
therapeutic_target,held_out,therapeutic_target_efo_0000676,Psoriasis,s2gae_att_k1_fixed_do04_uni,ProtScape,s2gae_att_k1_fixed_do04_uni5e6,s2gae_att_k1_fixed_do04_uni5e6_paper_20260510,abmil8_pdl_id2_dropout,ABMIL-PDL Contextual + ESM2,abmil_hc_cell_ext_embed_gated_8_pdl,abmil,esm,bulk,bulk_shared,cell_embeddings.pt,canonical_contextualized,abmil_hc_cell_ext_embed_gated_8_pdl__hp_lr0p0001_att256_do0_pdl0p7_pdlimplnew_pdlprojidentity_pdlprojl2_wd0p0001_selauprc_cw1__emb_esm,val_auprc_macro_mean,0.7764510230829569,0.0001,0.0001,512,300,50,42,6,5,0,8.0,256.0,0.0,0.0,linear,True,0.7,identity,2.0,new
therapeutic_target,held_out,therapeutic_target_efo_0001361,Pulmonary arterial hypertension,lr_esm,ESM2,PINNACLE_model_globalsplit_ESM2_symmetric_PPI-True_GATv2_H64_lambda001_drop02_out32__ep150_bulk,PINNACLE_model_globalsplit_ESM2_symmetric_PPI-True_GATv2_H64_lambda001_drop02_out32__ep150_bulk,lr_esm,Linear probe ESM2 sequence,lr_ext_embed,linear,esm,bulk,bulk_shared,,not_used_sequence_only,lr_ext_embed__hp_lr0p0001_wd0p0001_selauprc_cw1__emb_esm,val_auprc_macro_mean,0.5008072674668448,0.0001,0.0001,512,300,50,42,6,5,0,,,,,linear,True,,,,
therapeutic_target,held_out,therapeutic_target_efo_0001361,Pulmonary arterial hypertension,lr_prostt5,ProstT5,PINNACLE_model_globalsplit_ESM2_symmetric_PPI-True_GATv2_H64_lambda001_drop02_out32__ep150_bulk,PINNACLE_model_globalsplit_ESM2_symmetric_PPI-True_GATv2_H64_lambda001_drop02_out32__ep150_bulk,lr_prostt5,Linear probe ProstT5 sequence,lr_ext_embed,linear,prostt5,bulk,bulk_shared,,not_used_sequence_only,lr_ext_embed__hp_lr0p0001_wd0p0001_selauprc_cw1__emb_prostt5,val_auprc_macro_mean,0.3951202889918421,0.0001,0.0001,512,300,50,42,6,5,0,,,,,linear,True,,,,
therapeutic_target,held_out,therapeutic_target_efo_0001361,Pulmonary arterial hypertension,pinnacle_random_fixed,Pinnacle,PINNACLE_model_globalsplit_random_symmetric_PPI-True_GATv2_H64_lambda001_drop02_out32__ep150_bulk,PINNACLE_model_globalsplit_random_symmetric_PPI-True_GATv2_H64_lambda001_drop02_out32__ep150_bulk,lr_hc_cell,Mean-pool LR Contextual instances,lr_hc_cell,linear,esm,bulk,bulk_shared,cell_embeddings.pt,canonical_contextualized,lr_hc_cell__hp_lr0p0001_wd0p0001_selauprc_cw1__emb_esm,val_auprc_macro_mean,0.0987542307101863,0.0001,0.0001,512,300,50,42,6,5,0,,,,,linear,True,,,,
therapeutic_target,held_out,therapeutic_target_efo_0001361,Pulmonary arterial hypertension,pinnacle_random_fixed,Pinnacle,PINNACLE_model_globalsplit_random_symmetric_PPI-True_GATv2_H64_lambda001_drop02_out32__ep150_bulk,PINNACLE_model_globalsplit_random_symmetric_PPI-True_GATv2_H64_lambda001_drop02_out32__ep150_bulk,lr_hc_cell_esm,Mean-pool LR Contextual + ESM2,lr_hc_cell_ext_embed,linear,esm,bulk,bulk_shared,cell_embeddings.pt,canonical_contextualized,lr_hc_cell_ext_embed__hp_lr0p0001_wd0p0001_selauprc_cw1__emb_esm,val_auprc_macro_mean,0.5235920665934765,0.0001,0.0001,512,300,50,42,6,5,0,,,,,linear,True,,,,
therapeutic_target,held_out,therapeutic_target_efo_0001361,Pulmonary arterial hypertension,pinnacle_random_fixed,Pinnacle,PINNACLE_model_globalsplit_random_symmetric_PPI-True_GATv2_H64_lambda001_drop02_out32__ep150_bulk,PINNACLE_model_globalsplit_random_symmetric_PPI-True_GATv2_H64_lambda001_drop02_out32__ep150_bulk,abmil8_hc_cell,ABMIL Contextual instances,abmil_hc_cell_gated_8,abmil,esm,bulk,bulk_shared,cell_embeddings.pt,canonical_contextualized,abmil_hc_cell_gated_8__hp_lr0p0001_att256_do0p4_wd0p0001_selauprc_cw1__emb_esm,val_auprc_macro_mean,0.1395763857659563,0.0001,0.0001,512,300,50,42,6,5,0,8.0,256.0,0.4,0.0,linear,True,,,,
therapeutic_target,held_out,therapeutic_target_efo_0001361,Pulmonary arterial hypertension,pinnacle_random_fixed,Pinnacle,PINNACLE_model_globalsplit_random_symmetric_PPI-True_GATv2_H64_lambda001_drop02_out32__ep150_bulk,PINNACLE_model_globalsplit_random_symmetric_PPI-True_GATv2_H64_lambda001_drop02_out32__ep150_bulk,abmil8,ABMIL Contextual + ESM2,abmil_hc_cell_ext_embed_gated_8,abmil,esm,bulk,bulk_shared,cell_embeddings.pt,canonical_contextualized,abmil_hc_cell_ext_embed_gated_8__hp_lr0p0001_att256_do0p2_wd0p0001_selauprc_cw1__emb_esm,val_auprc_macro_mean,0.4322786852728305,0.0001,0.0001,512,300,50,42,6,5,0,8.0,256.0,0.2,0.0,linear,True,,,,
therapeutic_target,held_out,therapeutic_target_efo_0001361,Pulmonary arterial hypertension,pinnacle_random_fixed,Pinnacle,PINNACLE_model_globalsplit_random_symmetric_PPI-True_GATv2_H64_lambda001_drop02_out32__ep150_bulk,PINNACLE_model_globalsplit_random_symmetric_PPI-True_GATv2_H64_lambda001_drop02_out32__ep150_bulk,abmil8_pdl_hc_cell,ABMIL-PDL Contextual instances,abmil_hc_cell_gated_8_pdl,abmil,esm,bulk,bulk_shared,cell_embeddings.pt,canonical_contextualized,abmil_hc_cell_gated_8_pdl__hp_lr0p0001_att256_do0_pdl0p2_pdlimplnew_pdlprojidentity_pdlprojl2_wd0p0001_selauprc_cw1__emb_esm,val_auprc_macro_mean,0.18504729942209,0.0001,0.0001,512,300,50,42,6,5,0,8.0,256.0,0.0,0.0,linear,True,0.2,identity,2.0,new
therapeutic_target,held_out,therapeutic_target_efo_0001361,Pulmonary arterial hypertension,pinnacle_random_fixed,Pinnacle,PINNACLE_model_globalsplit_random_symmetric_PPI-True_GATv2_H64_lambda001_drop02_out32__ep150_bulk,PINNACLE_model_globalsplit_random_symmetric_PPI-True_GATv2_H64_lambda001_drop02_out32__ep150_bulk,abmil8_pdl_id2_dropout,ABMIL-PDL Contextual + ESM2,abmil_hc_cell_ext_embed_gated_8_pdl,abmil,esm,bulk,bulk_shared,cell_embeddings.pt,canonical_contextualized,abmil_hc_cell_ext_embed_gated_8_pdl__hp_lr0p0001_att256_do0_pdl0p7_pdlimplnew_pdlprojidentity_pdlprojl2_wd0p0001_selauprc_cw1__emb_esm,val_auprc_macro_mean,0.5380824301949299,0.0001,0.0001,512,300,50,42,6,5,0,8.0,256.0,0.0,0.0,linear,True,0.7,identity,2.0,new
therapeutic_target,held_out,therapeutic_target_efo_0001361,Pulmonary arterial hypertension,pinnacle_esm_fixed,Pinnacle-ESM2 (GAT),PINNACLE_model_globalsplit_ESM2_symmetric_PPI-True_GATv2_H64_lambda001_drop02_out32__ep150_bulk,PINNACLE_model_globalsplit_ESM2_symmetric_PPI-True_GATv2_H64_lambda001_drop02_out32__ep150_bulk,lr_hc_cell,Mean-pool LR Contextual instances,lr_hc_cell,linear,esm,bulk,bulk_shared,cell_embeddings.pt,canonical_contextualized,lr_hc_cell__hp_lr0p0001_wd0p0001_selauprc_cw1__emb_esm,val_auprc_macro_mean,0.0988633689334852,0.0001,0.0001,512,300,50,42,6,5,0,,,,,linear,True,,,,
therapeutic_target,held_out,therapeutic_target_efo_0001361,Pulmonary arterial hypertension,pinnacle_esm_fixed,Pinnacle-ESM2 (GAT),PINNACLE_model_globalsplit_ESM2_symmetric_PPI-True_GATv2_H64_lambda001_drop02_out32__ep150_bulk,PINNACLE_model_globalsplit_ESM2_symmetric_PPI-True_GATv2_H64_lambda001_drop02_out32__ep150_bulk,lr_hc_cell_esm,Mean-pool LR Contextual + ESM2,lr_hc_cell_ext_embed,linear,esm,bulk,bulk_shared,cell_embeddings.pt,canonical_contextualized,lr_hc_cell_ext_embed__hp_lr0p0001_wd0p0001_selauprc_cw1__emb_esm,val_auprc_macro_mean,0.5210199443104684,0.0001,0.0001,512,300,50,42,6,5,0,,,,,linear,True,,,,
therapeutic_target,held_out,therapeutic_target_efo_0001361,Pulmonary arterial hypertension,pinnacle_esm_fixed,Pinnacle-ESM2 (GAT),PINNACLE_model_globalsplit_ESM2_symmetric_PPI-True_GATv2_H64_lambda001_drop02_out32__ep150_bulk,PINNACLE_model_globalsplit_ESM2_symmetric_PPI-True_GATv2_H64_lambda001_drop02_out32__ep150_bulk,abmil8_hc_cell,ABMIL Contextual instances,abmil_hc_cell_gated_8,abmil,esm,bulk,bulk_shared,cell_embeddings.pt,canonical_contextualized,abmil_hc_cell_gated_8__hp_lr0p0001_att256_do0_wd0p0001_selauprc_cw1__emb_esm,val_auprc_macro_mean,0.1426321173549273,0.0001,0.0001,512,300,50,42,6,5,0,8.0,256.0,0.0,0.0,linear,True,,,,
therapeutic_target,held_out,therapeutic_target_efo_0001361,Pulmonary arterial hypertension,pinnacle_esm_fixed,Pinnacle-ESM2 (GAT),PINNACLE_model_globalsplit_ESM2_symmetric_PPI-True_GATv2_H64_lambda001_drop02_out32__ep150_bulk,PINNACLE_model_globalsplit_ESM2_symmetric_PPI-True_GATv2_H64_lambda001_drop02_out32__ep150_bulk,abmil8,ABMIL Contextual + ESM2,abmil_hc_cell_ext_embed_gated_8,abmil,esm,bulk,bulk_shared,cell_embeddings.pt,canonical_contextualized,abmil_hc_cell_ext_embed_gated_8__hp_lr0p0001_att256_do0_wd0p0001_selauprc_cw1__emb_esm,val_auprc_macro_mean,0.4752810540351803,0.0001,0.0001,512,300,50,42,6,5,0,8.0,256.0,0.0,0.0,linear,True,,,,
therapeutic_target,held_out,therapeutic_target_efo_0001361,Pulmonary arterial hypertension,pinnacle_esm_fixed,Pinnacle-ESM2 (GAT),PINNACLE_model_globalsplit_ESM2_symmetric_PPI-True_GATv2_H64_lambda001_drop02_out32__ep150_bulk,PINNACLE_model_globalsplit_ESM2_symmetric_PPI-True_GATv2_H64_lambda001_drop02_out32__ep150_bulk,abmil8_pdl_hc_cell,ABMIL-PDL Contextual instances,abmil_hc_cell_gated_8_pdl,abmil,esm,bulk,bulk_shared,cell_embeddings.pt,canonical_contextualized,abmil_hc_cell_gated_8_pdl__hp_lr0p0001_att256_do0_pdl0p4_pdlimplnew_pdlprojidentity_pdlprojl2_wd0p0001_selauprc_cw1__emb_esm,val_auprc_macro_mean,0.1726403587077697,0.0001,0.0001,512,300,50,42,6,5,0,8.0,256.0,0.0,0.0,linear,True,0.4,identity,2.0,new
therapeutic_target,held_out,therapeutic_target_efo_0001361,Pulmonary arterial hypertension,pinnacle_esm_fixed,Pinnacle-ESM2 (GAT),PINNACLE_model_globalsplit_ESM2_symmetric_PPI-True_GATv2_H64_lambda001_drop02_out32__ep150_bulk,PINNACLE_model_globalsplit_ESM2_symmetric_PPI-True_GATv2_H64_lambda001_drop02_out32__ep150_bulk,abmil8_pdl_id2_dropout,ABMIL-PDL Contextual + ESM2,abmil_hc_cell_ext_embed_gated_8_pdl,abmil,esm,bulk,bulk_shared,cell_embeddings.pt,canonical_contextualized,abmil_hc_cell_ext_embed_gated_8_pdl__hp_lr0p0001_att256_do0_pdl0p5_pdlimplnew_pdlprojidentity_pdlprojl2_wd0p0001_selauprc_cw1__emb_esm,val_auprc_macro_mean,0.5598932683535403,0.0001,0.0001,512,300,50,42,6,5,0,8.0,256.0,0.0,0.0,linear,True,0.5,identity,2.0,new
therapeutic_target,held_out,therapeutic_target_efo_0001361,Pulmonary arterial hypertension,pinnacle_esm2_acm,Pinnacle-ESM2 (ACM),PINNACLE_model_globalsplit_ESM2_symmetric_PPI-True_ACM_RandomWalk_H64_lambda001_drop02_out64__ep150_bulk,PINNACLE_model_globalsplit_ESM2_symmetric_PPI-True_ACM_RandomWalk_H64_lambda001_drop02_out64__ep150_bulk,lr_hc_cell,Mean-pool LR Contextual instances,lr_hc_cell,linear,esm,bulk,bulk_shared,cell_embeddings.pt,canonical_contextualized,lr_hc_cell__hp_lr0p0001_wd0p0001_selauprc_cw1__emb_esm,val_auprc_macro_mean,0.0875555424014915,0.0001,0.0001,512,300,50,42,6,5,0,,,,,linear,True,,,,
therapeutic_target,held_out,therapeutic_target_efo_0001361,Pulmonary arterial hypertension,pinnacle_esm2_acm,Pinnacle-ESM2 (ACM),PINNACLE_model_globalsplit_ESM2_symmetric_PPI-True_ACM_RandomWalk_H64_lambda001_drop02_out64__ep150_bulk,PINNACLE_model_globalsplit_ESM2_symmetric_PPI-True_ACM_RandomWalk_H64_lambda001_drop02_out64__ep150_bulk,lr_hc_cell_esm,Mean-pool LR Contextual + ESM2,lr_hc_cell_ext_embed,linear,esm,bulk,bulk_shared,cell_embeddings.pt,canonical_contextualized,lr_hc_cell_ext_embed__hp_lr0p0001_wd0p0001_selauprc_cw1__emb_esm,val_auprc_macro_mean,0.4882682559510407,0.0001,0.0001,512,300,50,42,6,5,0,,,,,linear,True,,,,
therapeutic_target,held_out,therapeutic_target_efo_0001361,Pulmonary arterial hypertension,pinnacle_esm2_acm,Pinnacle-ESM2 (ACM),PINNACLE_model_globalsplit_ESM2_symmetric_PPI-True_ACM_RandomWalk_H64_lambda001_drop02_out64__ep150_bulk,PINNACLE_model_globalsplit_ESM2_symmetric_PPI-True_ACM_RandomWalk_H64_lambda001_drop02_out64__ep150_bulk,abmil8_hc_cell,ABMIL Contextual instances,abmil_hc_cell_gated_8,abmil,esm,bulk,bulk_shared,cell_embeddings.pt,canonical_contextualized,abmil_hc_cell_gated_8__hp_lr0p0001_att256_do0_wd0p0001_selauprc_cw1__emb_esm,val_auprc_macro_mean,0.1955591942818494,0.0001,0.0001,512,300,50,42,6,5,0,8.0,256.0,0.0,0.0,linear,True,,,,
therapeutic_target,held_out,therapeutic_target_efo_0001361,Pulmonary arterial hypertension,pinnacle_esm2_acm,Pinnacle-ESM2 (ACM),PINNACLE_model_globalsplit_ESM2_symmetric_PPI-True_ACM_RandomWalk_H64_lambda001_drop02_out64__ep150_bulk,PINNACLE_model_globalsplit_ESM2_symmetric_PPI-True_ACM_RandomWalk_H64_lambda001_drop02_out64__ep150_bulk,abmil8,ABMIL Contextual + ESM2,abmil_hc_cell_ext_embed_gated_8,abmil,esm,bulk,bulk_shared,cell_embeddings.pt,canonical_contextualized,abmil_hc_cell_ext_embed_gated_8__hp_lr0p0001_att256_do0p2_wd0p0001_selauprc_cw1__emb_esm,val_auprc_macro_mean,0.4801965593653417,0.0001,0.0001,512,300,50,42,6,5,0,8.0,256.0,0.2,0.0,linear,True,,,,
therapeutic_target,held_out,therapeutic_target_efo_0001361,Pulmonary arterial hypertension,pinnacle_esm2_acm,Pinnacle-ESM2 (ACM),PINNACLE_model_globalsplit_ESM2_symmetric_PPI-True_ACM_RandomWalk_H64_lambda001_drop02_out64__ep150_bulk,PINNACLE_model_globalsplit_ESM2_symmetric_PPI-True_ACM_RandomWalk_H64_lambda001_drop02_out64__ep150_bulk,abmil8_pdl_hc_cell,ABMIL-PDL Contextual instances,abmil_hc_cell_gated_8_pdl,abmil,esm,bulk,bulk_shared,cell_embeddings.pt,canonical_contextualized,abmil_hc_cell_gated_8_pdl__hp_lr0p0001_att256_do0_pdl0p2_pdlimplnew_pdlprojidentity_pdlprojl2_wd0p0001_selauprc_cw1__emb_esm,val_auprc_macro_mean,0.1673745533333553,0.0001,0.0001,512,300,50,42,6,5,0,8.0,256.0,0.0,0.0,linear,True,0.2,identity,2.0,new
therapeutic_target,held_out,therapeutic_target_efo_0001361,Pulmonary arterial hypertension,pinnacle_esm2_acm,Pinnacle-ESM2 (ACM),PINNACLE_model_globalsplit_ESM2_symmetric_PPI-True_ACM_RandomWalk_H64_lambda001_drop02_out64__ep150_bulk,PINNACLE_model_globalsplit_ESM2_symmetric_PPI-True_ACM_RandomWalk_H64_lambda001_drop02_out64__ep150_bulk,abmil8_pdl_id2_dropout,ABMIL-PDL Contextual + ESM2,abmil_hc_cell_ext_embed_gated_8_pdl,abmil,esm,bulk,bulk_shared,cell_embeddings.pt,canonical_contextualized,abmil_hc_cell_ext_embed_gated_8_pdl__hp_lr0p0001_att256_do0_pdl0p5_pdlimplnew_pdlprojidentity_pdlprojl2_wd0p0001_selauprc_cw1__emb_esm,val_auprc_macro_mean,0.5385146412658429,0.0001,0.0001,512,300,50,42,6,5,0,8.0,256.0,0.0,0.0,linear,True,0.5,identity,2.0,new
therapeutic_target,held_out,therapeutic_target_efo_0001361,Pulmonary arterial hypertension,gae_att_fixed_do06,ProtScape-GAE,gae_att_fixed_do06_ep300,gae_att_fixed_do06_ep300,lr_hc_cell,Mean-pool LR Contextual instances,lr_hc_cell,linear,esm,bulk,bulk_shared,cell_embeddings.pt,canonical_contextualized,lr_hc_cell__hp_lr0p0001_wd0p0001_selauprc_cw1__emb_esm,val_auprc_macro_mean,0.2097671083262228,0.0001,0.0001,512,300,50,42,6,5,0,,,,,linear,True,,,,
therapeutic_target,held_out,therapeutic_target_efo_0001361,Pulmonary arterial hypertension,gae_att_fixed_do06,ProtScape-GAE,gae_att_fixed_do06_ep300,gae_att_fixed_do06_ep300,lr_hc_cell_esm,Mean-pool LR Contextual + ESM2,lr_hc_cell_ext_embed,linear,esm,bulk,bulk_shared,cell_embeddings.pt,canonical_contextualized,lr_hc_cell_ext_embed__hp_lr0p0001_wd0p0001_selauprc_cw1__emb_esm,val_auprc_macro_mean,0.4679200534178619,0.0001,0.0001,512,300,50,42,6,5,0,,,,,linear,True,,,,
therapeutic_target,held_out,therapeutic_target_efo_0001361,Pulmonary arterial hypertension,gae_att_fixed_do06,ProtScape-GAE,gae_att_fixed_do06_ep300,gae_att_fixed_do06_ep300,abmil8_hc_cell,ABMIL Contextual instances,abmil_hc_cell_gated_8,abmil,esm,bulk,bulk_shared,cell_embeddings.pt,canonical_contextualized,abmil_hc_cell_gated_8__hp_lr0p0001_att256_do0p4_wd0p0001_selauprc_cw1__emb_esm,val_auprc_macro_mean,0.3710335289416825,0.0001,0.0001,512,300,50,42,6,5,0,8.0,256.0,0.4,0.0,linear,True,,,,
therapeutic_target,held_out,therapeutic_target_efo_0001361,Pulmonary arterial hypertension,gae_att_fixed_do06,ProtScape-GAE,gae_att_fixed_do06_ep300,gae_att_fixed_do06_ep300,abmil8,ABMIL Contextual + ESM2,abmil_hc_cell_ext_embed_gated_8,abmil,esm,bulk,bulk_shared,cell_embeddings.pt,canonical_contextualized,abmil_hc_cell_ext_embed_gated_8__hp_lr0p0001_att256_do0_wd0p0001_selauprc_cw1__emb_esm,val_auprc_macro_mean,0.461379235045184,0.0001,0.0001,512,300,50,42,6,5,0,8.0,256.0,0.0,0.0,linear,True,,,,
therapeutic_target,held_out,therapeutic_target_efo_0001361,Pulmonary arterial hypertension,gae_att_fixed_do06,ProtScape-GAE,gae_att_fixed_do06_ep300,gae_att_fixed_do06_ep300,abmil8_pdl_hc_cell,ABMIL-PDL Contextual instances,abmil_hc_cell_gated_8_pdl,abmil,esm,bulk,bulk_shared,cell_embeddings.pt,canonical_contextualized,abmil_hc_cell_gated_8_pdl__hp_lr0p0001_att256_do0_pdl0p7_pdlimplnew_pdlprojidentity_pdlprojl2_wd0p0001_selauprc_cw1__emb_esm,val_auprc_macro_mean,0.4022145722155708,0.0001,0.0001,512,300,50,42,6,5,0,8.0,256.0,0.0,0.0,linear,True,0.7,identity,2.0,new
therapeutic_target,held_out,therapeutic_target_efo_0001361,Pulmonary arterial hypertension,gae_att_fixed_do06,ProtScape-GAE,gae_att_fixed_do06_ep300,gae_att_fixed_do06_ep300,abmil8_pdl_id2_dropout,ABMIL-PDL Contextual + ESM2,abmil_hc_cell_ext_embed_gated_8_pdl,abmil,esm,bulk,bulk_shared,cell_embeddings.pt,canonical_contextualized,abmil_hc_cell_ext_embed_gated_8_pdl__hp_lr0p0001_att256_do0_pdl0p2_pdlimplnew_pdlprojidentity_pdlprojl2_wd0p0001_selauprc_cw1__emb_esm,val_auprc_macro_mean,0.4870027333194786,0.0001,0.0001,512,300,50,42,6,5,0,8.0,256.0,0.0,0.0,linear,True,0.2,identity,2.0,new
therapeutic_target,held_out,therapeutic_target_efo_0001361,Pulmonary arterial hypertension,s2gae_att_k1_fixed_do04_uni,ProtScape,s2gae_att_k1_fixed_do04_uni5e6,s2gae_att_k1_fixed_do04_uni5e6_paper_20260510,lr_hc_cell,Mean-pool LR Contextual instances,lr_hc_cell,linear,esm,bulk,bulk_shared,cell_embeddings.pt,canonical_contextualized,lr_hc_cell__hp_lr0p0001_wd0p0001_selauprc_cw1__emb_esm,val_auprc_macro_mean,0.3148898146355626,0.0001,0.0001,512,300,50,42,6,5,0,,,,,linear,True,,,,
therapeutic_target,held_out,therapeutic_target_efo_0001361,Pulmonary arterial hypertension,s2gae_att_k1_fixed_do04_uni,ProtScape,s2gae_att_k1_fixed_do04_uni5e6,s2gae_att_k1_fixed_do04_uni5e6_paper_20260510,lr_hc_cell_esm,Mean-pool LR Contextual + ESM2,lr_hc_cell_ext_embed,linear,esm,bulk,bulk_shared,cell_embeddings.pt,canonical_contextualized,lr_hc_cell_ext_embed__hp_lr0p0001_wd0p0001_selauprc_cw1__emb_esm,val_auprc_macro_mean,0.5586635005973277,0.0001,0.0001,512,300,50,42,6,5,0,,,,,linear,True,,,,
therapeutic_target,held_out,therapeutic_target_efo_0001361,Pulmonary arterial hypertension,s2gae_att_k1_fixed_do04_uni,ProtScape,s2gae_att_k1_fixed_do04_uni5e6,s2gae_att_k1_fixed_do04_uni5e6_paper_20260510,abmil8_hc_cell,ABMIL Contextual instances,abmil_hc_cell_gated_8,abmil,esm,bulk,bulk_shared,cell_embeddings.pt,canonical_contextualized,abmil_hc_cell_gated_8__hp_lr0p0001_att256_do0p2_wd0p0001_selauprc_cw1__emb_esm,val_auprc_macro_mean,0.4346750293033287,0.0001,0.0001,512,300,50,42,6,5,0,8.0,256.0,0.2,0.0,linear,True,,,,
therapeutic_target,held_out,therapeutic_target_efo_0001361,Pulmonary arterial hypertension,s2gae_att_k1_fixed_do04_uni,ProtScape,s2gae_att_k1_fixed_do04_uni5e6,s2gae_att_k1_fixed_do04_uni5e6_paper_20260510,abmil8,ABMIL Contextual + ESM2,abmil_hc_cell_ext_embed_gated_8,abmil,esm,bulk,bulk_shared,cell_embeddings.pt,canonical_contextualized,abmil_hc_cell_ext_embed_gated_8__hp_lr0p0001_att256_do0p4_wd0p0001_selauprc_cw1__emb_esm,val_auprc_macro_mean,0.4804643617156254,0.0001,0.0001,512,300,50,42,6,5,0,8.0,256.0,0.4,0.0,linear,True,,,,
therapeutic_target,held_out,therapeutic_target_efo_0001361,Pulmonary arterial hypertension,s2gae_att_k1_fixed_do04_uni,ProtScape,s2gae_att_k1_fixed_do04_uni5e6,s2gae_att_k1_fixed_do04_uni5e6_paper_20260510,abmil8_pdl_hc_cell,ABMIL-PDL Contextual instances,abmil_hc_cell_gated_8_pdl,abmil,esm,bulk,bulk_shared,cell_embeddings.pt,canonical_contextualized,abmil_hc_cell_gated_8_pdl__hp_lr0p0001_att256_do0_pdl0p5_pdlimplnew_pdlprojidentity_pdlprojl2_wd0p0001_selauprc_cw1__emb_esm,val_auprc_macro_mean,0.4908141638275933,0.0001,0.0001,512,300,50,42,6,5,0,8.0,256.0,0.0,0.0,linear,True,0.5,identity,2.0,new
therapeutic_target,held_out,therapeutic_target_efo_0001361,Pulmonary arterial hypertension,s2gae_att_k1_fixed_do04_uni,ProtScape,s2gae_att_k1_fixed_do04_uni5e6,s2gae_att_k1_fixed_do04_uni5e6_paper_20260510,abmil8_pdl_id2_dropout,ABMIL-PDL Contextual + ESM2,abmil_hc_cell_ext_embed_gated_8_pdl,abmil,esm,bulk,bulk_shared,cell_embeddings.pt,canonical_contextualized,abmil_hc_cell_ext_embed_gated_8_pdl__hp_lr0p0001_att256_do0_pdl0p6_pdlimplnew_pdlprojidentity_pdlprojl2_wd0p0001_selauprc_cw1__emb_esm,val_auprc_macro_mean,0.5349033640270301,0.0001,0.0001,512,300,50,42,6,5,0,8.0,256.0,0.0,0.0,linear,True,0.6,identity,2.0,new
therapeutic_target,held_out,therapeutic_target_mondo_0005148,Type 2 diabetes,lr_esm,ESM2,PINNACLE_model_globalsplit_ESM2_symmetric_PPI-True_GATv2_H64_lambda001_drop02_out32__ep150_bulk,PINNACLE_model_globalsplit_ESM2_symmetric_PPI-True_GATv2_H64_lambda001_drop02_out32__ep150_bulk,lr_esm,Linear probe ESM2 sequence,lr_ext_embed,linear,esm,bulk,bulk_shared,,not_used_sequence_only,lr_ext_embed__hp_lr0p0001_wd0p0001_selauprc_cw1__emb_esm,val_auprc_macro_mean,0.6492397522341801,0.0001,0.0001,512,300,50,42,6,5,0,,,,,linear,True,,,,
therapeutic_target,held_out,therapeutic_target_mondo_0005148,Type 2 diabetes,lr_prostt5,ProstT5,PINNACLE_model_globalsplit_ESM2_symmetric_PPI-True_GATv2_H64_lambda001_drop02_out32__ep150_bulk,PINNACLE_model_globalsplit_ESM2_symmetric_PPI-True_GATv2_H64_lambda001_drop02_out32__ep150_bulk,lr_prostt5,Linear probe ProstT5 sequence,lr_ext_embed,linear,prostt5,bulk,bulk_shared,,not_used_sequence_only,lr_ext_embed__hp_lr0p0001_wd0p0001_selauprc_cw1__emb_prostt5,val_auprc_macro_mean,0.5667355906403886,0.0001,0.0001,512,300,50,42,6,5,0,,,,,linear,True,,,,
therapeutic_target,held_out,therapeutic_target_mondo_0005148,Type 2 diabetes,pinnacle_random_fixed,Pinnacle,PINNACLE_model_globalsplit_random_symmetric_PPI-True_GATv2_H64_lambda001_drop02_out32__ep150_bulk,PINNACLE_model_globalsplit_random_symmetric_PPI-True_GATv2_H64_lambda001_drop02_out32__ep150_bulk,lr_hc_cell,Mean-pool LR Contextual instances,lr_hc_cell,linear,esm,bulk,bulk_shared,cell_embeddings.pt,canonical_contextualized,lr_hc_cell__hp_lr0p0001_wd0p0001_selauprc_cw1__emb_esm,val_auprc_macro_mean,0.292433663081371,0.0001,0.0001,512,300,50,42,6,5,0,,,,,linear,True,,,,
therapeutic_target,held_out,therapeutic_target_mondo_0005148,Type 2 diabetes,pinnacle_random_fixed,Pinnacle,PINNACLE_model_globalsplit_random_symmetric_PPI-True_GATv2_H64_lambda001_drop02_out32__ep150_bulk,PINNACLE_model_globalsplit_random_symmetric_PPI-True_GATv2_H64_lambda001_drop02_out32__ep150_bulk,lr_hc_cell_esm,Mean-pool LR Contextual + ESM2,lr_hc_cell_ext_embed,linear,esm,bulk,bulk_shared,cell_embeddings.pt,canonical_contextualized,lr_hc_cell_ext_embed__hp_lr0p0001_wd0p0001_selauprc_cw1__emb_esm,val_auprc_macro_mean,0.659344471049884,0.0001,0.0001,512,300,50,42,6,5,0,,,,,linear,True,,,,
therapeutic_target,held_out,therapeutic_target_mondo_0005148,Type 2 diabetes,pinnacle_random_fixed,Pinnacle,PINNACLE_model_globalsplit_random_symmetric_PPI-True_GATv2_H64_lambda001_drop02_out32__ep150_bulk,PINNACLE_model_globalsplit_random_symmetric_PPI-True_GATv2_H64_lambda001_drop02_out32__ep150_bulk,abmil8_hc_cell,ABMIL Contextual instances,abmil_hc_cell_gated_8,abmil,esm,bulk,bulk_shared,cell_embeddings.pt,canonical_contextualized,abmil_hc_cell_gated_8__hp_lr0p0001_att256_do0p2_wd0p0001_selauprc_cw1__emb_esm,val_auprc_macro_mean,0.3974605746983514,0.0001,0.0001,512,300,50,42,6,5,0,8.0,256.0,0.2,0.0,linear,True,,,,
therapeutic_target,held_out,therapeutic_target_mondo_0005148,Type 2 diabetes,pinnacle_random_fixed,Pinnacle,PINNACLE_model_globalsplit_random_symmetric_PPI-True_GATv2_H64_lambda001_drop02_out32__ep150_bulk,PINNACLE_model_globalsplit_random_symmetric_PPI-True_GATv2_H64_lambda001_drop02_out32__ep150_bulk,abmil8,ABMIL Contextual + ESM2,abmil_hc_cell_ext_embed_gated_8,abmil,esm,bulk,bulk_shared,cell_embeddings.pt,canonical_contextualized,abmil_hc_cell_ext_embed_gated_8__hp_lr0p0001_att256_do0p4_wd0p0001_selauprc_cw1__emb_esm,val_auprc_macro_mean,0.6439240147215177,0.0001,0.0001,512,300,50,42,6,5,0,8.0,256.0,0.4,0.0,linear,True,,,,
therapeutic_target,held_out,therapeutic_target_mondo_0005148,Type 2 diabetes,pinnacle_random_fixed,Pinnacle,PINNACLE_model_globalsplit_random_symmetric_PPI-True_GATv2_H64_lambda001_drop02_out32__ep150_bulk,PINNACLE_model_globalsplit_random_symmetric_PPI-True_GATv2_H64_lambda001_drop02_out32__ep150_bulk,abmil8_pdl_hc_cell,ABMIL-PDL Contextual instances,abmil_hc_cell_gated_8_pdl,abmil,esm,bulk,bulk_shared,cell_embeddings.pt,canonical_contextualized,abmil_hc_cell_gated_8_pdl__hp_lr0p0001_att256_do0_pdl0p5_pdlimplnew_pdlprojidentity_pdlprojl2_wd0p0001_selauprc_cw1__emb_esm,val_auprc_macro_mean,0.5327136711252456,0.0001,0.0001,512,300,50,42,6,5,0,8.0,256.0,0.0,0.0,linear,True,0.5,identity,2.0,new
therapeutic_target,held_out,therapeutic_target_mondo_0005148,Type 2 diabetes,pinnacle_random_fixed,Pinnacle,PINNACLE_model_globalsplit_random_symmetric_PPI-True_GATv2_H64_lambda001_drop02_out32__ep150_bulk,PINNACLE_model_globalsplit_random_symmetric_PPI-True_GATv2_H64_lambda001_drop02_out32__ep150_bulk,abmil8_pdl_id2_dropout,ABMIL-PDL Contextual + ESM2,abmil_hc_cell_ext_embed_gated_8_pdl,abmil,esm,bulk,bulk_shared,cell_embeddings.pt,canonical_contextualized,abmil_hc_cell_ext_embed_gated_8_pdl__hp_lr0p0001_att256_do0_pdl0p2_pdlimplnew_pdlprojidentity_pdlprojl2_wd0p0001_selauprc_cw1__emb_esm,val_auprc_macro_mean,0.6634875989205447,0.0001,0.0001,512,300,50,42,6,5,0,8.0,256.0,0.0,0.0,linear,True,0.2,identity,2.0,new
therapeutic_target,held_out,therapeutic_target_mondo_0005148,Type 2 diabetes,pinnacle_esm_fixed,Pinnacle-ESM2 (GAT),PINNACLE_model_globalsplit_ESM2_symmetric_PPI-True_GATv2_H64_lambda001_drop02_out32__ep150_bulk,PINNACLE_model_globalsplit_ESM2_symmetric_PPI-True_GATv2_H64_lambda001_drop02_out32__ep150_bulk,lr_hc_cell,Mean-pool LR Contextual instances,lr_hc_cell,linear,esm,bulk,bulk_shared,cell_embeddings.pt,canonical_contextualized,lr_hc_cell__hp_lr0p0001_wd0p0001_selauprc_cw1__emb_esm,val_auprc_macro_mean,0.2745046393530323,0.0001,0.0001,512,300,50,42,6,5,0,,,,,linear,True,,,,
therapeutic_target,held_out,therapeutic_target_mondo_0005148,Type 2 diabetes,pinnacle_esm_fixed,Pinnacle-ESM2 (GAT),PINNACLE_model_globalsplit_ESM2_symmetric_PPI-True_GATv2_H64_lambda001_drop02_out32__ep150_bulk,PINNACLE_model_globalsplit_ESM2_symmetric_PPI-True_GATv2_H64_lambda001_drop02_out32__ep150_bulk,lr_hc_cell_esm,Mean-pool LR Contextual + ESM2,lr_hc_cell_ext_embed,linear,esm,bulk,bulk_shared,cell_embeddings.pt,canonical_contextualized,lr_hc_cell_ext_embed__hp_lr0p0001_wd0p0001_selauprc_cw1__emb_esm,val_auprc_macro_mean,0.662733407092337,0.0001,0.0001,512,300,50,42,6,5,0,,,,,linear,True,,,,
therapeutic_target,held_out,therapeutic_target_mondo_0005148,Type 2 diabetes,pinnacle_esm_fixed,Pinnacle-ESM2 (GAT),PINNACLE_model_globalsplit_ESM2_symmetric_PPI-True_GATv2_H64_lambda001_drop02_out32__ep150_bulk,PINNACLE_model_globalsplit_ESM2_symmetric_PPI-True_GATv2_H64_lambda001_drop02_out32__ep150_bulk,abmil8_hc_cell,ABMIL Contextual instances,abmil_hc_cell_gated_8,abmil,esm,bulk,bulk_shared,cell_embeddings.pt,canonical_contextualized,abmil_hc_cell_gated_8__hp_lr0p0001_att256_do0p2_wd0p0001_selauprc_cw1__emb_esm,val_auprc_macro_mean,0.3768316454829253,0.0001,0.0001,512,300,50,42,6,5,0,8.0,256.0,0.2,0.0,linear,True,,,,
therapeutic_target,held_out,therapeutic_target_mondo_0005148,Type 2 diabetes,pinnacle_esm_fixed,Pinnacle-ESM2 (GAT),PINNACLE_model_globalsplit_ESM2_symmetric_PPI-True_GATv2_H64_lambda001_drop02_out32__ep150_bulk,PINNACLE_model_globalsplit_ESM2_symmetric_PPI-True_GATv2_H64_lambda001_drop02_out32__ep150_bulk,abmil8,ABMIL Contextual + ESM2,abmil_hc_cell_ext_embed_gated_8,abmil,esm,bulk,bulk_shared,cell_embeddings.pt,canonical_contextualized,abmil_hc_cell_ext_embed_gated_8__hp_lr0p0001_att256_do0_wd0p0001_selauprc_cw1__emb_esm,val_auprc_macro_mean,0.6457068996121332,0.0001,0.0001,512,300,50,42,6,5,0,8.0,256.0,0.0,0.0,linear,True,,,,
therapeutic_target,held_out,therapeutic_target_mondo_0005148,Type 2 diabetes,pinnacle_esm_fixed,Pinnacle-ESM2 (GAT),PINNACLE_model_globalsplit_ESM2_symmetric_PPI-True_GATv2_H64_lambda001_drop02_out32__ep150_bulk,PINNACLE_model_globalsplit_ESM2_symmetric_PPI-True_GATv2_H64_lambda001_drop02_out32__ep150_bulk,abmil8_pdl_hc_cell,ABMIL-PDL Contextual instances,abmil_hc_cell_gated_8_pdl,abmil,esm,bulk,bulk_shared,cell_embeddings.pt,canonical_contextualized,abmil_hc_cell_gated_8_pdl__hp_lr0p0001_att256_do0_pdl0p3_pdlimplnew_pdlprojidentity_pdlprojl2_wd0p0001_selauprc_cw1__emb_esm,val_auprc_macro_mean,0.516586442525277,0.0001,0.0001,512,300,50,42,6,5,0,8.0,256.0,0.0,0.0,linear,True,0.3,identity,2.0,new
therapeutic_target,held_out,therapeutic_target_mondo_0005148,Type 2 diabetes,pinnacle_esm_fixed,Pinnacle-ESM2 (GAT),PINNACLE_model_globalsplit_ESM2_symmetric_PPI-True_GATv2_H64_lambda001_drop02_out32__ep150_bulk,PINNACLE_model_globalsplit_ESM2_symmetric_PPI-True_GATv2_H64_lambda001_drop02_out32__ep150_bulk,abmil8_pdl_id2_dropout,ABMIL-PDL Contextual + ESM2,abmil_hc_cell_ext_embed_gated_8_pdl,abmil,esm,bulk,bulk_shared,cell_embeddings.pt,canonical_contextualized,abmil_hc_cell_ext_embed_gated_8_pdl__hp_lr0p0001_att256_do0_pdl0p2_pdlimplnew_pdlprojidentity_pdlprojl2_wd0p0001_selauprc_cw1__emb_esm,val_auprc_macro_mean,0.672100685063387,0.0001,0.0001,512,300,50,42,6,5,0,8.0,256.0,0.0,0.0,linear,True,0.2,identity,2.0,new
therapeutic_target,held_out,therapeutic_target_mondo_0005148,Type 2 diabetes,pinnacle_esm2_acm,Pinnacle-ESM2 (ACM),PINNACLE_model_globalsplit_ESM2_symmetric_PPI-True_ACM_RandomWalk_H64_lambda001_drop02_out64__ep150_bulk,PINNACLE_model_globalsplit_ESM2_symmetric_PPI-True_ACM_RandomWalk_H64_lambda001_drop02_out64__ep150_bulk,lr_hc_cell,Mean-pool LR Contextual instances,lr_hc_cell,linear,esm,bulk,bulk_shared,cell_embeddings.pt,canonical_contextualized,lr_hc_cell__hp_lr0p0001_wd0p0001_selauprc_cw1__emb_esm,val_auprc_macro_mean,0.2211104717800107,0.0001,0.0001,512,300,50,42,6,5,0,,,,,linear,True,,,,
therapeutic_target,held_out,therapeutic_target_mondo_0005148,Type 2 diabetes,pinnacle_esm2_acm,Pinnacle-ESM2 (ACM),PINNACLE_model_globalsplit_ESM2_symmetric_PPI-True_ACM_RandomWalk_H64_lambda001_drop02_out64__ep150_bulk,PINNACLE_model_globalsplit_ESM2_symmetric_PPI-True_ACM_RandomWalk_H64_lambda001_drop02_out64__ep150_bulk,lr_hc_cell_esm,Mean-pool LR Contextual + ESM2,lr_hc_cell_ext_embed,linear,esm,bulk,bulk_shared,cell_embeddings.pt,canonical_contextualized,lr_hc_cell_ext_embed__hp_lr0p0001_wd0p0001_selauprc_cw1__emb_esm,val_auprc_macro_mean,0.6488325939439845,0.0001,0.0001,512,300,50,42,6,5,0,,,,,linear,True,,,,
therapeutic_target,held_out,therapeutic_target_mondo_0005148,Type 2 diabetes,pinnacle_esm2_acm,Pinnacle-ESM2 (ACM),PINNACLE_model_globalsplit_ESM2_symmetric_PPI-True_ACM_RandomWalk_H64_lambda001_drop02_out64__ep150_bulk,PINNACLE_model_globalsplit_ESM2_symmetric_PPI-True_ACM_RandomWalk_H64_lambda001_drop02_out64__ep150_bulk,abmil8_hc_cell,ABMIL Contextual instances,abmil_hc_cell_gated_8,abmil,esm,bulk,bulk_shared,cell_embeddings.pt,canonical_contextualized,abmil_hc_cell_gated_8__hp_lr0p0001_att256_do0_wd0p0001_selauprc_cw1__emb_esm,val_auprc_macro_mean,0.3949656254832281,0.0001,0.0001,512,300,50,42,6,5,0,8.0,256.0,0.0,0.0,linear,True,,,,
therapeutic_target,held_out,therapeutic_target_mondo_0005148,Type 2 diabetes,pinnacle_esm2_acm,Pinnacle-ESM2 (ACM),PINNACLE_model_globalsplit_ESM2_symmetric_PPI-True_ACM_RandomWalk_H64_lambda001_drop02_out64__ep150_bulk,PINNACLE_model_globalsplit_ESM2_symmetric_PPI-True_ACM_RandomWalk_H64_lambda001_drop02_out64__ep150_bulk,abmil8,ABMIL Contextual + ESM2,abmil_hc_cell_ext_embed_gated_8,abmil,esm,bulk,bulk_shared,cell_embeddings.pt,canonical_contextualized,abmil_hc_cell_ext_embed_gated_8__hp_lr0p0001_att256_do0p4_wd0p0001_selauprc_cw1__emb_esm,val_auprc_macro_mean,0.667325336887414,0.0001,0.0001,512,300,50,42,6,5,0,8.0,256.0,0.4,0.0,linear,True,,,,
therapeutic_target,held_out,therapeutic_target_mondo_0005148,Type 2 diabetes,pinnacle_esm2_acm,Pinnacle-ESM2 (ACM),PINNACLE_model_globalsplit_ESM2_symmetric_PPI-True_ACM_RandomWalk_H64_lambda001_drop02_out64__ep150_bulk,PINNACLE_model_globalsplit_ESM2_symmetric_PPI-True_ACM_RandomWalk_H64_lambda001_drop02_out64__ep150_bulk,abmil8_pdl_hc_cell,ABMIL-PDL Contextual instances,abmil_hc_cell_gated_8_pdl,abmil,esm,bulk,bulk_shared,cell_embeddings.pt,canonical_contextualized,abmil_hc_cell_gated_8_pdl__hp_lr0p0001_att256_do0_pdl0p6_pdlimplnew_pdlprojidentity_pdlprojl2_wd0p0001_selauprc_cw1__emb_esm,val_auprc_macro_mean,0.4320129125068668,0.0001,0.0001,512,300,50,42,6,5,0,8.0,256.0,0.0,0.0,linear,True,0.6,identity,2.0,new
therapeutic_target,held_out,therapeutic_target_mondo_0005148,Type 2 diabetes,pinnacle_esm2_acm,Pinnacle-ESM2 (ACM),PINNACLE_model_globalsplit_ESM2_symmetric_PPI-True_ACM_RandomWalk_H64_lambda001_drop02_out64__ep150_bulk,PINNACLE_model_globalsplit_ESM2_symmetric_PPI-True_ACM_RandomWalk_H64_lambda001_drop02_out64__ep150_bulk,abmil8_pdl_id2_dropout,ABMIL-PDL Contextual + ESM2,abmil_hc_cell_ext_embed_gated_8_pdl,abmil,esm,bulk,bulk_shared,cell_embeddings.pt,canonical_contextualized,abmil_hc_cell_ext_embed_gated_8_pdl__hp_lr0p0001_att256_do0_pdl0p3_pdlimplnew_pdlprojidentity_pdlprojl2_wd0p0001_selauprc_cw1__emb_esm,val_auprc_macro_mean,0.6581356520962853,0.0001,0.0001,512,300,50,42,6,5,0,8.0,256.0,0.0,0.0,linear,True,0.3,identity,2.0,new
therapeutic_target,held_out,therapeutic_target_mondo_0005148,Type 2 diabetes,gae_att_fixed_do06,ProtScape-GAE,gae_att_fixed_do06_ep300,gae_att_fixed_do06_ep300,lr_hc_cell,Mean-pool LR Contextual instances,lr_hc_cell,linear,esm,bulk,bulk_shared,cell_embeddings.pt,canonical_contextualized,lr_hc_cell__hp_lr0p0001_wd0p0001_selauprc_cw1__emb_esm,val_auprc_macro_mean,0.4383689716551002,0.0001,0.0001,512,300,50,42,6,5,0,,,,,linear,True,,,,
therapeutic_target,held_out,therapeutic_target_mondo_0005148,Type 2 diabetes,gae_att_fixed_do06,ProtScape-GAE,gae_att_fixed_do06_ep300,gae_att_fixed_do06_ep300,lr_hc_cell_esm,Mean-pool LR Contextual + ESM2,lr_hc_cell_ext_embed,linear,esm,bulk,bulk_shared,cell_embeddings.pt,canonical_contextualized,lr_hc_cell_ext_embed__hp_lr0p0001_wd0p0001_selauprc_cw1__emb_esm,val_auprc_macro_mean,0.679255847997742,0.0001,0.0001,512,300,50,42,6,5,0,,,,,linear,True,,,,
therapeutic_target,held_out,therapeutic_target_mondo_0005148,Type 2 diabetes,gae_att_fixed_do06,ProtScape-GAE,gae_att_fixed_do06_ep300,gae_att_fixed_do06_ep300,abmil8_hc_cell,ABMIL Contextual instances,abmil_hc_cell_gated_8,abmil,esm,bulk,bulk_shared,cell_embeddings.pt,canonical_contextualized,abmil_hc_cell_gated_8__hp_lr0p0001_att256_do0p6_wd0p0001_selauprc_cw1__emb_esm,val_auprc_macro_mean,0.6192302845298279,0.0001,0.0001,512,300,50,42,6,5,0,8.0,256.0,0.6,0.0,linear,True,,,,
therapeutic_target,held_out,therapeutic_target_mondo_0005148,Type 2 diabetes,gae_att_fixed_do06,ProtScape-GAE,gae_att_fixed_do06_ep300,gae_att_fixed_do06_ep300,abmil8,ABMIL Contextual + ESM2,abmil_hc_cell_ext_embed_gated_8,abmil,esm,bulk,bulk_shared,cell_embeddings.pt,canonical_contextualized,abmil_hc_cell_ext_embed_gated_8__hp_lr0p0001_att256_do0p2_wd0p0001_selauprc_cw1__emb_esm,val_auprc_macro_mean,0.6707348630883494,0.0001,0.0001,512,300,50,42,6,5,0,8.0,256.0,0.2,0.0,linear,True,,,,
therapeutic_target,held_out,therapeutic_target_mondo_0005148,Type 2 diabetes,gae_att_fixed_do06,ProtScape-GAE,gae_att_fixed_do06_ep300,gae_att_fixed_do06_ep300,abmil8_pdl_hc_cell,ABMIL-PDL Contextual instances,abmil_hc_cell_gated_8_pdl,abmil,esm,bulk,bulk_shared,cell_embeddings.pt,canonical_contextualized,abmil_hc_cell_gated_8_pdl__hp_lr0p0001_att256_do0_pdl0p5_pdlimplnew_pdlprojidentity_pdlprojl2_wd0p0001_selauprc_cw1__emb_esm,val_auprc_macro_mean,0.702062921003726,0.0001,0.0001,512,300,50,42,6,5,0,8.0,256.0,0.0,0.0,linear,True,0.5,identity,2.0,new
therapeutic_target,held_out,therapeutic_target_mondo_0005148,Type 2 diabetes,gae_att_fixed_do06,ProtScape-GAE,gae_att_fixed_do06_ep300,gae_att_fixed_do06_ep300,abmil8_pdl_id2_dropout,ABMIL-PDL Contextual + ESM2,abmil_hc_cell_ext_embed_gated_8_pdl,abmil,esm,bulk,bulk_shared,cell_embeddings.pt,canonical_contextualized,abmil_hc_cell_ext_embed_gated_8_pdl__hp_lr0p0001_att256_do0_pdl0p7_pdlimplnew_pdlprojidentity_pdlprojl2_wd0p0001_selauprc_cw1__emb_esm,val_auprc_macro_mean,0.7253658194769986,0.0001,0.0001,512,300,50,42,6,5,0,8.0,256.0,0.0,0.0,linear,True,0.7,identity,2.0,new
therapeutic_target,held_out,therapeutic_target_mondo_0005148,Type 2 diabetes,s2gae_att_k1_fixed_do04_uni,ProtScape,s2gae_att_k1_fixed_do04_uni5e6,s2gae_att_k1_fixed_do04_uni5e6_paper_20260510,lr_hc_cell,Mean-pool LR Contextual instances,lr_hc_cell,linear,esm,bulk,bulk_shared,cell_embeddings.pt,canonical_contextualized,lr_hc_cell__hp_lr0p0001_wd0p0001_selauprc_cw1__emb_esm,val_auprc_macro_mean,0.6615384296035984,0.0001,0.0001,512,300,50,42,6,5,0,,,,,linear,True,,,,
therapeutic_target,held_out,therapeutic_target_mondo_0005148,Type 2 diabetes,s2gae_att_k1_fixed_do04_uni,ProtScape,s2gae_att_k1_fixed_do04_uni5e6,s2gae_att_k1_fixed_do04_uni5e6_paper_20260510,lr_hc_cell_esm,Mean-pool LR Contextual + ESM2,lr_hc_cell_ext_embed,linear,esm,bulk,bulk_shared,cell_embeddings.pt,canonical_contextualized,lr_hc_cell_ext_embed__hp_lr0p0001_wd0p0001_selauprc_cw1__emb_esm,val_auprc_macro_mean,0.7265918413927482,0.0001,0.0001,512,300,50,42,6,5,0,,,,,linear,True,,,,
therapeutic_target,held_out,therapeutic_target_mondo_0005148,Type 2 diabetes,s2gae_att_k1_fixed_do04_uni,ProtScape,s2gae_att_k1_fixed_do04_uni5e6,s2gae_att_k1_fixed_do04_uni5e6_paper_20260510,abmil8_hc_cell,ABMIL Contextual instances,abmil_hc_cell_gated_8,abmil,esm,bulk,bulk_shared,cell_embeddings.pt,canonical_contextualized,abmil_hc_cell_gated_8__hp_lr0p0001_att256_do0p4_wd0p0001_selauprc_cw1__emb_esm,val_auprc_macro_mean,0.6780931102898846,0.0001,0.0001,512,300,50,42,6,5,0,8.0,256.0,0.4,0.0,linear,True,,,,
therapeutic_target,held_out,therapeutic_target_mondo_0005148,Type 2 diabetes,s2gae_att_k1_fixed_do04_uni,ProtScape,s2gae_att_k1_fixed_do04_uni5e6,s2gae_att_k1_fixed_do04_uni5e6_paper_20260510,abmil8,ABMIL Contextual + ESM2,abmil_hc_cell_ext_embed_gated_8,abmil,esm,bulk,bulk_shared,cell_embeddings.pt,canonical_contextualized,abmil_hc_cell_ext_embed_gated_8__hp_lr0p0001_att256_do0_wd0p0001_selauprc_cw1__emb_esm,val_auprc_macro_mean,0.6950727058345824,0.0001,0.0001,512,300,50,42,6,5,0,8.0,256.0,0.0,0.0,linear,True,,,,
therapeutic_target,held_out,therapeutic_target_mondo_0005148,Type 2 diabetes,s2gae_att_k1_fixed_do04_uni,ProtScape,s2gae_att_k1_fixed_do04_uni5e6,s2gae_att_k1_fixed_do04_uni5e6_paper_20260510,abmil8_pdl_hc_cell,ABMIL-PDL Contextual instances,abmil_hc_cell_gated_8_pdl,abmil,esm,bulk,bulk_shared,cell_embeddings.pt,canonical_contextualized,abmil_hc_cell_gated_8_pdl__hp_lr0p0001_att256_do0_pdl0p7_pdlimplnew_pdlprojidentity_pdlprojl2_wd0p0001_selauprc_cw1__emb_esm,val_auprc_macro_mean,0.7213202244034221,0.0001,0.0001,512,300,50,42,6,5,0,8.0,256.0,0.0,0.0,linear,True,0.7,identity,2.0,new
therapeutic_target,held_out,therapeutic_target_mondo_0005148,Type 2 diabetes,s2gae_att_k1_fixed_do04_uni,ProtScape,s2gae_att_k1_fixed_do04_uni5e6,s2gae_att_k1_fixed_do04_uni5e6_paper_20260510,abmil8_pdl_id2_dropout,ABMIL-PDL Contextual + ESM2,abmil_hc_cell_ext_embed_gated_8_pdl,abmil,esm,bulk,bulk_shared,cell_embeddings.pt,canonical_contextualized,abmil_hc_cell_ext_embed_gated_8_pdl__hp_lr0p0001_att256_do0_pdl0p7_pdlimplnew_pdlprojidentity_pdlprojl2_wd0p0001_selauprc_cw1__emb_esm,val_auprc_macro_mean,0.7436280504484941,0.0001,0.0001,512,300,50,42,6,5,0,8.0,256.0,0.0,0.0,linear,True,0.7,identity,2.0,new
therapeutic_target,held_out,therapeutic_target_mondo_0007915,Systemic lupus erythematosus,lr_esm,ESM2,PINNACLE_model_globalsplit_ESM2_symmetric_PPI-True_GATv2_H64_lambda001_drop02_out32__ep150_bulk,PINNACLE_model_globalsplit_ESM2_symmetric_PPI-True_GATv2_H64_lambda001_drop02_out32__ep150_bulk,lr_esm,Linear probe ESM2 sequence,lr_ext_embed,linear,esm,bulk,bulk_shared,,not_used_sequence_only,lr_ext_embed__hp_lr0p0001_wd0p0001_selauprc_cw1__emb_esm,val_auprc_macro_mean,0.5516716414188589,0.0001,0.0001,512,300,50,42,6,5,0,,,,,linear,True,,,,
therapeutic_target,held_out,therapeutic_target_mondo_0007915,Systemic lupus erythematosus,lr_prostt5,ProstT5,PINNACLE_model_globalsplit_ESM2_symmetric_PPI-True_GATv2_H64_lambda001_drop02_out32__ep150_bulk,PINNACLE_model_globalsplit_ESM2_symmetric_PPI-True_GATv2_H64_lambda001_drop02_out32__ep150_bulk,lr_prostt5,Linear probe ProstT5 sequence,lr_ext_embed,linear,prostt5,bulk,bulk_shared,,not_used_sequence_only,lr_ext_embed__hp_lr0p0001_wd0p0001_selauprc_cw1__emb_prostt5,val_auprc_macro_mean,0.4704045556645023,0.0001,0.0001,512,300,50,42,6,5,0,,,,,linear,True,,,,
therapeutic_target,held_out,therapeutic_target_mondo_0007915,Systemic lupus erythematosus,pinnacle_random_fixed,Pinnacle,PINNACLE_model_globalsplit_random_symmetric_PPI-True_GATv2_H64_lambda001_drop02_out32__ep150_bulk,PINNACLE_model_globalsplit_random_symmetric_PPI-True_GATv2_H64_lambda001_drop02_out32__ep150_bulk,lr_hc_cell,Mean-pool LR Contextual instances,lr_hc_cell,linear,esm,bulk,bulk_shared,cell_embeddings.pt,canonical_contextualized,lr_hc_cell__hp_lr0p0001_wd0p0001_selauprc_cw1__emb_esm,val_auprc_macro_mean,0.3107014658191669,0.0001,0.0001,512,300,50,42,6,5,0,,,,,linear,True,,,,
therapeutic_target,held_out,therapeutic_target_mondo_0007915,Systemic lupus erythematosus,pinnacle_random_fixed,Pinnacle,PINNACLE_model_globalsplit_random_symmetric_PPI-True_GATv2_H64_lambda001_drop02_out32__ep150_bulk,PINNACLE_model_globalsplit_random_symmetric_PPI-True_GATv2_H64_lambda001_drop02_out32__ep150_bulk,lr_hc_cell_esm,Mean-pool LR Contextual + ESM2,lr_hc_cell_ext_embed,linear,esm,bulk,bulk_shared,cell_embeddings.pt,canonical_contextualized,lr_hc_cell_ext_embed__hp_lr0p0001_wd0p0001_selauprc_cw1__emb_esm,val_auprc_macro_mean,0.5697456200980813,0.0001,0.0001,512,300,50,42,6,5,0,,,,,linear,True,,,,
therapeutic_target,held_out,therapeutic_target_mondo_0007915,Systemic lupus erythematosus,pinnacle_random_fixed,Pinnacle,PINNACLE_model_globalsplit_random_symmetric_PPI-True_GATv2_H64_lambda001_drop02_out32__ep150_bulk,PINNACLE_model_globalsplit_random_symmetric_PPI-True_GATv2_H64_lambda001_drop02_out32__ep150_bulk,abmil8_hc_cell,ABMIL Contextual instances,abmil_hc_cell_gated_8,abmil,esm,bulk,bulk_shared,cell_embeddings.pt,canonical_contextualized,abmil_hc_cell_gated_8__hp_lr0p0001_att256_do0_wd0p0001_selauprc_cw1__emb_esm,val_auprc_macro_mean,0.5084242625063589,0.0001,0.0001,512,300,50,42,6,5,0,8.0,256.0,0.0,0.0,linear,True,,,,
therapeutic_target,held_out,therapeutic_target_mondo_0007915,Systemic lupus erythematosus,pinnacle_random_fixed,Pinnacle,PINNACLE_model_globalsplit_random_symmetric_PPI-True_GATv2_H64_lambda001_drop02_out32__ep150_bulk,PINNACLE_model_globalsplit_random_symmetric_PPI-True_GATv2_H64_lambda001_drop02_out32__ep150_bulk,abmil8,ABMIL Contextual + ESM2,abmil_hc_cell_ext_embed_gated_8,abmil,esm,bulk,bulk_shared,cell_embeddings.pt,canonical_contextualized,abmil_hc_cell_ext_embed_gated_8__hp_lr0p0001_att256_do0p4_wd0p0001_selauprc_cw1__emb_esm,val_auprc_macro_mean,0.5994116631398632,0.0001,0.0001,512,300,50,42,6,5,0,8.0,256.0,0.4,0.0,linear,True,,,,
therapeutic_target,held_out,therapeutic_target_mondo_0007915,Systemic lupus erythematosus,pinnacle_random_fixed,Pinnacle,PINNACLE_model_globalsplit_random_symmetric_PPI-True_GATv2_H64_lambda001_drop02_out32__ep150_bulk,PINNACLE_model_globalsplit_random_symmetric_PPI-True_GATv2_H64_lambda001_drop02_out32__ep150_bulk,abmil8_pdl_hc_cell,ABMIL-PDL Contextual instances,abmil_hc_cell_gated_8_pdl,abmil,esm,bulk,bulk_shared,cell_embeddings.pt,canonical_contextualized,abmil_hc_cell_gated_8_pdl__hp_lr0p0001_att256_do0_pdl0p4_pdlimplnew_pdlprojidentity_pdlprojl2_wd0p0001_selauprc_cw1__emb_esm,val_auprc_macro_mean,0.6264970160189403,0.0001,0.0001,512,300,50,42,6,5,0,8.0,256.0,0.0,0.0,linear,True,0.4,identity,2.0,new
therapeutic_target,held_out,therapeutic_target_mondo_0007915,Systemic lupus erythematosus,pinnacle_random_fixed,Pinnacle,PINNACLE_model_globalsplit_random_symmetric_PPI-True_GATv2_H64_lambda001_drop02_out32__ep150_bulk,PINNACLE_model_globalsplit_random_symmetric_PPI-True_GATv2_H64_lambda001_drop02_out32__ep150_bulk,abmil8_pdl_id2_dropout,ABMIL-PDL Contextual + ESM2,abmil_hc_cell_ext_embed_gated_8_pdl,abmil,esm,bulk,bulk_shared,cell_embeddings.pt,canonical_contextualized,abmil_hc_cell_ext_embed_gated_8_pdl__hp_lr0p0001_att256_do0_pdl0p3_pdlimplnew_pdlprojidentity_pdlprojl2_wd0p0001_selauprc_cw1__emb_esm,val_auprc_macro_mean,0.6359323211265336,0.0001,0.0001,512,300,50,42,6,5,0,8.0,256.0,0.0,0.0,linear,True,0.3,identity,2.0,new
therapeutic_target,held_out,therapeutic_target_mondo_0007915,Systemic lupus erythematosus,pinnacle_esm_fixed,Pinnacle-ESM2 (GAT),PINNACLE_model_globalsplit_ESM2_symmetric_PPI-True_GATv2_H64_lambda001_drop02_out32__ep150_bulk,PINNACLE_model_globalsplit_ESM2_symmetric_PPI-True_GATv2_H64_lambda001_drop02_out32__ep150_bulk,lr_hc_cell,Mean-pool LR Contextual instances,lr_hc_cell,linear,esm,bulk,bulk_shared,cell_embeddings.pt,canonical_contextualized,lr_hc_cell__hp_lr0p0001_wd0p0001_selauprc_cw1__emb_esm,val_auprc_macro_mean,0.3464701540062932,0.0001,0.0001,512,300,50,42,6,5,0,,,,,linear,True,,,,
therapeutic_target,held_out,therapeutic_target_mondo_0007915,Systemic lupus erythematosus,pinnacle_esm_fixed,Pinnacle-ESM2 (GAT),PINNACLE_model_globalsplit_ESM2_symmetric_PPI-True_GATv2_H64_lambda001_drop02_out32__ep150_bulk,PINNACLE_model_globalsplit_ESM2_symmetric_PPI-True_GATv2_H64_lambda001_drop02_out32__ep150_bulk,lr_hc_cell_esm,Mean-pool LR Contextual + ESM2,lr_hc_cell_ext_embed,linear,esm,bulk,bulk_shared,cell_embeddings.pt,canonical_contextualized,lr_hc_cell_ext_embed__hp_lr0p0001_wd0p0001_selauprc_cw1__emb_esm,val_auprc_macro_mean,0.5741178625496015,0.0001,0.0001,512,300,50,42,6,5,0,,,,,linear,True,,,,
therapeutic_target,held_out,therapeutic_target_mondo_0007915,Systemic lupus erythematosus,pinnacle_esm_fixed,Pinnacle-ESM2 (GAT),PINNACLE_model_globalsplit_ESM2_symmetric_PPI-True_GATv2_H64_lambda001_drop02_out32__ep150_bulk,PINNACLE_model_globalsplit_ESM2_symmetric_PPI-True_GATv2_H64_lambda001_drop02_out32__ep150_bulk,abmil8_hc_cell,ABMIL Contextual instances,abmil_hc_cell_gated_8,abmil,esm,bulk,bulk_shared,cell_embeddings.pt,canonical_contextualized,abmil_hc_cell_gated_8__hp_lr0p0001_att256_do0p6_wd0p0001_selauprc_cw1__emb_esm,val_auprc_macro_mean,0.4529831297082811,0.0001,0.0001,512,300,50,42,6,5,0,8.0,256.0,0.6,0.0,linear,True,,,,
therapeutic_target,held_out,therapeutic_target_mondo_0007915,Systemic lupus erythematosus,pinnacle_esm_fixed,Pinnacle-ESM2 (GAT),PINNACLE_model_globalsplit_ESM2_symmetric_PPI-True_GATv2_H64_lambda001_drop02_out32__ep150_bulk,PINNACLE_model_globalsplit_ESM2_symmetric_PPI-True_GATv2_H64_lambda001_drop02_out32__ep150_bulk,abmil8,ABMIL Contextual + ESM2,abmil_hc_cell_ext_embed_gated_8,abmil,esm,bulk,bulk_shared,cell_embeddings.pt,canonical_contextualized,abmil_hc_cell_ext_embed_gated_8__hp_lr0p0001_att256_do0p6_wd0p0001_selauprc_cw1__emb_esm,val_auprc_macro_mean,0.5902599480683841,0.0001,0.0001,512,300,50,42,6,5,0,8.0,256.0,0.6,0.0,linear,True,,,,
therapeutic_target,held_out,therapeutic_target_mondo_0007915,Systemic lupus erythematosus,pinnacle_esm_fixed,Pinnacle-ESM2 (GAT),PINNACLE_model_globalsplit_ESM2_symmetric_PPI-True_GATv2_H64_lambda001_drop02_out32__ep150_bulk,PINNACLE_model_globalsplit_ESM2_symmetric_PPI-True_GATv2_H64_lambda001_drop02_out32__ep150_bulk,abmil8_pdl_hc_cell,ABMIL-PDL Contextual instances,abmil_hc_cell_gated_8_pdl,abmil,esm,bulk,bulk_shared,cell_embeddings.pt,canonical_contextualized,abmil_hc_cell_gated_8_pdl__hp_lr0p0001_att256_do0_pdl0p3_pdlimplnew_pdlprojidentity_pdlprojl2_wd0p0001_selauprc_cw1__emb_esm,val_auprc_macro_mean,0.5742463587670901,0.0001,0.0001,512,300,50,42,6,5,0,8.0,256.0,0.0,0.0,linear,True,0.3,identity,2.0,new
therapeutic_target,held_out,therapeutic_target_mondo_0007915,Systemic lupus erythematosus,pinnacle_esm_fixed,Pinnacle-ESM2 (GAT),PINNACLE_model_globalsplit_ESM2_symmetric_PPI-True_GATv2_H64_lambda001_drop02_out32__ep150_bulk,PINNACLE_model_globalsplit_ESM2_symmetric_PPI-True_GATv2_H64_lambda001_drop02_out32__ep150_bulk,abmil8_pdl_id2_dropout,ABMIL-PDL Contextual + ESM2,abmil_hc_cell_ext_embed_gated_8_pdl,abmil,esm,bulk,bulk_shared,cell_embeddings.pt,canonical_contextualized,abmil_hc_cell_ext_embed_gated_8_pdl__hp_lr0p0001_att256_do0_pdl0p4_pdlimplnew_pdlprojidentity_pdlprojl2_wd0p0001_selauprc_cw1__emb_esm,val_auprc_macro_mean,0.5947607448490231,0.0001,0.0001,512,300,50,42,6,5,0,8.0,256.0,0.0,0.0,linear,True,0.4,identity,2.0,new
therapeutic_target,held_out,therapeutic_target_mondo_0007915,Systemic lupus erythematosus,pinnacle_esm2_acm,Pinnacle-ESM2 (ACM),PINNACLE_model_globalsplit_ESM2_symmetric_PPI-True_ACM_RandomWalk_H64_lambda001_drop02_out64__ep150_bulk,PINNACLE_model_globalsplit_ESM2_symmetric_PPI-True_ACM_RandomWalk_H64_lambda001_drop02_out64__ep150_bulk,lr_hc_cell,Mean-pool LR Contextual instances,lr_hc_cell,linear,esm,bulk,bulk_shared,cell_embeddings.pt,canonical_contextualized,lr_hc_cell__hp_lr0p0001_wd0p0001_selauprc_cw1__emb_esm,val_auprc_macro_mean,0.2650818374502766,0.0001,0.0001,512,300,50,42,6,5,0,,,,,linear,True,,,,
therapeutic_target,held_out,therapeutic_target_mondo_0007915,Systemic lupus erythematosus,pinnacle_esm2_acm,Pinnacle-ESM2 (ACM),PINNACLE_model_globalsplit_ESM2_symmetric_PPI-True_ACM_RandomWalk_H64_lambda001_drop02_out64__ep150_bulk,PINNACLE_model_globalsplit_ESM2_symmetric_PPI-True_ACM_RandomWalk_H64_lambda001_drop02_out64__ep150_bulk,lr_hc_cell_esm,Mean-pool LR Contextual + ESM2,lr_hc_cell_ext_embed,linear,esm,bulk,bulk_shared,cell_embeddings.pt,canonical_contextualized,lr_hc_cell_ext_embed__hp_lr0p0001_wd0p0001_selauprc_cw1__emb_esm,val_auprc_macro_mean,0.5982507341330977,0.0001,0.0001,512,300,50,42,6,5,0,,,,,linear,True,,,,
therapeutic_target,held_out,therapeutic_target_mondo_0007915,Systemic lupus erythematosus,pinnacle_esm2_acm,Pinnacle-ESM2 (ACM),PINNACLE_model_globalsplit_ESM2_symmetric_PPI-True_ACM_RandomWalk_H64_lambda001_drop02_out64__ep150_bulk,PINNACLE_model_globalsplit_ESM2_symmetric_PPI-True_ACM_RandomWalk_H64_lambda001_drop02_out64__ep150_bulk,abmil8_hc_cell,ABMIL Contextual instances,abmil_hc_cell_gated_8,abmil,esm,bulk,bulk_shared,cell_embeddings.pt,canonical_contextualized,abmil_hc_cell_gated_8__hp_lr0p0001_att256_do0p4_wd0p0001_selauprc_cw1__emb_esm,val_auprc_macro_mean,0.4894428002562548,0.0001,0.0001,512,300,50,42,6,5,0,8.0,256.0,0.4,0.0,linear,True,,,,
therapeutic_target,held_out,therapeutic_target_mondo_0007915,Systemic lupus erythematosus,pinnacle_esm2_acm,Pinnacle-ESM2 (ACM),PINNACLE_model_globalsplit_ESM2_symmetric_PPI-True_ACM_RandomWalk_H64_lambda001_drop02_out64__ep150_bulk,PINNACLE_model_globalsplit_ESM2_symmetric_PPI-True_ACM_RandomWalk_H64_lambda001_drop02_out64__ep150_bulk,abmil8,ABMIL Contextual + ESM2,abmil_hc_cell_ext_embed_gated_8,abmil,esm,bulk,bulk_shared,cell_embeddings.pt,canonical_contextualized,abmil_hc_cell_ext_embed_gated_8__hp_lr0p0001_att256_do0p2_wd0p0001_selauprc_cw1__emb_esm,val_auprc_macro_mean,0.5972806279780182,0.0001,0.0001,512,300,50,42,6,5,0,8.0,256.0,0.2,0.0,linear,True,,,,
therapeutic_target,held_out,therapeutic_target_mondo_0007915,Systemic lupus erythematosus,pinnacle_esm2_acm,Pinnacle-ESM2 (ACM),PINNACLE_model_globalsplit_ESM2_symmetric_PPI-True_ACM_RandomWalk_H64_lambda001_drop02_out64__ep150_bulk,PINNACLE_model_globalsplit_ESM2_symmetric_PPI-True_ACM_RandomWalk_H64_lambda001_drop02_out64__ep150_bulk,abmil8_pdl_hc_cell,ABMIL-PDL Contextual instances,abmil_hc_cell_gated_8_pdl,abmil,esm,bulk,bulk_shared,cell_embeddings.pt,canonical_contextualized,abmil_hc_cell_gated_8_pdl__hp_lr0p0001_att256_do0_pdl0p2_pdlimplnew_pdlprojidentity_pdlprojl2_wd0p0001_selauprc_cw1__emb_esm,val_auprc_macro_mean,0.5388594658003695,0.0001,0.0001,512,300,50,42,6,5,0,8.0,256.0,0.0,0.0,linear,True,0.2,identity,2.0,new
therapeutic_target,held_out,therapeutic_target_mondo_0007915,Systemic lupus erythematosus,pinnacle_esm2_acm,Pinnacle-ESM2 (ACM),PINNACLE_model_globalsplit_ESM2_symmetric_PPI-True_ACM_RandomWalk_H64_lambda001_drop02_out64__ep150_bulk,PINNACLE_model_globalsplit_ESM2_symmetric_PPI-True_ACM_RandomWalk_H64_lambda001_drop02_out64__ep150_bulk,abmil8_pdl_id2_dropout,ABMIL-PDL Contextual + ESM2,abmil_hc_cell_ext_embed_gated_8_pdl,abmil,esm,bulk,bulk_shared,cell_embeddings.pt,canonical_contextualized,abmil_hc_cell_ext_embed_gated_8_pdl__hp_lr0p0001_att256_do0_pdl0p4_pdlimplnew_pdlprojidentity_pdlprojl2_wd0p0001_selauprc_cw1__emb_esm,val_auprc_macro_mean,0.5778663729018532,0.0001,0.0001,512,300,50,42,6,5,0,8.0,256.0,0.0,0.0,linear,True,0.4,identity,2.0,new
therapeutic_target,held_out,therapeutic_target_mondo_0007915,Systemic lupus erythematosus,gae_att_fixed_do06,ProtScape-GAE,gae_att_fixed_do06_ep300,gae_att_fixed_do06_ep300,lr_hc_cell,Mean-pool LR Contextual instances,lr_hc_cell,linear,esm,bulk,bulk_shared,cell_embeddings.pt,canonical_contextualized,lr_hc_cell__hp_lr0p0001_wd0p0001_selauprc_cw1__emb_esm,val_auprc_macro_mean,0.5094578363198883,0.0001,0.0001,512,300,50,42,6,5,0,,,,,linear,True,,,,
therapeutic_target,held_out,therapeutic_target_mondo_0007915,Systemic lupus erythematosus,gae_att_fixed_do06,ProtScape-GAE,gae_att_fixed_do06_ep300,gae_att_fixed_do06_ep300,lr_hc_cell_esm,Mean-pool LR Contextual + ESM2,lr_hc_cell_ext_embed,linear,esm,bulk,bulk_shared,cell_embeddings.pt,canonical_contextualized,lr_hc_cell_ext_embed__hp_lr0p0001_wd0p0001_selauprc_cw1__emb_esm,val_auprc_macro_mean,0.6331108286095647,0.0001,0.0001,512,300,50,42,6,5,0,,,,,linear,True,,,,
therapeutic_target,held_out,therapeutic_target_mondo_0007915,Systemic lupus erythematosus,gae_att_fixed_do06,ProtScape-GAE,gae_att_fixed_do06_ep300,gae_att_fixed_do06_ep300,abmil8_hc_cell,ABMIL Contextual instances,abmil_hc_cell_gated_8,abmil,esm,bulk,bulk_shared,cell_embeddings.pt,canonical_contextualized,abmil_hc_cell_gated_8__hp_lr0p0001_att256_do0_wd0p0001_selauprc_cw1__emb_esm,val_auprc_macro_mean,0.588089688012185,0.0001,0.0001,512,300,50,42,6,5,0,8.0,256.0,0.0,0.0,linear,True,,,,
therapeutic_target,held_out,therapeutic_target_mondo_0007915,Systemic lupus erythematosus,gae_att_fixed_do06,ProtScape-GAE,gae_att_fixed_do06_ep300,gae_att_fixed_do06_ep300,abmil8,ABMIL Contextual + ESM2,abmil_hc_cell_ext_embed_gated_8,abmil,esm,bulk,bulk_shared,cell_embeddings.pt,canonical_contextualized,abmil_hc_cell_ext_embed_gated_8__hp_lr0p0001_att256_do0p4_wd0p0001_selauprc_cw1__emb_esm,val_auprc_macro_mean,0.6241631740239042,0.0001,0.0001,512,300,50,42,6,5,0,8.0,256.0,0.4,0.0,linear,True,,,,
therapeutic_target,held_out,therapeutic_target_mondo_0007915,Systemic lupus erythematosus,gae_att_fixed_do06,ProtScape-GAE,gae_att_fixed_do06_ep300,gae_att_fixed_do06_ep300,abmil8_pdl_hc_cell,ABMIL-PDL Contextual instances,abmil_hc_cell_gated_8_pdl,abmil,esm,bulk,bulk_shared,cell_embeddings.pt,canonical_contextualized,abmil_hc_cell_gated_8_pdl__hp_lr0p0001_att256_do0_pdl0p6_pdlimplnew_pdlprojidentity_pdlprojl2_wd0p0001_selauprc_cw1__emb_esm,val_auprc_macro_mean,0.6186191810016355,0.0001,0.0001,512,300,50,42,6,5,0,8.0,256.0,0.0,0.0,linear,True,0.6,identity,2.0,new
therapeutic_target,held_out,therapeutic_target_mondo_0007915,Systemic lupus erythematosus,gae_att_fixed_do06,ProtScape-GAE,gae_att_fixed_do06_ep300,gae_att_fixed_do06_ep300,abmil8_pdl_id2_dropout,ABMIL-PDL Contextual + ESM2,abmil_hc_cell_ext_embed_gated_8_pdl,abmil,esm,bulk,bulk_shared,cell_embeddings.pt,canonical_contextualized,abmil_hc_cell_ext_embed_gated_8_pdl__hp_lr0p0001_att256_do0_pdl0p6_pdlimplnew_pdlprojidentity_pdlprojl2_wd0p0001_selauprc_cw1__emb_esm,val_auprc_macro_mean,0.6541575369340342,0.0001,0.0001,512,300,50,42,6,5,0,8.0,256.0,0.0,0.0,linear,True,0.6,identity,2.0,new
therapeutic_target,held_out,therapeutic_target_mondo_0007915,Systemic lupus erythematosus,s2gae_att_k1_fixed_do04_uni,ProtScape,s2gae_att_k1_fixed_do04_uni5e6,s2gae_att_k1_fixed_do04_uni5e6_paper_20260510,lr_hc_cell,Mean-pool LR Contextual instances,lr_hc_cell,linear,esm,bulk,bulk_shared,cell_embeddings.pt,canonical_contextualized,lr_hc_cell__hp_lr0p0001_wd0p0001_selauprc_cw1__emb_esm,val_auprc_macro_mean,0.680819143467921,0.0001,0.0001,512,300,50,42,6,5,0,,,,,linear,True,,,,
therapeutic_target,held_out,therapeutic_target_mondo_0007915,Systemic lupus erythematosus,s2gae_att_k1_fixed_do04_uni,ProtScape,s2gae_att_k1_fixed_do04_uni5e6,s2gae_att_k1_fixed_do04_uni5e6_paper_20260510,lr_hc_cell_esm,Mean-pool LR Contextual + ESM2,lr_hc_cell_ext_embed,linear,esm,bulk,bulk_shared,cell_embeddings.pt,canonical_contextualized,lr_hc_cell_ext_embed__hp_lr0p0001_wd0p0001_selauprc_cw1__emb_esm,val_auprc_macro_mean,0.7053097426876416,0.0001,0.0001,512,300,50,42,6,5,0,,,,,linear,True,,,,
therapeutic_target,held_out,therapeutic_target_mondo_0007915,Systemic lupus erythematosus,s2gae_att_k1_fixed_do04_uni,ProtScape,s2gae_att_k1_fixed_do04_uni5e6,s2gae_att_k1_fixed_do04_uni5e6_paper_20260510,abmil8_hc_cell,ABMIL Contextual instances,abmil_hc_cell_gated_8,abmil,esm,bulk,bulk_shared,cell_embeddings.pt,canonical_contextualized,abmil_hc_cell_gated_8__hp_lr0p0001_att256_do0p2_wd0p0001_selauprc_cw1__emb_esm,val_auprc_macro_mean,0.7086125445705335,0.0001,0.0001,512,300,50,42,6,5,0,8.0,256.0,0.2,0.0,linear,True,,,,
therapeutic_target,held_out,therapeutic_target_mondo_0007915,Systemic lupus erythematosus,s2gae_att_k1_fixed_do04_uni,ProtScape,s2gae_att_k1_fixed_do04_uni5e6,s2gae_att_k1_fixed_do04_uni5e6_paper_20260510,abmil8,ABMIL Contextual + ESM2,abmil_hc_cell_ext_embed_gated_8,abmil,esm,bulk,bulk_shared,cell_embeddings.pt,canonical_contextualized,abmil_hc_cell_ext_embed_gated_8__hp_lr0p0001_att256_do0p6_wd0p0001_selauprc_cw1__emb_esm,val_auprc_macro_mean,0.717339830944939,0.0001,0.0001,512,300,50,42,6,5,0,8.0,256.0,0.6,0.0,linear,True,,,,
therapeutic_target,held_out,therapeutic_target_mondo_0007915,Systemic lupus erythematosus,s2gae_att_k1_fixed_do04_uni,ProtScape,s2gae_att_k1_fixed_do04_uni5e6,s2gae_att_k1_fixed_do04_uni5e6_paper_20260510,abmil8_pdl_hc_cell,ABMIL-PDL Contextual instances,abmil_hc_cell_gated_8_pdl,abmil,esm,bulk,bulk_shared,cell_embeddings.pt,canonical_contextualized,abmil_hc_cell_gated_8_pdl__hp_lr0p0001_att256_do0_pdl0p5_pdlimplnew_pdlprojidentity_pdlprojl2_wd0p0001_selauprc_cw1__emb_esm,val_auprc_macro_mean,0.7432722875060529,0.0001,0.0001,512,300,50,42,6,5,0,8.0,256.0,0.0,0.0,linear,True,0.5,identity,2.0,new
therapeutic_target,held_out,therapeutic_target_mondo_0007915,Systemic lupus erythematosus,s2gae_att_k1_fixed_do04_uni,ProtScape,s2gae_att_k1_fixed_do04_uni5e6,s2gae_att_k1_fixed_do04_uni5e6_paper_20260510,abmil8_pdl_id2_dropout,ABMIL-PDL Contextual + ESM2,abmil_hc_cell_ext_embed_gated_8_pdl,abmil,esm,bulk,bulk_shared,cell_embeddings.pt,canonical_contextualized,abmil_hc_cell_ext_embed_gated_8_pdl__hp_lr0p0001_att256_do0_pdl0p5_pdlimplnew_pdlprojidentity_pdlprojl2_wd0p0001_selauprc_cw1__emb_esm,val_auprc_macro_mean,0.7459819588940871,0.0001,0.0001,512,300,50,42,6,5,0,8.0,256.0,0.0,0.0,linear,True,0.5,identity,2.0,new
therapeutic_target,held_out,therapeutic_target_efo_0000274,Atopic eczema,lr_esm,ESM2,PINNACLE_model_globalsplit_ESM2_symmetric_PPI-True_GATv2_H64_lambda001_drop02_out32__ep150_bulk,PINNACLE_model_globalsplit_ESM2_symmetric_PPI-True_GATv2_H64_lambda001_drop02_out32__ep150_bulk,lr_esm,Linear probe ESM2 sequence,lr_ext_embed,linear,esm,bulk,bulk_shared,,not_used_sequence_only,lr_ext_embed__hp_lr0p0001_wd0p0001_selauprc_cw1__emb_esm,val_auprc_macro_mean,0.4489024810228538,0.0001,0.0001,512,300,50,42,6,5,0,,,,,linear,True,,,,
therapeutic_target,held_out,therapeutic_target_efo_0000274,Atopic eczema,lr_prostt5,ProstT5,PINNACLE_model_globalsplit_ESM2_symmetric_PPI-True_GATv2_H64_lambda001_drop02_out32__ep150_bulk,PINNACLE_model_globalsplit_ESM2_symmetric_PPI-True_GATv2_H64_lambda001_drop02_out32__ep150_bulk,lr_prostt5,Linear probe ProstT5 sequence,lr_ext_embed,linear,prostt5,bulk,bulk_shared,,not_used_sequence_only,lr_ext_embed__hp_lr0p0001_wd0p0001_selauprc_cw1__emb_prostt5,val_auprc_macro_mean,0.3573262767969584,0.0001,0.0001,512,300,50,42,6,5,0,,,,,linear,True,,,,
therapeutic_target,held_out,therapeutic_target_efo_0000274,Atopic eczema,pinnacle_random_fixed,Pinnacle,PINNACLE_model_globalsplit_random_symmetric_PPI-True_GATv2_H64_lambda001_drop02_out32__ep150_bulk,PINNACLE_model_globalsplit_random_symmetric_PPI-True_GATv2_H64_lambda001_drop02_out32__ep150_bulk,lr_hc_cell,Mean-pool LR Contextual instances,lr_hc_cell,linear,esm,bulk,bulk_shared,cell_embeddings.pt,canonical_contextualized,lr_hc_cell__hp_lr0p0001_wd0p0001_selauprc_cw1__emb_esm,val_auprc_macro_mean,0.1491212971649522,0.0001,0.0001,512,300,50,42,6,5,0,,,,,linear,True,,,,
therapeutic_target,held_out,therapeutic_target_efo_0000274,Atopic eczema,pinnacle_random_fixed,Pinnacle,PINNACLE_model_globalsplit_random_symmetric_PPI-True_GATv2_H64_lambda001_drop02_out32__ep150_bulk,PINNACLE_model_globalsplit_random_symmetric_PPI-True_GATv2_H64_lambda001_drop02_out32__ep150_bulk,lr_hc_cell_esm,Mean-pool LR Contextual + ESM2,lr_hc_cell_ext_embed,linear,esm,bulk,bulk_shared,cell_embeddings.pt,canonical_contextualized,lr_hc_cell_ext_embed__hp_lr0p0001_wd0p0001_selauprc_cw1__emb_esm,val_auprc_macro_mean,0.4918080034599672,0.0001,0.0001,512,300,50,42,6,5,0,,,,,linear,True,,,,
therapeutic_target,held_out,therapeutic_target_efo_0000274,Atopic eczema,pinnacle_random_fixed,Pinnacle,PINNACLE_model_globalsplit_random_symmetric_PPI-True_GATv2_H64_lambda001_drop02_out32__ep150_bulk,PINNACLE_model_globalsplit_random_symmetric_PPI-True_GATv2_H64_lambda001_drop02_out32__ep150_bulk,abmil8_hc_cell,ABMIL Contextual instances,abmil_hc_cell_gated_8,abmil,esm,bulk,bulk_shared,cell_embeddings.pt,canonical_contextualized,abmil_hc_cell_gated_8__hp_lr0p0001_att256_do0p6_wd0p0001_selauprc_cw1__emb_esm,val_auprc_macro_mean,0.1755356224066051,0.0001,0.0001,512,300,50,42,6,5,0,8.0,256.0,0.6,0.0,linear,True,,,,
therapeutic_target,held_out,therapeutic_target_efo_0000274,Atopic eczema,pinnacle_random_fixed,Pinnacle,PINNACLE_model_globalsplit_random_symmetric_PPI-True_GATv2_H64_lambda001_drop02_out32__ep150_bulk,PINNACLE_model_globalsplit_random_symmetric_PPI-True_GATv2_H64_lambda001_drop02_out32__ep150_bulk,abmil8,ABMIL Contextual + ESM2,abmil_hc_cell_ext_embed_gated_8,abmil,esm,bulk,bulk_shared,cell_embeddings.pt,canonical_contextualized,abmil_hc_cell_ext_embed_gated_8__hp_lr0p0001_att256_do0_wd0p0001_selauprc_cw1__emb_esm,val_auprc_macro_mean,0.4251593965804958,0.0001,0.0001,512,300,50,42,6,5,0,8.0,256.0,0.0,0.0,linear,True,,,,
therapeutic_target,held_out,therapeutic_target_efo_0000274,Atopic eczema,pinnacle_random_fixed,Pinnacle,PINNACLE_model_globalsplit_random_symmetric_PPI-True_GATv2_H64_lambda001_drop02_out32__ep150_bulk,PINNACLE_model_globalsplit_random_symmetric_PPI-True_GATv2_H64_lambda001_drop02_out32__ep150_bulk,abmil8_pdl_hc_cell,ABMIL-PDL Contextual instances,abmil_hc_cell_gated_8_pdl,abmil,esm,bulk,bulk_shared,cell_embeddings.pt,canonical_contextualized,abmil_hc_cell_gated_8_pdl__hp_lr0p0001_att256_do0_pdl0p6_pdlimplnew_pdlprojidentity_pdlprojl2_wd0p0001_selauprc_cw1__emb_esm,val_auprc_macro_mean,0.2672426541609562,0.0001,0.0001,512,300,50,42,6,5,0,8.0,256.0,0.0,0.0,linear,True,0.6,identity,2.0,new
therapeutic_target,held_out,therapeutic_target_efo_0000274,Atopic eczema,pinnacle_random_fixed,Pinnacle,PINNACLE_model_globalsplit_random_symmetric_PPI-True_GATv2_H64_lambda001_drop02_out32__ep150_bulk,PINNACLE_model_globalsplit_random_symmetric_PPI-True_GATv2_H64_lambda001_drop02_out32__ep150_bulk,abmil8_pdl_id2_dropout,ABMIL-PDL Contextual + ESM2,abmil_hc_cell_ext_embed_gated_8_pdl,abmil,esm,bulk,bulk_shared,cell_embeddings.pt,canonical_contextualized,abmil_hc_cell_ext_embed_gated_8_pdl__hp_lr0p0001_att256_do0_pdl0p7_pdlimplnew_pdlprojidentity_pdlprojl2_wd0p0001_selauprc_cw1__emb_esm,val_auprc_macro_mean,0.5538718470668289,0.0001,0.0001,512,300,50,42,6,5,0,8.0,256.0,0.0,0.0,linear,True,0.7,identity,2.0,new
therapeutic_target,held_out,therapeutic_target_efo_0000274,Atopic eczema,pinnacle_esm_fixed,Pinnacle-ESM2 (GAT),PINNACLE_model_globalsplit_ESM2_symmetric_PPI-True_GATv2_H64_lambda001_drop02_out32__ep150_bulk,PINNACLE_model_globalsplit_ESM2_symmetric_PPI-True_GATv2_H64_lambda001_drop02_out32__ep150_bulk,lr_hc_cell,Mean-pool LR Contextual instances,lr_hc_cell,linear,esm,bulk,bulk_shared,cell_embeddings.pt,canonical_contextualized,lr_hc_cell__hp_lr0p0001_wd0p0001_selauprc_cw1__emb_esm,val_auprc_macro_mean,0.0968638388062905,0.0001,0.0001,512,300,50,42,6,5,0,,,,,linear,True,,,,
therapeutic_target,held_out,therapeutic_target_efo_0000274,Atopic eczema,pinnacle_esm_fixed,Pinnacle-ESM2 (GAT),PINNACLE_model_globalsplit_ESM2_symmetric_PPI-True_GATv2_H64_lambda001_drop02_out32__ep150_bulk,PINNACLE_model_globalsplit_ESM2_symmetric_PPI-True_GATv2_H64_lambda001_drop02_out32__ep150_bulk,lr_hc_cell_esm,Mean-pool LR Contextual + ESM2,lr_hc_cell_ext_embed,linear,esm,bulk,bulk_shared,cell_embeddings.pt,canonical_contextualized,lr_hc_cell_ext_embed__hp_lr0p0001_wd0p0001_selauprc_cw1__emb_esm,val_auprc_macro_mean,0.4908616721962941,0.0001,0.0001,512,300,50,42,6,5,0,,,,,linear,True,,,,
therapeutic_target,held_out,therapeutic_target_efo_0000274,Atopic eczema,pinnacle_esm_fixed,Pinnacle-ESM2 (GAT),PINNACLE_model_globalsplit_ESM2_symmetric_PPI-True_GATv2_H64_lambda001_drop02_out32__ep150_bulk,PINNACLE_model_globalsplit_ESM2_symmetric_PPI-True_GATv2_H64_lambda001_drop02_out32__ep150_bulk,abmil8_hc_cell,ABMIL Contextual instances,abmil_hc_cell_gated_8,abmil,esm,bulk,bulk_shared,cell_embeddings.pt,canonical_contextualized,abmil_hc_cell_gated_8__hp_lr0p0001_att256_do0_wd0p0001_selauprc_cw1__emb_esm,val_auprc_macro_mean,0.1549903463605351,0.0001,0.0001,512,300,50,42,6,5,0,8.0,256.0,0.0,0.0,linear,True,,,,
therapeutic_target,held_out,therapeutic_target_efo_0000274,Atopic eczema,pinnacle_esm_fixed,Pinnacle-ESM2 (GAT),PINNACLE_model_globalsplit_ESM2_symmetric_PPI-True_GATv2_H64_lambda001_drop02_out32__ep150_bulk,PINNACLE_model_globalsplit_ESM2_symmetric_PPI-True_GATv2_H64_lambda001_drop02_out32__ep150_bulk,abmil8,ABMIL Contextual + ESM2,abmil_hc_cell_ext_embed_gated_8,abmil,esm,bulk,bulk_shared,cell_embeddings.pt,canonical_contextualized,abmil_hc_cell_ext_embed_gated_8__hp_lr0p0001_att256_do0p6_wd0p0001_selauprc_cw1__emb_esm,val_auprc_macro_mean,0.3994434831589269,0.0001,0.0001,512,300,50,42,6,5,0,8.0,256.0,0.6,0.0,linear,True,,,,
therapeutic_target,held_out,therapeutic_target_efo_0000274,Atopic eczema,pinnacle_esm_fixed,Pinnacle-ESM2 (GAT),PINNACLE_model_globalsplit_ESM2_symmetric_PPI-True_GATv2_H64_lambda001_drop02_out32__ep150_bulk,PINNACLE_model_globalsplit_ESM2_symmetric_PPI-True_GATv2_H64_lambda001_drop02_out32__ep150_bulk,abmil8_pdl_hc_cell,ABMIL-PDL Contextual instances,abmil_hc_cell_gated_8_pdl,abmil,esm,bulk,bulk_shared,cell_embeddings.pt,canonical_contextualized,abmil_hc_cell_gated_8_pdl__hp_lr0p0001_att256_do0_pdl0p5_pdlimplnew_pdlprojidentity_pdlprojl2_wd0p0001_selauprc_cw1__emb_esm,val_auprc_macro_mean,0.268225869596138,0.0001,0.0001,512,300,50,42,6,5,0,8.0,256.0,0.0,0.0,linear,True,0.5,identity,2.0,new
therapeutic_target,held_out,therapeutic_target_efo_0000274,Atopic eczema,pinnacle_esm_fixed,Pinnacle-ESM2 (GAT),PINNACLE_model_globalsplit_ESM2_symmetric_PPI-True_GATv2_H64_lambda001_drop02_out32__ep150_bulk,PINNACLE_model_globalsplit_ESM2_symmetric_PPI-True_GATv2_H64_lambda001_drop02_out32__ep150_bulk,abmil8_pdl_id2_dropout,ABMIL-PDL Contextual + ESM2,abmil_hc_cell_ext_embed_gated_8_pdl,abmil,esm,bulk,bulk_shared,cell_embeddings.pt,canonical_contextualized,abmil_hc_cell_ext_embed_gated_8_pdl__hp_lr0p0001_att256_do0_pdl0p5_pdlimplnew_pdlprojidentity_pdlprojl2_wd0p0001_selauprc_cw1__emb_esm,val_auprc_macro_mean,0.5072386599137617,0.0001,0.0001,512,300,50,42,6,5,0,8.0,256.0,0.0,0.0,linear,True,0.5,identity,2.0,new
therapeutic_target,held_out,therapeutic_target_efo_0000274,Atopic eczema,pinnacle_esm2_acm,Pinnacle-ESM2 (ACM),PINNACLE_model_globalsplit_ESM2_symmetric_PPI-True_ACM_RandomWalk_H64_lambda001_drop02_out64__ep150_bulk,PINNACLE_model_globalsplit_ESM2_symmetric_PPI-True_ACM_RandomWalk_H64_lambda001_drop02_out64__ep150_bulk,lr_hc_cell,Mean-pool LR Contextual instances,lr_hc_cell,linear,esm,bulk,bulk_shared,cell_embeddings.pt,canonical_contextualized,lr_hc_cell__hp_lr0p0001_wd0p0001_selauprc_cw1__emb_esm,val_auprc_macro_mean,0.0996148323576871,0.0001,0.0001,512,300,50,42,6,5,0,,,,,linear,True,,,,
therapeutic_target,held_out,therapeutic_target_efo_0000274,Atopic eczema,pinnacle_esm2_acm,Pinnacle-ESM2 (ACM),PINNACLE_model_globalsplit_ESM2_symmetric_PPI-True_ACM_RandomWalk_H64_lambda001_drop02_out64__ep150_bulk,PINNACLE_model_globalsplit_ESM2_symmetric_PPI-True_ACM_RandomWalk_H64_lambda001_drop02_out64__ep150_bulk,lr_hc_cell_esm,Mean-pool LR Contextual + ESM2,lr_hc_cell_ext_embed,linear,esm,bulk,bulk_shared,cell_embeddings.pt,canonical_contextualized,lr_hc_cell_ext_embed__hp_lr0p0001_wd0p0001_selauprc_cw1__emb_esm,val_auprc_macro_mean,0.4596462489408929,0.0001,0.0001,512,300,50,42,6,5,0,,,,,linear,True,,,,
therapeutic_target,held_out,therapeutic_target_efo_0000274,Atopic eczema,pinnacle_esm2_acm,Pinnacle-ESM2 (ACM),PINNACLE_model_globalsplit_ESM2_symmetric_PPI-True_ACM_RandomWalk_H64_lambda001_drop02_out64__ep150_bulk,PINNACLE_model_globalsplit_ESM2_symmetric_PPI-True_ACM_RandomWalk_H64_lambda001_drop02_out64__ep150_bulk,abmil8_hc_cell,ABMIL Contextual instances,abmil_hc_cell_gated_8,abmil,esm,bulk,bulk_shared,cell_embeddings.pt,canonical_contextualized,abmil_hc_cell_gated_8__hp_lr0p0001_att256_do0p6_wd0p0001_selauprc_cw1__emb_esm,val_auprc_macro_mean,0.1219623136382278,0.0001,0.0001,512,300,50,42,6,5,0,8.0,256.0,0.6,0.0,linear,True,,,,
therapeutic_target,held_out,therapeutic_target_efo_0000274,Atopic eczema,pinnacle_esm2_acm,Pinnacle-ESM2 (ACM),PINNACLE_model_globalsplit_ESM2_symmetric_PPI-True_ACM_RandomWalk_H64_lambda001_drop02_out64__ep150_bulk,PINNACLE_model_globalsplit_ESM2_symmetric_PPI-True_ACM_RandomWalk_H64_lambda001_drop02_out64__ep150_bulk,abmil8,ABMIL Contextual + ESM2,abmil_hc_cell_ext_embed_gated_8,abmil,esm,bulk,bulk_shared,cell_embeddings.pt,canonical_contextualized,abmil_hc_cell_ext_embed_gated_8__hp_lr0p0001_att256_do0_wd0p0001_selauprc_cw1__emb_esm,val_auprc_macro_mean,0.4180029618034011,0.0001,0.0001,512,300,50,42,6,5,0,8.0,256.0,0.0,0.0,linear,True,,,,
therapeutic_target,held_out,therapeutic_target_efo_0000274,Atopic eczema,pinnacle_esm2_acm,Pinnacle-ESM2 (ACM),PINNACLE_model_globalsplit_ESM2_symmetric_PPI-True_ACM_RandomWalk_H64_lambda001_drop02_out64__ep150_bulk,PINNACLE_model_globalsplit_ESM2_symmetric_PPI-True_ACM_RandomWalk_H64_lambda001_drop02_out64__ep150_bulk,abmil8_pdl_hc_cell,ABMIL-PDL Contextual instances,abmil_hc_cell_gated_8_pdl,abmil,esm,bulk,bulk_shared,cell_embeddings.pt,canonical_contextualized,abmil_hc_cell_gated_8_pdl__hp_lr0p0001_att256_do0_pdl0p7_pdlimplnew_pdlprojidentity_pdlprojl2_wd0p0001_selauprc_cw1__emb_esm,val_auprc_macro_mean,0.1604642476807055,0.0001,0.0001,512,300,50,42,6,5,0,8.0,256.0,0.0,0.0,linear,True,0.7,identity,2.0,new
therapeutic_target,held_out,therapeutic_target_efo_0000274,Atopic eczema,pinnacle_esm2_acm,Pinnacle-ESM2 (ACM),PINNACLE_model_globalsplit_ESM2_symmetric_PPI-True_ACM_RandomWalk_H64_lambda001_drop02_out64__ep150_bulk,PINNACLE_model_globalsplit_ESM2_symmetric_PPI-True_ACM_RandomWalk_H64_lambda001_drop02_out64__ep150_bulk,abmil8_pdl_id2_dropout,ABMIL-PDL Contextual + ESM2,abmil_hc_cell_ext_embed_gated_8_pdl,abmil,esm,bulk,bulk_shared,cell_embeddings.pt,canonical_contextualized,abmil_hc_cell_ext_embed_gated_8_pdl__hp_lr0p0001_att256_do0_pdl0p4_pdlimplnew_pdlprojidentity_pdlprojl2_wd0p0001_selauprc_cw1__emb_esm,val_auprc_macro_mean,0.528657151002022,0.0001,0.0001,512,300,50,42,6,5,0,8.0,256.0,0.0,0.0,linear,True,0.4,identity,2.0,new
therapeutic_target,held_out,therapeutic_target_efo_0000274,Atopic eczema,gae_att_fixed_do06,ProtScape-GAE,gae_att_fixed_do06_ep300,gae_att_fixed_do06_ep300,lr_hc_cell,Mean-pool LR Contextual instances,lr_hc_cell,linear,esm,bulk,bulk_shared,cell_embeddings.pt,canonical_contextualized,lr_hc_cell__hp_lr0p0001_wd0p0001_selauprc_cw1__emb_esm,val_auprc_macro_mean,0.1604438169323603,0.0001,0.0001,512,300,50,42,6,5,0,,,,,linear,True,,,,
therapeutic_target,held_out,therapeutic_target_efo_0000274,Atopic eczema,gae_att_fixed_do06,ProtScape-GAE,gae_att_fixed_do06_ep300,gae_att_fixed_do06_ep300,lr_hc_cell_esm,Mean-pool LR Contextual + ESM2,lr_hc_cell_ext_embed,linear,esm,bulk,bulk_shared,cell_embeddings.pt,canonical_contextualized,lr_hc_cell_ext_embed__hp_lr0p0001_wd0p0001_selauprc_cw1__emb_esm,val_auprc_macro_mean,0.418955812329657,0.0001,0.0001,512,300,50,42,6,5,0,,,,,linear,True,,,,
therapeutic_target,held_out,therapeutic_target_efo_0000274,Atopic eczema,gae_att_fixed_do06,ProtScape-GAE,gae_att_fixed_do06_ep300,gae_att_fixed_do06_ep300,abmil8_hc_cell,ABMIL Contextual instances,abmil_hc_cell_gated_8,abmil,esm,bulk,bulk_shared,cell_embeddings.pt,canonical_contextualized,abmil_hc_cell_gated_8__hp_lr0p0001_att256_do0_wd0p0001_selauprc_cw1__emb_esm,val_auprc_macro_mean,0.2899274797462962,0.0001,0.0001,512,300,50,42,6,5,0,8.0,256.0,0.0,0.0,linear,True,,,,
therapeutic_target,held_out,therapeutic_target_efo_0000274,Atopic eczema,gae_att_fixed_do06,ProtScape-GAE,gae_att_fixed_do06_ep300,gae_att_fixed_do06_ep300,abmil8,ABMIL Contextual + ESM2,abmil_hc_cell_ext_embed_gated_8,abmil,esm,bulk,bulk_shared,cell_embeddings.pt,canonical_contextualized,abmil_hc_cell_ext_embed_gated_8__hp_lr0p0001_att256_do0_wd0p0001_selauprc_cw1__emb_esm,val_auprc_macro_mean,0.3596527217421554,0.0001,0.0001,512,300,50,42,6,5,0,8.0,256.0,0.0,0.0,linear,True,,,,
therapeutic_target,held_out,therapeutic_target_efo_0000274,Atopic eczema,gae_att_fixed_do06,ProtScape-GAE,gae_att_fixed_do06_ep300,gae_att_fixed_do06_ep300,abmil8_pdl_hc_cell,ABMIL-PDL Contextual instances,abmil_hc_cell_gated_8_pdl,abmil,esm,bulk,bulk_shared,cell_embeddings.pt,canonical_contextualized,abmil_hc_cell_gated_8_pdl__hp_lr0p0001_att256_do0_pdl0p3_pdlimplnew_pdlprojidentity_pdlprojl2_wd0p0001_selauprc_cw1__emb_esm,val_auprc_macro_mean,0.3833833570364987,0.0001,0.0001,512,300,50,42,6,5,0,8.0,256.0,0.0,0.0,linear,True,0.3,identity,2.0,new
therapeutic_target,held_out,therapeutic_target_efo_0000274,Atopic eczema,gae_att_fixed_do06,ProtScape-GAE,gae_att_fixed_do06_ep300,gae_att_fixed_do06_ep300,abmil8_pdl_id2_dropout,ABMIL-PDL Contextual + ESM2,abmil_hc_cell_ext_embed_gated_8_pdl,abmil,esm,bulk,bulk_shared,cell_embeddings.pt,canonical_contextualized,abmil_hc_cell_ext_embed_gated_8_pdl__hp_lr0p0001_att256_do0_pdl0p4_pdlimplnew_pdlprojidentity_pdlprojl2_wd0p0001_selauprc_cw1__emb_esm,val_auprc_macro_mean,0.4514470277444845,0.0001,0.0001,512,300,50,42,6,5,0,8.0,256.0,0.0,0.0,linear,True,0.4,identity,2.0,new
therapeutic_target,held_out,therapeutic_target_efo_0000274,Atopic eczema,s2gae_att_k1_fixed_do04_uni,ProtScape,s2gae_att_k1_fixed_do04_uni5e6,s2gae_att_k1_fixed_do04_uni5e6_paper_20260510,lr_hc_cell,Mean-pool LR Contextual instances,lr_hc_cell,linear,esm,bulk,bulk_shared,cell_embeddings.pt,canonical_contextualized,lr_hc_cell__hp_lr0p0001_wd0p0001_selauprc_cw1__emb_esm,val_auprc_macro_mean,0.4343108874224576,0.0001,0.0001,512,300,50,42,6,5,0,,,,,linear,True,,,,
therapeutic_target,held_out,therapeutic_target_efo_0000274,Atopic eczema,s2gae_att_k1_fixed_do04_uni,ProtScape,s2gae_att_k1_fixed_do04_uni5e6,s2gae_att_k1_fixed_do04_uni5e6_paper_20260510,lr_hc_cell_esm,Mean-pool LR Contextual + ESM2,lr_hc_cell_ext_embed,linear,esm,bulk,bulk_shared,cell_embeddings.pt,canonical_contextualized,lr_hc_cell_ext_embed__hp_lr0p0001_wd0p0001_selauprc_cw1__emb_esm,val_auprc_macro_mean,0.5029774750728363,0.0001,0.0001,512,300,50,42,6,5,0,,,,,linear,True,,,,
therapeutic_target,held_out,therapeutic_target_efo_0000274,Atopic eczema,s2gae_att_k1_fixed_do04_uni,ProtScape,s2gae_att_k1_fixed_do04_uni5e6,s2gae_att_k1_fixed_do04_uni5e6_paper_20260510,abmil8_hc_cell,ABMIL Contextual instances,abmil_hc_cell_gated_8,abmil,esm,bulk,bulk_shared,cell_embeddings.pt,canonical_contextualized,abmil_hc_cell_gated_8__hp_lr0p0001_att256_do0p4_wd0p0001_selauprc_cw1__emb_esm,val_auprc_macro_mean,0.4762761363755457,0.0001,0.0001,512,300,50,42,6,5,0,8.0,256.0,0.4,0.0,linear,True,,,,
therapeutic_target,held_out,therapeutic_target_efo_0000274,Atopic eczema,s2gae_att_k1_fixed_do04_uni,ProtScape,s2gae_att_k1_fixed_do04_uni5e6,s2gae_att_k1_fixed_do04_uni5e6_paper_20260510,abmil8,ABMIL Contextual + ESM2,abmil_hc_cell_ext_embed_gated_8,abmil,esm,bulk,bulk_shared,cell_embeddings.pt,canonical_contextualized,abmil_hc_cell_ext_embed_gated_8__hp_lr0p0001_att256_do0p4_wd0p0001_selauprc_cw1__emb_esm,val_auprc_macro_mean,0.4937237783349003,0.0001,0.0001,512,300,50,42,6,5,0,8.0,256.0,0.4,0.0,linear,True,,,,
therapeutic_target,held_out,therapeutic_target_efo_0000274,Atopic eczema,s2gae_att_k1_fixed_do04_uni,ProtScape,s2gae_att_k1_fixed_do04_uni5e6,s2gae_att_k1_fixed_do04_uni5e6_paper_20260510,abmil8_pdl_hc_cell,ABMIL-PDL Contextual instances,abmil_hc_cell_gated_8_pdl,abmil,esm,bulk,bulk_shared,cell_embeddings.pt,canonical_contextualized,abmil_hc_cell_gated_8_pdl__hp_lr0p0001_att256_do0_pdl0p6_pdlimplnew_pdlprojidentity_pdlprojl2_wd0p0001_selauprc_cw1__emb_esm,val_auprc_macro_mean,0.5673417196172054,0.0001,0.0001,512,300,50,42,6,5,0,8.0,256.0,0.0,0.0,linear,True,0.6,identity,2.0,new
therapeutic_target,held_out,therapeutic_target_efo_0000274,Atopic eczema,s2gae_att_k1_fixed_do04_uni,ProtScape,s2gae_att_k1_fixed_do04_uni5e6,s2gae_att_k1_fixed_do04_uni5e6_paper_20260510,abmil8_pdl_id2_dropout,ABMIL-PDL Contextual + ESM2,abmil_hc_cell_ext_embed_gated_8_pdl,abmil,esm,bulk,bulk_shared,cell_embeddings.pt,canonical_contextualized,abmil_hc_cell_ext_embed_gated_8_pdl__hp_lr0p0001_att256_do0_pdl0p7_pdlimplnew_pdlprojidentity_pdlprojl2_wd0p0001_selauprc_cw1__emb_esm,val_auprc_macro_mean,0.5992620003673118,0.0001,0.0001,512,300,50,42,6,5,0,8.0,256.0,0.0,0.0,linear,True,0.7,identity,2.0,new
therapeutic_target,held_out,therapeutic_target_mondo_0004979,Asthma,lr_esm,ESM2,PINNACLE_model_globalsplit_ESM2_symmetric_PPI-True_GATv2_H64_lambda001_drop02_out32__ep150_bulk,PINNACLE_model_globalsplit_ESM2_symmetric_PPI-True_GATv2_H64_lambda001_drop02_out32__ep150_bulk,lr_esm,Linear probe ESM2 sequence,lr_ext_embed,linear,esm,bulk,bulk_shared,,not_used_sequence_only,lr_ext_embed__hp_lr0p0001_wd0p0001_selauprc_cw1__emb_esm,val_auprc_macro_mean,0.5317422670305751,0.0001,0.0001,512,300,50,42,6,5,0,,,,,linear,True,,,,
therapeutic_target,held_out,therapeutic_target_mondo_0004979,Asthma,lr_prostt5,ProstT5,PINNACLE_model_globalsplit_ESM2_symmetric_PPI-True_GATv2_H64_lambda001_drop02_out32__ep150_bulk,PINNACLE_model_globalsplit_ESM2_symmetric_PPI-True_GATv2_H64_lambda001_drop02_out32__ep150_bulk,lr_prostt5,Linear probe ProstT5 sequence,lr_ext_embed,linear,prostt5,bulk,bulk_shared,,not_used_sequence_only,lr_ext_embed__hp_lr0p0001_wd0p0001_selauprc_cw1__emb_prostt5,val_auprc_macro_mean,0.4881238304047074,0.0001,0.0001,512,300,50,42,6,5,0,,,,,linear,True,,,,
therapeutic_target,held_out,therapeutic_target_mondo_0004979,Asthma,pinnacle_random_fixed,Pinnacle,PINNACLE_model_globalsplit_random_symmetric_PPI-True_GATv2_H64_lambda001_drop02_out32__ep150_bulk,PINNACLE_model_globalsplit_random_symmetric_PPI-True_GATv2_H64_lambda001_drop02_out32__ep150_bulk,lr_hc_cell,Mean-pool LR Contextual instances,lr_hc_cell,linear,esm,bulk,bulk_shared,cell_embeddings.pt,canonical_contextualized,lr_hc_cell__hp_lr0p0001_wd0p0001_selauprc_cw1__emb_esm,val_auprc_macro_mean,0.1656899633344672,0.0001,0.0001,512,300,50,42,6,5,0,,,,,linear,True,,,,
therapeutic_target,held_out,therapeutic_target_mondo_0004979,Asthma,pinnacle_random_fixed,Pinnacle,PINNACLE_model_globalsplit_random_symmetric_PPI-True_GATv2_H64_lambda001_drop02_out32__ep150_bulk,PINNACLE_model_globalsplit_random_symmetric_PPI-True_GATv2_H64_lambda001_drop02_out32__ep150_bulk,lr_hc_cell_esm,Mean-pool LR Contextual + ESM2,lr_hc_cell_ext_embed,linear,esm,bulk,bulk_shared,cell_embeddings.pt,canonical_contextualized,lr_hc_cell_ext_embed__hp_lr0p0001_wd0p0001_selauprc_cw1__emb_esm,val_auprc_macro_mean,0.5285905074509274,0.0001,0.0001,512,300,50,42,6,5,0,,,,,linear,True,,,,
therapeutic_target,held_out,therapeutic_target_mondo_0004979,Asthma,pinnacle_random_fixed,Pinnacle,PINNACLE_model_globalsplit_random_symmetric_PPI-True_GATv2_H64_lambda001_drop02_out32__ep150_bulk,PINNACLE_model_globalsplit_random_symmetric_PPI-True_GATv2_H64_lambda001_drop02_out32__ep150_bulk,abmil8_hc_cell,ABMIL Contextual instances,abmil_hc_cell_gated_8,abmil,esm,bulk,bulk_shared,cell_embeddings.pt,canonical_contextualized,abmil_hc_cell_gated_8__hp_lr0p0001_att256_do0_wd0p0001_selauprc_cw1__emb_esm,val_auprc_macro_mean,0.1674708264279786,0.0001,0.0001,512,300,50,42,6,5,0,8.0,256.0,0.0,0.0,linear,True,,,,
therapeutic_target,held_out,therapeutic_target_mondo_0004979,Asthma,pinnacle_random_fixed,Pinnacle,PINNACLE_model_globalsplit_random_symmetric_PPI-True_GATv2_H64_lambda001_drop02_out32__ep150_bulk,PINNACLE_model_globalsplit_random_symmetric_PPI-True_GATv2_H64_lambda001_drop02_out32__ep150_bulk,abmil8,ABMIL Contextual + ESM2,abmil_hc_cell_ext_embed_gated_8,abmil,esm,bulk,bulk_shared,cell_embeddings.pt,canonical_contextualized,abmil_hc_cell_ext_embed_gated_8__hp_lr0p0001_att256_do0_wd0p0001_selauprc_cw1__emb_esm,val_auprc_macro_mean,0.5308795042127257,0.0001,0.0001,512,300,50,42,6,5,0,8.0,256.0,0.0,0.0,linear,True,,,,
therapeutic_target,held_out,therapeutic_target_mondo_0004979,Asthma,pinnacle_random_fixed,Pinnacle,PINNACLE_model_globalsplit_random_symmetric_PPI-True_GATv2_H64_lambda001_drop02_out32__ep150_bulk,PINNACLE_model_globalsplit_random_symmetric_PPI-True_GATv2_H64_lambda001_drop02_out32__ep150_bulk,abmil8_pdl_hc_cell,ABMIL-PDL Contextual instances,abmil_hc_cell_gated_8_pdl,abmil,esm,bulk,bulk_shared,cell_embeddings.pt,canonical_contextualized,abmil_hc_cell_gated_8_pdl__hp_lr0p0001_att256_do0_pdl0p4_pdlimplnew_pdlprojidentity_pdlprojl2_wd0p0001_selauprc_cw1__emb_esm,val_auprc_macro_mean,0.1832989785758889,0.0001,0.0001,512,300,50,42,6,5,0,8.0,256.0,0.0,0.0,linear,True,0.4,identity,2.0,new
therapeutic_target,held_out,therapeutic_target_mondo_0004979,Asthma,pinnacle_random_fixed,Pinnacle,PINNACLE_model_globalsplit_random_symmetric_PPI-True_GATv2_H64_lambda001_drop02_out32__ep150_bulk,PINNACLE_model_globalsplit_random_symmetric_PPI-True_GATv2_H64_lambda001_drop02_out32__ep150_bulk,abmil8_pdl_id2_dropout,ABMIL-PDL Contextual + ESM2,abmil_hc_cell_ext_embed_gated_8_pdl,abmil,esm,bulk,bulk_shared,cell_embeddings.pt,canonical_contextualized,abmil_hc_cell_ext_embed_gated_8_pdl__hp_lr0p0001_att256_do0_pdl0p2_pdlimplnew_pdlprojidentity_pdlprojl2_wd0p0001_selauprc_cw1__emb_esm,val_auprc_macro_mean,0.5453349494233525,0.0001,0.0001,512,300,50,42,6,5,0,8.0,256.0,0.0,0.0,linear,True,0.2,identity,2.0,new
therapeutic_target,held_out,therapeutic_target_mondo_0004979,Asthma,pinnacle_esm_fixed,Pinnacle-ESM2 (GAT),PINNACLE_model_globalsplit_ESM2_symmetric_PPI-True_GATv2_H64_lambda001_drop02_out32__ep150_bulk,PINNACLE_model_globalsplit_ESM2_symmetric_PPI-True_GATv2_H64_lambda001_drop02_out32__ep150_bulk,lr_hc_cell,Mean-pool LR Contextual instances,lr_hc_cell,linear,esm,bulk,bulk_shared,cell_embeddings.pt,canonical_contextualized,lr_hc_cell__hp_lr0p0001_wd0p0001_selauprc_cw1__emb_esm,val_auprc_macro_mean,0.1626627166716872,0.0001,0.0001,512,300,50,42,6,5,0,,,,,linear,True,,,,
therapeutic_target,held_out,therapeutic_target_mondo_0004979,Asthma,pinnacle_esm_fixed,Pinnacle-ESM2 (GAT),PINNACLE_model_globalsplit_ESM2_symmetric_PPI-True_GATv2_H64_lambda001_drop02_out32__ep150_bulk,PINNACLE_model_globalsplit_ESM2_symmetric_PPI-True_GATv2_H64_lambda001_drop02_out32__ep150_bulk,lr_hc_cell_esm,Mean-pool LR Contextual + ESM2,lr_hc_cell_ext_embed,linear,esm,bulk,bulk_shared,cell_embeddings.pt,canonical_contextualized,lr_hc_cell_ext_embed__hp_lr0p0001_wd0p0001_selauprc_cw1__emb_esm,val_auprc_macro_mean,0.5440898091027783,0.0001,0.0001,512,300,50,42,6,5,0,,,,,linear,True,,,,
therapeutic_target,held_out,therapeutic_target_mondo_0004979,Asthma,pinnacle_esm_fixed,Pinnacle-ESM2 (GAT),PINNACLE_model_globalsplit_ESM2_symmetric_PPI-True_GATv2_H64_lambda001_drop02_out32__ep150_bulk,PINNACLE_model_globalsplit_ESM2_symmetric_PPI-True_GATv2_H64_lambda001_drop02_out32__ep150_bulk,abmil8_hc_cell,ABMIL Contextual instances,abmil_hc_cell_gated_8,abmil,esm,bulk,bulk_shared,cell_embeddings.pt,canonical_contextualized,abmil_hc_cell_gated_8__hp_lr0p0001_att256_do0p4_wd0p0001_selauprc_cw1__emb_esm,val_auprc_macro_mean,0.1736534205991811,0.0001,0.0001,512,300,50,42,6,5,0,8.0,256.0,0.4,0.0,linear,True,,,,
therapeutic_target,held_out,therapeutic_target_mondo_0004979,Asthma,pinnacle_esm_fixed,Pinnacle-ESM2 (GAT),PINNACLE_model_globalsplit_ESM2_symmetric_PPI-True_GATv2_H64_lambda001_drop02_out32__ep150_bulk,PINNACLE_model_globalsplit_ESM2_symmetric_PPI-True_GATv2_H64_lambda001_drop02_out32__ep150_bulk,abmil8,ABMIL Contextual + ESM2,abmil_hc_cell_ext_embed_gated_8,abmil,esm,bulk,bulk_shared,cell_embeddings.pt,canonical_contextualized,abmil_hc_cell_ext_embed_gated_8__hp_lr0p0001_att256_do0p4_wd0p0001_selauprc_cw1__emb_esm,val_auprc_macro_mean,0.529384114981279,0.0001,0.0001,512,300,50,42,6,5,0,8.0,256.0,0.4,0.0,linear,True,,,,
therapeutic_target,held_out,therapeutic_target_mondo_0004979,Asthma,pinnacle_esm_fixed,Pinnacle-ESM2 (GAT),PINNACLE_model_globalsplit_ESM2_symmetric_PPI-True_GATv2_H64_lambda001_drop02_out32__ep150_bulk,PINNACLE_model_globalsplit_ESM2_symmetric_PPI-True_GATv2_H64_lambda001_drop02_out32__ep150_bulk,abmil8_pdl_hc_cell,ABMIL-PDL Contextual instances,abmil_hc_cell_gated_8_pdl,abmil,esm,bulk,bulk_shared,cell_embeddings.pt,canonical_contextualized,abmil_hc_cell_gated_8_pdl__hp_lr0p0001_att256_do0_pdl0p6_pdlimplnew_pdlprojidentity_pdlprojl2_wd0p0001_selauprc_cw1__emb_esm,val_auprc_macro_mean,0.2219635364639394,0.0001,0.0001,512,300,50,42,6,5,0,8.0,256.0,0.0,0.0,linear,True,0.6,identity,2.0,new
therapeutic_target,held_out,therapeutic_target_mondo_0004979,Asthma,pinnacle_esm_fixed,Pinnacle-ESM2 (GAT),PINNACLE_model_globalsplit_ESM2_symmetric_PPI-True_GATv2_H64_lambda001_drop02_out32__ep150_bulk,PINNACLE_model_globalsplit_ESM2_symmetric_PPI-True_GATv2_H64_lambda001_drop02_out32__ep150_bulk,abmil8_pdl_id2_dropout,ABMIL-PDL Contextual + ESM2,abmil_hc_cell_ext_embed_gated_8_pdl,abmil,esm,bulk,bulk_shared,cell_embeddings.pt,canonical_contextualized,abmil_hc_cell_ext_embed_gated_8_pdl__hp_lr0p0001_att256_do0_pdl0p3_pdlimplnew_pdlprojidentity_pdlprojl2_wd0p0001_selauprc_cw1__emb_esm,val_auprc_macro_mean,0.5572838776842114,0.0001,0.0001,512,300,50,42,6,5,0,8.0,256.0,0.0,0.0,linear,True,0.3,identity,2.0,new
therapeutic_target,held_out,therapeutic_target_mondo_0004979,Asthma,pinnacle_esm2_acm,Pinnacle-ESM2 (ACM),PINNACLE_model_globalsplit_ESM2_symmetric_PPI-True_ACM_RandomWalk_H64_lambda001_drop02_out64__ep150_bulk,PINNACLE_model_globalsplit_ESM2_symmetric_PPI-True_ACM_RandomWalk_H64_lambda001_drop02_out64__ep150_bulk,lr_hc_cell,Mean-pool LR Contextual instances,lr_hc_cell,linear,esm,bulk,bulk_shared,cell_embeddings.pt,canonical_contextualized,lr_hc_cell__hp_lr0p0001_wd0p0001_selauprc_cw1__emb_esm,val_auprc_macro_mean,0.119374355016851,0.0001,0.0001,512,300,50,42,6,5,0,,,,,linear,True,,,,
therapeutic_target,held_out,therapeutic_target_mondo_0004979,Asthma,pinnacle_esm2_acm,Pinnacle-ESM2 (ACM),PINNACLE_model_globalsplit_ESM2_symmetric_PPI-True_ACM_RandomWalk_H64_lambda001_drop02_out64__ep150_bulk,PINNACLE_model_globalsplit_ESM2_symmetric_PPI-True_ACM_RandomWalk_H64_lambda001_drop02_out64__ep150_bulk,lr_hc_cell_esm,Mean-pool LR Contextual + ESM2,lr_hc_cell_ext_embed,linear,esm,bulk,bulk_shared,cell_embeddings.pt,canonical_contextualized,lr_hc_cell_ext_embed__hp_lr0p0001_wd0p0001_selauprc_cw1__emb_esm,val_auprc_macro_mean,0.5335604742153801,0.0001,0.0001,512,300,50,42,6,5,0,,,,,linear,True,,,,
therapeutic_target,held_out,therapeutic_target_mondo_0004979,Asthma,pinnacle_esm2_acm,Pinnacle-ESM2 (ACM),PINNACLE_model_globalsplit_ESM2_symmetric_PPI-True_ACM_RandomWalk_H64_lambda001_drop02_out64__ep150_bulk,PINNACLE_model_globalsplit_ESM2_symmetric_PPI-True_ACM_RandomWalk_H64_lambda001_drop02_out64__ep150_bulk,abmil8_hc_cell,ABMIL Contextual instances,abmil_hc_cell_gated_8,abmil,esm,bulk,bulk_shared,cell_embeddings.pt,canonical_contextualized,abmil_hc_cell_gated_8__hp_lr0p0001_att256_do0p4_wd0p0001_selauprc_cw1__emb_esm,val_auprc_macro_mean,0.1538995555020312,0.0001,0.0001,512,300,50,42,6,5,0,8.0,256.0,0.4,0.0,linear,True,,,,
therapeutic_target,held_out,therapeutic_target_mondo_0004979,Asthma,pinnacle_esm2_acm,Pinnacle-ESM2 (ACM),PINNACLE_model_globalsplit_ESM2_symmetric_PPI-True_ACM_RandomWalk_H64_lambda001_drop02_out64__ep150_bulk,PINNACLE_model_globalsplit_ESM2_symmetric_PPI-True_ACM_RandomWalk_H64_lambda001_drop02_out64__ep150_bulk,abmil8,ABMIL Contextual + ESM2,abmil_hc_cell_ext_embed_gated_8,abmil,esm,bulk,bulk_shared,cell_embeddings.pt,canonical_contextualized,abmil_hc_cell_ext_embed_gated_8__hp_lr0p0001_att256_do0p2_wd0p0001_selauprc_cw1__emb_esm,val_auprc_macro_mean,0.5333342428782536,0.0001,0.0001,512,300,50,42,6,5,0,8.0,256.0,0.2,0.0,linear,True,,,,
therapeutic_target,held_out,therapeutic_target_mondo_0004979,Asthma,pinnacle_esm2_acm,Pinnacle-ESM2 (ACM),PINNACLE_model_globalsplit_ESM2_symmetric_PPI-True_ACM_RandomWalk_H64_lambda001_drop02_out64__ep150_bulk,PINNACLE_model_globalsplit_ESM2_symmetric_PPI-True_ACM_RandomWalk_H64_lambda001_drop02_out64__ep150_bulk,abmil8_pdl_hc_cell,ABMIL-PDL Contextual instances,abmil_hc_cell_gated_8_pdl,abmil,esm,bulk,bulk_shared,cell_embeddings.pt,canonical_contextualized,abmil_hc_cell_gated_8_pdl__hp_lr0p0001_att256_do0_pdl0p5_pdlimplnew_pdlprojidentity_pdlprojl2_wd0p0001_selauprc_cw1__emb_esm,val_auprc_macro_mean,0.1861016822180196,0.0001,0.0001,512,300,50,42,6,5,0,8.0,256.0,0.0,0.0,linear,True,0.5,identity,2.0,new
therapeutic_target,held_out,therapeutic_target_mondo_0004979,Asthma,pinnacle_esm2_acm,Pinnacle-ESM2 (ACM),PINNACLE_model_globalsplit_ESM2_symmetric_PPI-True_ACM_RandomWalk_H64_lambda001_drop02_out64__ep150_bulk,PINNACLE_model_globalsplit_ESM2_symmetric_PPI-True_ACM_RandomWalk_H64_lambda001_drop02_out64__ep150_bulk,abmil8_pdl_id2_dropout,ABMIL-PDL Contextual + ESM2,abmil_hc_cell_ext_embed_gated_8_pdl,abmil,esm,bulk,bulk_shared,cell_embeddings.pt,canonical_contextualized,abmil_hc_cell_ext_embed_gated_8_pdl__hp_lr0p0001_att256_do0_pdl0p7_pdlimplnew_pdlprojidentity_pdlprojl2_wd0p0001_selauprc_cw1__emb_esm,val_auprc_macro_mean,0.5417485012086465,0.0001,0.0001,512,300,50,42,6,5,0,8.0,256.0,0.0,0.0,linear,True,0.7,identity,2.0,new
therapeutic_target,held_out,therapeutic_target_mondo_0004979,Asthma,gae_att_fixed_do06,ProtScape-GAE,gae_att_fixed_do06_ep300,gae_att_fixed_do06_ep300,lr_hc_cell,Mean-pool LR Contextual instances,lr_hc_cell,linear,esm,bulk,bulk_shared,cell_embeddings.pt,canonical_contextualized,lr_hc_cell__hp_lr0p0001_wd0p0001_selauprc_cw1__emb_esm,val_auprc_macro_mean,0.2210513950217155,0.0001,0.0001,512,300,50,42,6,5,0,,,,,linear,True,,,,
therapeutic_target,held_out,therapeutic_target_mondo_0004979,Asthma,gae_att_fixed_do06,ProtScape-GAE,gae_att_fixed_do06_ep300,gae_att_fixed_do06_ep300,lr_hc_cell_esm,Mean-pool LR Contextual + ESM2,lr_hc_cell_ext_embed,linear,esm,bulk,bulk_shared,cell_embeddings.pt,canonical_contextualized,lr_hc_cell_ext_embed__hp_lr0p0001_wd0p0001_selauprc_cw1__emb_esm,val_auprc_macro_mean,0.489338865810093,0.0001,0.0001,512,300,50,42,6,5,0,,,,,linear,True,,,,
therapeutic_target,held_out,therapeutic_target_mondo_0004979,Asthma,gae_att_fixed_do06,ProtScape-GAE,gae_att_fixed_do06_ep300,gae_att_fixed_do06_ep300,abmil8_hc_cell,ABMIL Contextual instances,abmil_hc_cell_gated_8,abmil,esm,bulk,bulk_shared,cell_embeddings.pt,canonical_contextualized,abmil_hc_cell_gated_8__hp_lr0p0001_att256_do0p4_wd0p0001_selauprc_cw1__emb_esm,val_auprc_macro_mean,0.3743912553531504,0.0001,0.0001,512,300,50,42,6,5,0,8.0,256.0,0.4,0.0,linear,True,,,,
therapeutic_target,held_out,therapeutic_target_mondo_0004979,Asthma,gae_att_fixed_do06,ProtScape-GAE,gae_att_fixed_do06_ep300,gae_att_fixed_do06_ep300,abmil8,ABMIL Contextual + ESM2,abmil_hc_cell_ext_embed_gated_8,abmil,esm,bulk,bulk_shared,cell_embeddings.pt,canonical_contextualized,abmil_hc_cell_ext_embed_gated_8__hp_lr0p0001_att256_do0p4_wd0p0001_selauprc_cw1__emb_esm,val_auprc_macro_mean,0.4465303995046506,0.0001,0.0001,512,300,50,42,6,5,0,8.0,256.0,0.4,0.0,linear,True,,,,
therapeutic_target,held_out,therapeutic_target_mondo_0004979,Asthma,gae_att_fixed_do06,ProtScape-GAE,gae_att_fixed_do06_ep300,gae_att_fixed_do06_ep300,abmil8_pdl_hc_cell,ABMIL-PDL Contextual instances,abmil_hc_cell_gated_8_pdl,abmil,esm,bulk,bulk_shared,cell_embeddings.pt,canonical_contextualized,abmil_hc_cell_gated_8_pdl__hp_lr0p0001_att256_do0_pdl0p7_pdlimplnew_pdlprojidentity_pdlprojl2_wd0p0001_selauprc_cw1__emb_esm,val_auprc_macro_mean,0.4752655611674021,0.0001,0.0001,512,300,50,42,6,5,0,8.0,256.0,0.0,0.0,linear,True,0.7,identity,2.0,new
therapeutic_target,held_out,therapeutic_target_mondo_0004979,Asthma,gae_att_fixed_do06,ProtScape-GAE,gae_att_fixed_do06_ep300,gae_att_fixed_do06_ep300,abmil8_pdl_id2_dropout,ABMIL-PDL Contextual + ESM2,abmil_hc_cell_ext_embed_gated_8_pdl,abmil,esm,bulk,bulk_shared,cell_embeddings.pt,canonical_contextualized,abmil_hc_cell_ext_embed_gated_8_pdl__hp_lr0p0001_att256_do0_pdl0p5_pdlimplnew_pdlprojidentity_pdlprojl2_wd0p0001_selauprc_cw1__emb_esm,val_auprc_macro_mean,0.498257744415895,0.0001,0.0001,512,300,50,42,6,5,0,8.0,256.0,0.0,0.0,linear,True,0.5,identity,2.0,new
therapeutic_target,held_out,therapeutic_target_mondo_0004979,Asthma,s2gae_att_k1_fixed_do04_uni,ProtScape,s2gae_att_k1_fixed_do04_uni5e6,s2gae_att_k1_fixed_do04_uni5e6_paper_20260510,lr_hc_cell,Mean-pool LR Contextual instances,lr_hc_cell,linear,esm,bulk,bulk_shared,cell_embeddings.pt,canonical_contextualized,lr_hc_cell__hp_lr0p0001_wd0p0001_selauprc_cw1__emb_esm,val_auprc_macro_mean,0.4042450348669418,0.0001,0.0001,512,300,50,42,6,5,0,,,,,linear,True,,,,
therapeutic_target,held_out,therapeutic_target_mondo_0004979,Asthma,s2gae_att_k1_fixed_do04_uni,ProtScape,s2gae_att_k1_fixed_do04_uni5e6,s2gae_att_k1_fixed_do04_uni5e6_paper_20260510,lr_hc_cell_esm,Mean-pool LR Contextual + ESM2,lr_hc_cell_ext_embed,linear,esm,bulk,bulk_shared,cell_embeddings.pt,canonical_contextualized,lr_hc_cell_ext_embed__hp_lr0p0001_wd0p0001_selauprc_cw1__emb_esm,val_auprc_macro_mean,0.5586497330697922,0.0001,0.0001,512,300,50,42,6,5,0,,,,,linear,True,,,,
therapeutic_target,held_out,therapeutic_target_mondo_0004979,Asthma,s2gae_att_k1_fixed_do04_uni,ProtScape,s2gae_att_k1_fixed_do04_uni5e6,s2gae_att_k1_fixed_do04_uni5e6_paper_20260510,abmil8_hc_cell,ABMIL Contextual instances,abmil_hc_cell_gated_8,abmil,esm,bulk,bulk_shared,cell_embeddings.pt,canonical_contextualized,abmil_hc_cell_gated_8__hp_lr0p0001_att256_do0p4_wd0p0001_selauprc_cw1__emb_esm,val_auprc_macro_mean,0.5427874211481137,0.0001,0.0001,512,300,50,42,6,5,0,8.0,256.0,0.4,0.0,linear,True,,,,
therapeutic_target,held_out,therapeutic_target_mondo_0004979,Asthma,s2gae_att_k1_fixed_do04_uni,ProtScape,s2gae_att_k1_fixed_do04_uni5e6,s2gae_att_k1_fixed_do04_uni5e6_paper_20260510,abmil8,ABMIL Contextual + ESM2,abmil_hc_cell_ext_embed_gated_8,abmil,esm,bulk,bulk_shared,cell_embeddings.pt,canonical_contextualized,abmil_hc_cell_ext_embed_gated_8__hp_lr0p0001_att256_do0p2_wd0p0001_selauprc_cw1__emb_esm,val_auprc_macro_mean,0.5523486753649027,0.0001,0.0001,512,300,50,42,6,5,0,8.0,256.0,0.2,0.0,linear,True,,,,
therapeutic_target,held_out,therapeutic_target_mondo_0004979,Asthma,s2gae_att_k1_fixed_do04_uni,ProtScape,s2gae_att_k1_fixed_do04_uni5e6,s2gae_att_k1_fixed_do04_uni5e6_paper_20260510,abmil8_pdl_hc_cell,ABMIL-PDL Contextual instances,abmil_hc_cell_gated_8_pdl,abmil,esm,bulk,bulk_shared,cell_embeddings.pt,canonical_contextualized,abmil_hc_cell_gated_8_pdl__hp_lr0p0001_att256_do0_pdl0p5_pdlimplnew_pdlprojidentity_pdlprojl2_wd0p0001_selauprc_cw1__emb_esm,val_auprc_macro_mean,0.5561893980367364,0.0001,0.0001,512,300,50,42,6,5,0,8.0,256.0,0.0,0.0,linear,True,0.5,identity,2.0,new
therapeutic_target,held_out,therapeutic_target_mondo_0004979,Asthma,s2gae_att_k1_fixed_do04_uni,ProtScape,s2gae_att_k1_fixed_do04_uni5e6,s2gae_att_k1_fixed_do04_uni5e6_paper_20260510,abmil8_pdl_id2_dropout,ABMIL-PDL Contextual + ESM2,abmil_hc_cell_ext_embed_gated_8_pdl,abmil,esm,bulk,bulk_shared,cell_embeddings.pt,canonical_contextualized,abmil_hc_cell_ext_embed_gated_8_pdl__hp_lr0p0001_att256_do0_pdl0p3_pdlimplnew_pdlprojidentity_pdlprojl2_wd0p0001_selauprc_cw1__emb_esm,val_auprc_macro_mean,0.579606818588629,0.0001,0.0001,512,300,50,42,6,5,0,8.0,256.0,0.0,0.0,linear,True,0.3,identity,2.0,new
therapeutic_target,held_out,therapeutic_target_efo_0000341,COPD,lr_esm,ESM2,PINNACLE_model_globalsplit_ESM2_symmetric_PPI-True_GATv2_H64_lambda001_drop02_out32__ep150_bulk,PINNACLE_model_globalsplit_ESM2_symmetric_PPI-True_GATv2_H64_lambda001_drop02_out32__ep150_bulk,lr_esm,Linear probe ESM2 sequence,lr_ext_embed,linear,esm,bulk,bulk_shared,,not_used_sequence_only,lr_ext_embed__hp_lr0p0001_wd0p0001_selauprc_cw1__emb_esm,val_auprc_macro_mean,0.5446089427311722,0.0001,0.0001,512,300,50,42,6,5,0,,,,,linear,True,,,,
therapeutic_target,held_out,therapeutic_target_efo_0000341,COPD,lr_prostt5,ProstT5,PINNACLE_model_globalsplit_ESM2_symmetric_PPI-True_GATv2_H64_lambda001_drop02_out32__ep150_bulk,PINNACLE_model_globalsplit_ESM2_symmetric_PPI-True_GATv2_H64_lambda001_drop02_out32__ep150_bulk,lr_prostt5,Linear probe ProstT5 sequence,lr_ext_embed,linear,prostt5,bulk,bulk_shared,,not_used_sequence_only,lr_ext_embed__hp_lr0p0001_wd0p0001_selauprc_cw1__emb_prostt5,val_auprc_macro_mean,0.4636351267510136,0.0001,0.0001,512,300,50,42,6,5,0,,,,,linear,True,,,,
therapeutic_target,held_out,therapeutic_target_efo_0000341,COPD,pinnacle_random_fixed,Pinnacle,PINNACLE_model_globalsplit_random_symmetric_PPI-True_GATv2_H64_lambda001_drop02_out32__ep150_bulk,PINNACLE_model_globalsplit_random_symmetric_PPI-True_GATv2_H64_lambda001_drop02_out32__ep150_bulk,lr_hc_cell,Mean-pool LR Contextual instances,lr_hc_cell,linear,esm,bulk,bulk_shared,cell_embeddings.pt,canonical_contextualized,lr_hc_cell__hp_lr0p0001_wd0p0001_selauprc_cw1__emb_esm,val_auprc_macro_mean,0.240586641969747,0.0001,0.0001,512,300,50,42,6,5,0,,,,,linear,True,,,,
therapeutic_target,held_out,therapeutic_target_efo_0000341,COPD,pinnacle_random_fixed,Pinnacle,PINNACLE_model_globalsplit_random_symmetric_PPI-True_GATv2_H64_lambda001_drop02_out32__ep150_bulk,PINNACLE_model_globalsplit_random_symmetric_PPI-True_GATv2_H64_lambda001_drop02_out32__ep150_bulk,lr_hc_cell_esm,Mean-pool LR Contextual + ESM2,lr_hc_cell_ext_embed,linear,esm,bulk,bulk_shared,cell_embeddings.pt,canonical_contextualized,lr_hc_cell_ext_embed__hp_lr0p0001_wd0p0001_selauprc_cw1__emb_esm,val_auprc_macro_mean,0.5682493681587333,0.0001,0.0001,512,300,50,42,6,5,0,,,,,linear,True,,,,
therapeutic_target,held_out,therapeutic_target_efo_0000341,COPD,pinnacle_random_fixed,Pinnacle,PINNACLE_model_globalsplit_random_symmetric_PPI-True_GATv2_H64_lambda001_drop02_out32__ep150_bulk,PINNACLE_model_globalsplit_random_symmetric_PPI-True_GATv2_H64_lambda001_drop02_out32__ep150_bulk,abmil8_hc_cell,ABMIL Contextual instances,abmil_hc_cell_gated_8,abmil,esm,bulk,bulk_shared,cell_embeddings.pt,canonical_contextualized,abmil_hc_cell_gated_8__hp_lr0p0001_att256_do0p6_wd0p0001_selauprc_cw1__emb_esm,val_auprc_macro_mean,0.3902186196622245,0.0001,0.0001,512,300,50,42,6,5,0,8.0,256.0,0.6,0.0,linear,True,,,,
therapeutic_target,held_out,therapeutic_target_efo_0000341,COPD,pinnacle_random_fixed,Pinnacle,PINNACLE_model_globalsplit_random_symmetric_PPI-True_GATv2_H64_lambda001_drop02_out32__ep150_bulk,PINNACLE_model_globalsplit_random_symmetric_PPI-True_GATv2_H64_lambda001_drop02_out32__ep150_bulk,abmil8,ABMIL Contextual + ESM2,abmil_hc_cell_ext_embed_gated_8,abmil,esm,bulk,bulk_shared,cell_embeddings.pt,canonical_contextualized,abmil_hc_cell_ext_embed_gated_8__hp_lr0p0001_att256_do0_wd0p0001_selauprc_cw1__emb_esm,val_auprc_macro_mean,0.5355776345311767,0.0001,0.0001,512,300,50,42,6,5,0,8.0,256.0,0.0,0.0,linear,True,,,,
therapeutic_target,held_out,therapeutic_target_efo_0000341,COPD,pinnacle_random_fixed,Pinnacle,PINNACLE_model_globalsplit_random_symmetric_PPI-True_GATv2_H64_lambda001_drop02_out32__ep150_bulk,PINNACLE_model_globalsplit_random_symmetric_PPI-True_GATv2_H64_lambda001_drop02_out32__ep150_bulk,abmil8_pdl_hc_cell,ABMIL-PDL Contextual instances,abmil_hc_cell_gated_8_pdl,abmil,esm,bulk,bulk_shared,cell_embeddings.pt,canonical_contextualized,abmil_hc_cell_gated_8_pdl__hp_lr0p0001_att256_do0_pdl0p5_pdlimplnew_pdlprojidentity_pdlprojl2_wd0p0001_selauprc_cw1__emb_esm,val_auprc_macro_mean,0.5387331531294957,0.0001,0.0001,512,300,50,42,6,5,0,8.0,256.0,0.0,0.0,linear,True,0.5,identity,2.0,new
therapeutic_target,held_out,therapeutic_target_efo_0000341,COPD,pinnacle_random_fixed,Pinnacle,PINNACLE_model_globalsplit_random_symmetric_PPI-True_GATv2_H64_lambda001_drop02_out32__ep150_bulk,PINNACLE_model_globalsplit_random_symmetric_PPI-True_GATv2_H64_lambda001_drop02_out32__ep150_bulk,abmil8_pdl_id2_dropout,ABMIL-PDL Contextual + ESM2,abmil_hc_cell_ext_embed_gated_8_pdl,abmil,esm,bulk,bulk_shared,cell_embeddings.pt,canonical_contextualized,abmil_hc_cell_ext_embed_gated_8_pdl__hp_lr0p0001_att256_do0_pdl0p2_pdlimplnew_pdlprojidentity_pdlprojl2_wd0p0001_selauprc_cw1__emb_esm,val_auprc_macro_mean,0.5883190609962535,0.0001,0.0001,512,300,50,42,6,5,0,8.0,256.0,0.0,0.0,linear,True,0.2,identity,2.0,new
therapeutic_target,held_out,therapeutic_target_efo_0000341,COPD,pinnacle_esm_fixed,Pinnacle-ESM2 (GAT),PINNACLE_model_globalsplit_ESM2_symmetric_PPI-True_GATv2_H64_lambda001_drop02_out32__ep150_bulk,PINNACLE_model_globalsplit_ESM2_symmetric_PPI-True_GATv2_H64_lambda001_drop02_out32__ep150_bulk,lr_hc_cell,Mean-pool LR Contextual instances,lr_hc_cell,linear,esm,bulk,bulk_shared,cell_embeddings.pt,canonical_contextualized,lr_hc_cell__hp_lr0p0001_wd0p0001_selauprc_cw1__emb_esm,val_auprc_macro_mean,0.2532323070561105,0.0001,0.0001,512,300,50,42,6,5,0,,,,,linear,True,,,,
therapeutic_target,held_out,therapeutic_target_efo_0000341,COPD,pinnacle_esm_fixed,Pinnacle-ESM2 (GAT),PINNACLE_model_globalsplit_ESM2_symmetric_PPI-True_GATv2_H64_lambda001_drop02_out32__ep150_bulk,PINNACLE_model_globalsplit_ESM2_symmetric_PPI-True_GATv2_H64_lambda001_drop02_out32__ep150_bulk,lr_hc_cell_esm,Mean-pool LR Contextual + ESM2,lr_hc_cell_ext_embed,linear,esm,bulk,bulk_shared,cell_embeddings.pt,canonical_contextualized,lr_hc_cell_ext_embed__hp_lr0p0001_wd0p0001_selauprc_cw1__emb_esm,val_auprc_macro_mean,0.5758862688320017,0.0001,0.0001,512,300,50,42,6,5,0,,,,,linear,True,,,,
therapeutic_target,held_out,therapeutic_target_efo_0000341,COPD,pinnacle_esm_fixed,Pinnacle-ESM2 (GAT),PINNACLE_model_globalsplit_ESM2_symmetric_PPI-True_GATv2_H64_lambda001_drop02_out32__ep150_bulk,PINNACLE_model_globalsplit_ESM2_symmetric_PPI-True_GATv2_H64_lambda001_drop02_out32__ep150_bulk,abmil8_hc_cell,ABMIL Contextual instances,abmil_hc_cell_gated_8,abmil,esm,bulk,bulk_shared,cell_embeddings.pt,canonical_contextualized,abmil_hc_cell_gated_8__hp_lr0p0001_att256_do0p6_wd0p0001_selauprc_cw1__emb_esm,val_auprc_macro_mean,0.3500842229818272,0.0001,0.0001,512,300,50,42,6,5,0,8.0,256.0,0.6,0.0,linear,True,,,,
therapeutic_target,held_out,therapeutic_target_efo_0000341,COPD,pinnacle_esm_fixed,Pinnacle-ESM2 (GAT),PINNACLE_model_globalsplit_ESM2_symmetric_PPI-True_GATv2_H64_lambda001_drop02_out32__ep150_bulk,PINNACLE_model_globalsplit_ESM2_symmetric_PPI-True_GATv2_H64_lambda001_drop02_out32__ep150_bulk,abmil8,ABMIL Contextual + ESM2,abmil_hc_cell_ext_embed_gated_8,abmil,esm,bulk,bulk_shared,cell_embeddings.pt,canonical_contextualized,abmil_hc_cell_ext_embed_gated_8__hp_lr0p0001_att256_do0p2_wd0p0001_selauprc_cw1__emb_esm,val_auprc_macro_mean,0.557464374555068,0.0001,0.0001,512,300,50,42,6,5,0,8.0,256.0,0.2,0.0,linear,True,,,,
therapeutic_target,held_out,therapeutic_target_efo_0000341,COPD,pinnacle_esm_fixed,Pinnacle-ESM2 (GAT),PINNACLE_model_globalsplit_ESM2_symmetric_PPI-True_GATv2_H64_lambda001_drop02_out32__ep150_bulk,PINNACLE_model_globalsplit_ESM2_symmetric_PPI-True_GATv2_H64_lambda001_drop02_out32__ep150_bulk,abmil8_pdl_hc_cell,ABMIL-PDL Contextual instances,abmil_hc_cell_gated_8_pdl,abmil,esm,bulk,bulk_shared,cell_embeddings.pt,canonical_contextualized,abmil_hc_cell_gated_8_pdl__hp_lr0p0001_att256_do0_pdl0p7_pdlimplnew_pdlprojidentity_pdlprojl2_wd0p0001_selauprc_cw1__emb_esm,val_auprc_macro_mean,0.4636413002184136,0.0001,0.0001,512,300,50,42,6,5,0,8.0,256.0,0.0,0.0,linear,True,0.7,identity,2.0,new
therapeutic_target,held_out,therapeutic_target_efo_0000341,COPD,pinnacle_esm_fixed,Pinnacle-ESM2 (GAT),PINNACLE_model_globalsplit_ESM2_symmetric_PPI-True_GATv2_H64_lambda001_drop02_out32__ep150_bulk,PINNACLE_model_globalsplit_ESM2_symmetric_PPI-True_GATv2_H64_lambda001_drop02_out32__ep150_bulk,abmil8_pdl_id2_dropout,ABMIL-PDL Contextual + ESM2,abmil_hc_cell_ext_embed_gated_8_pdl,abmil,esm,bulk,bulk_shared,cell_embeddings.pt,canonical_contextualized,abmil_hc_cell_ext_embed_gated_8_pdl__hp_lr0p0001_att256_do0_pdl0p2_pdlimplnew_pdlprojidentity_pdlprojl2_wd0p0001_selauprc_cw1__emb_esm,val_auprc_macro_mean,0.6299478207199962,0.0001,0.0001,512,300,50,42,6,5,0,8.0,256.0,0.0,0.0,linear,True,0.2,identity,2.0,new
therapeutic_target,held_out,therapeutic_target_efo_0000341,COPD,pinnacle_esm2_acm,Pinnacle-ESM2 (ACM),PINNACLE_model_globalsplit_ESM2_symmetric_PPI-True_ACM_RandomWalk_H64_lambda001_drop02_out64__ep150_bulk,PINNACLE_model_globalsplit_ESM2_symmetric_PPI-True_ACM_RandomWalk_H64_lambda001_drop02_out64__ep150_bulk,lr_hc_cell,Mean-pool LR Contextual instances,lr_hc_cell,linear,esm,bulk,bulk_shared,cell_embeddings.pt,canonical_contextualized,lr_hc_cell__hp_lr0p0001_wd0p0001_selauprc_cw1__emb_esm,val_auprc_macro_mean,0.2040962468310587,0.0001,0.0001,512,300,50,42,6,5,0,,,,,linear,True,,,,
therapeutic_target,held_out,therapeutic_target_efo_0000341,COPD,pinnacle_esm2_acm,Pinnacle-ESM2 (ACM),PINNACLE_model_globalsplit_ESM2_symmetric_PPI-True_ACM_RandomWalk_H64_lambda001_drop02_out64__ep150_bulk,PINNACLE_model_globalsplit_ESM2_symmetric_PPI-True_ACM_RandomWalk_H64_lambda001_drop02_out64__ep150_bulk,lr_hc_cell_esm,Mean-pool LR Contextual + ESM2,lr_hc_cell_ext_embed,linear,esm,bulk,bulk_shared,cell_embeddings.pt,canonical_contextualized,lr_hc_cell_ext_embed__hp_lr0p0001_wd0p0001_selauprc_cw1__emb_esm,val_auprc_macro_mean,0.5563663616904078,0.0001,0.0001,512,300,50,42,6,5,0,,,,,linear,True,,,,
therapeutic_target,held_out,therapeutic_target_efo_0000341,COPD,pinnacle_esm2_acm,Pinnacle-ESM2 (ACM),PINNACLE_model_globalsplit_ESM2_symmetric_PPI-True_ACM_RandomWalk_H64_lambda001_drop02_out64__ep150_bulk,PINNACLE_model_globalsplit_ESM2_symmetric_PPI-True_ACM_RandomWalk_H64_lambda001_drop02_out64__ep150_bulk,abmil8_hc_cell,ABMIL Contextual instances,abmil_hc_cell_gated_8,abmil,esm,bulk,bulk_shared,cell_embeddings.pt,canonical_contextualized,abmil_hc_cell_gated_8__hp_lr0p0001_att256_do0p6_wd0p0001_selauprc_cw1__emb_esm,val_auprc_macro_mean,0.3459617978418716,0.0001,0.0001,512,300,50,42,6,5,0,8.0,256.0,0.6,0.0,linear,True,,,,
therapeutic_target,held_out,therapeutic_target_efo_0000341,COPD,pinnacle_esm2_acm,Pinnacle-ESM2 (ACM),PINNACLE_model_globalsplit_ESM2_symmetric_PPI-True_ACM_RandomWalk_H64_lambda001_drop02_out64__ep150_bulk,PINNACLE_model_globalsplit_ESM2_symmetric_PPI-True_ACM_RandomWalk_H64_lambda001_drop02_out64__ep150_bulk,abmil8,ABMIL Contextual + ESM2,abmil_hc_cell_ext_embed_gated_8,abmil,esm,bulk,bulk_shared,cell_embeddings.pt,canonical_contextualized,abmil_hc_cell_ext_embed_gated_8__hp_lr0p0001_att256_do0p2_wd0p0001_selauprc_cw1__emb_esm,val_auprc_macro_mean,0.5788040282514251,0.0001,0.0001,512,300,50,42,6,5,0,8.0,256.0,0.2,0.0,linear,True,,,,
therapeutic_target,held_out,therapeutic_target_efo_0000341,COPD,pinnacle_esm2_acm,Pinnacle-ESM2 (ACM),PINNACLE_model_globalsplit_ESM2_symmetric_PPI-True_ACM_RandomWalk_H64_lambda001_drop02_out64__ep150_bulk,PINNACLE_model_globalsplit_ESM2_symmetric_PPI-True_ACM_RandomWalk_H64_lambda001_drop02_out64__ep150_bulk,abmil8_pdl_hc_cell,ABMIL-PDL Contextual instances,abmil_hc_cell_gated_8_pdl,abmil,esm,bulk,bulk_shared,cell_embeddings.pt,canonical_contextualized,abmil_hc_cell_gated_8_pdl__hp_lr0p0001_att256_do0_pdl0p6_pdlimplnew_pdlprojidentity_pdlprojl2_wd0p0001_selauprc_cw1__emb_esm,val_auprc_macro_mean,0.417278244508844,0.0001,0.0001,512,300,50,42,6,5,0,8.0,256.0,0.0,0.0,linear,True,0.6,identity,2.0,new
therapeutic_target,held_out,therapeutic_target_efo_0000341,COPD,pinnacle_esm2_acm,Pinnacle-ESM2 (ACM),PINNACLE_model_globalsplit_ESM2_symmetric_PPI-True_ACM_RandomWalk_H64_lambda001_drop02_out64__ep150_bulk,PINNACLE_model_globalsplit_ESM2_symmetric_PPI-True_ACM_RandomWalk_H64_lambda001_drop02_out64__ep150_bulk,abmil8_pdl_id2_dropout,ABMIL-PDL Contextual + ESM2,abmil_hc_cell_ext_embed_gated_8_pdl,abmil,esm,bulk,bulk_shared,cell_embeddings.pt,canonical_contextualized,abmil_hc_cell_ext_embed_gated_8_pdl__hp_lr0p0001_att256_do0_pdl0p5_pdlimplnew_pdlprojidentity_pdlprojl2_wd0p0001_selauprc_cw1__emb_esm,val_auprc_macro_mean,0.5686969149699947,0.0001,0.0001,512,300,50,42,6,5,0,8.0,256.0,0.0,0.0,linear,True,0.5,identity,2.0,new
therapeutic_target,held_out,therapeutic_target_efo_0000341,COPD,gae_att_fixed_do06,ProtScape-GAE,gae_att_fixed_do06_ep300,gae_att_fixed_do06_ep300,lr_hc_cell,Mean-pool LR Contextual instances,lr_hc_cell,linear,esm,bulk,bulk_shared,cell_embeddings.pt,canonical_contextualized,lr_hc_cell__hp_lr0p0001_wd0p0001_selauprc_cw1__emb_esm,val_auprc_macro_mean,0.4649022578533426,0.0001,0.0001,512,300,50,42,6,5,0,,,,,linear,True,,,,
therapeutic_target,held_out,therapeutic_target_efo_0000341,COPD,gae_att_fixed_do06,ProtScape-GAE,gae_att_fixed_do06_ep300,gae_att_fixed_do06_ep300,lr_hc_cell_esm,Mean-pool LR Contextual + ESM2,lr_hc_cell_ext_embed,linear,esm,bulk,bulk_shared,cell_embeddings.pt,canonical_contextualized,lr_hc_cell_ext_embed__hp_lr0p0001_wd0p0001_selauprc_cw1__emb_esm,val_auprc_macro_mean,0.6287943742275839,0.0001,0.0001,512,300,50,42,6,5,0,,,,,linear,True,,,,
therapeutic_target,held_out,therapeutic_target_efo_0000341,COPD,gae_att_fixed_do06,ProtScape-GAE,gae_att_fixed_do06_ep300,gae_att_fixed_do06_ep300,abmil8_hc_cell,ABMIL Contextual instances,abmil_hc_cell_gated_8,abmil,esm,bulk,bulk_shared,cell_embeddings.pt,canonical_contextualized,abmil_hc_cell_gated_8__hp_lr0p0001_att256_do0p4_wd0p0001_selauprc_cw1__emb_esm,val_auprc_macro_mean,0.5904593876569955,0.0001,0.0001,512,300,50,42,6,5,0,8.0,256.0,0.4,0.0,linear,True,,,,
therapeutic_target,held_out,therapeutic_target_efo_0000341,COPD,gae_att_fixed_do06,ProtScape-GAE,gae_att_fixed_do06_ep300,gae_att_fixed_do06_ep300,abmil8,ABMIL Contextual + ESM2,abmil_hc_cell_ext_embed_gated_8,abmil,esm,bulk,bulk_shared,cell_embeddings.pt,canonical_contextualized,abmil_hc_cell_ext_embed_gated_8__hp_lr0p0001_att256_do0_wd0p0001_selauprc_cw1__emb_esm,val_auprc_macro_mean,0.6485231988870735,0.0001,0.0001,512,300,50,42,6,5,0,8.0,256.0,0.0,0.0,linear,True,,,,
therapeutic_target,held_out,therapeutic_target_efo_0000341,COPD,gae_att_fixed_do06,ProtScape-GAE,gae_att_fixed_do06_ep300,gae_att_fixed_do06_ep300,abmil8_pdl_hc_cell,ABMIL-PDL Contextual instances,abmil_hc_cell_gated_8_pdl,abmil,esm,bulk,bulk_shared,cell_embeddings.pt,canonical_contextualized,abmil_hc_cell_gated_8_pdl__hp_lr0p0001_att256_do0_pdl0p7_pdlimplnew_pdlprojidentity_pdlprojl2_wd0p0001_selauprc_cw1__emb_esm,val_auprc_macro_mean,0.6538684796055495,0.0001,0.0001,512,300,50,42,6,5,0,8.0,256.0,0.0,0.0,linear,True,0.7,identity,2.0,new
therapeutic_target,held_out,therapeutic_target_efo_0000341,COPD,gae_att_fixed_do06,ProtScape-GAE,gae_att_fixed_do06_ep300,gae_att_fixed_do06_ep300,abmil8_pdl_id2_dropout,ABMIL-PDL Contextual + ESM2,abmil_hc_cell_ext_embed_gated_8_pdl,abmil,esm,bulk,bulk_shared,cell_embeddings.pt,canonical_contextualized,abmil_hc_cell_ext_embed_gated_8_pdl__hp_lr0p0001_att256_do0_pdl0p6_pdlimplnew_pdlprojidentity_pdlprojl2_wd0p0001_selauprc_cw1__emb_esm,val_auprc_macro_mean,0.6584960226834161,0.0001,0.0001,512,300,50,42,6,5,0,8.0,256.0,0.0,0.0,linear,True,0.6,identity,2.0,new
therapeutic_target,held_out,therapeutic_target_efo_0000341,COPD,s2gae_att_k1_fixed_do04_uni,ProtScape,s2gae_att_k1_fixed_do04_uni5e6,s2gae_att_k1_fixed_do04_uni5e6_paper_20260510,lr_hc_cell,Mean-pool LR Contextual instances,lr_hc_cell,linear,esm,bulk,bulk_shared,cell_embeddings.pt,canonical_contextualized,lr_hc_cell__hp_lr0p0001_wd0p0001_selauprc_cw1__emb_esm,val_auprc_macro_mean,0.6135376466572255,0.0001,0.0001,512,300,50,42,6,5,0,,,,,linear,True,,,,
therapeutic_target,held_out,therapeutic_target_efo_0000341,COPD,s2gae_att_k1_fixed_do04_uni,ProtScape,s2gae_att_k1_fixed_do04_uni5e6,s2gae_att_k1_fixed_do04_uni5e6_paper_20260510,lr_hc_cell_esm,Mean-pool LR Contextual + ESM2,lr_hc_cell_ext_embed,linear,esm,bulk,bulk_shared,cell_embeddings.pt,canonical_contextualized,lr_hc_cell_ext_embed__hp_lr0p0001_wd0p0001_selauprc_cw1__emb_esm,val_auprc_macro_mean,0.6674319411031282,0.0001,0.0001,512,300,50,42,6,5,0,,,,,linear,True,,,,
therapeutic_target,held_out,therapeutic_target_efo_0000341,COPD,s2gae_att_k1_fixed_do04_uni,ProtScape,s2gae_att_k1_fixed_do04_uni5e6,s2gae_att_k1_fixed_do04_uni5e6_paper_20260510,abmil8_hc_cell,ABMIL Contextual instances,abmil_hc_cell_gated_8,abmil,esm,bulk,bulk_shared,cell_embeddings.pt,canonical_contextualized,abmil_hc_cell_gated_8__hp_lr0p0001_att256_do0p4_wd0p0001_selauprc_cw1__emb_esm,val_auprc_macro_mean,0.7146959284226124,0.0001,0.0001,512,300,50,42,6,5,0,8.0,256.0,0.4,0.0,linear,True,,,,
therapeutic_target,held_out,therapeutic_target_efo_0000341,COPD,s2gae_att_k1_fixed_do04_uni,ProtScape,s2gae_att_k1_fixed_do04_uni5e6,s2gae_att_k1_fixed_do04_uni5e6_paper_20260510,abmil8,ABMIL Contextual + ESM2,abmil_hc_cell_ext_embed_gated_8,abmil,esm,bulk,bulk_shared,cell_embeddings.pt,canonical_contextualized,abmil_hc_cell_ext_embed_gated_8__hp_lr0p0001_att256_do0p4_wd0p0001_selauprc_cw1__emb_esm,val_auprc_macro_mean,0.7128618884483251,0.0001,0.0001,512,300,50,42,6,5,0,8.0,256.0,0.4,0.0,linear,True,,,,
therapeutic_target,held_out,therapeutic_target_efo_0000341,COPD,s2gae_att_k1_fixed_do04_uni,ProtScape,s2gae_att_k1_fixed_do04_uni5e6,s2gae_att_k1_fixed_do04_uni5e6_paper_20260510,abmil8_pdl_hc_cell,ABMIL-PDL Contextual instances,abmil_hc_cell_gated_8_pdl,abmil,esm,bulk,bulk_shared,cell_embeddings.pt,canonical_contextualized,abmil_hc_cell_gated_8_pdl__hp_lr0p0001_att256_do0_pdl0p7_pdlimplnew_pdlprojidentity_pdlprojl2_wd0p0001_selauprc_cw1__emb_esm,val_auprc_macro_mean,0.7276074988397485,0.0001,0.0001,512,300,50,42,6,5,0,8.0,256.0,0.0,0.0,linear,True,0.7,identity,2.0,new
therapeutic_target,held_out,therapeutic_target_efo_0000341,COPD,s2gae_att_k1_fixed_do04_uni,ProtScape,s2gae_att_k1_fixed_do04_uni5e6,s2gae_att_k1_fixed_do04_uni5e6_paper_20260510,abmil8_pdl_id2_dropout,ABMIL-PDL Contextual + ESM2,abmil_hc_cell_ext_embed_gated_8_pdl,abmil,esm,bulk,bulk_shared,cell_embeddings.pt,canonical_contextualized,abmil_hc_cell_ext_embed_gated_8_pdl__hp_lr0p0001_att256_do0_pdl0p7_pdlimplnew_pdlprojidentity_pdlprojl2_wd0p0001_selauprc_cw1__emb_esm,val_auprc_macro_mean,0.7270227836787081,0.0001,0.0001,512,300,50,42,6,5,0,8.0,256.0,0.0,0.0,linear,True,0.7,identity,2.0,new
therapeutic_target,held_out,therapeutic_target_efo_1001249,NASH,lr_esm,ESM2,PINNACLE_model_globalsplit_ESM2_symmetric_PPI-True_GATv2_H64_lambda001_drop02_out32__ep150_bulk,PINNACLE_model_globalsplit_ESM2_symmetric_PPI-True_GATv2_H64_lambda001_drop02_out32__ep150_bulk,lr_esm,Linear probe ESM2 sequence,lr_ext_embed,linear,esm,bulk,bulk_shared,,not_used_sequence_only,lr_ext_embed__hp_lr0p0001_wd0p0001_selauprc_cw1__emb_esm,val_auprc_macro_mean,0.655433735921235,0.0001,0.0001,512,300,50,42,6,5,0,,,,,linear,True,,,,
therapeutic_target,held_out,therapeutic_target_efo_1001249,NASH,lr_prostt5,ProstT5,PINNACLE_model_globalsplit_ESM2_symmetric_PPI-True_GATv2_H64_lambda001_drop02_out32__ep150_bulk,PINNACLE_model_globalsplit_ESM2_symmetric_PPI-True_GATv2_H64_lambda001_drop02_out32__ep150_bulk,lr_prostt5,Linear probe ProstT5 sequence,lr_ext_embed,linear,prostt5,bulk,bulk_shared,,not_used_sequence_only,lr_ext_embed__hp_lr0p0001_wd0p0001_selauprc_cw1__emb_prostt5,val_auprc_macro_mean,0.7144633257141942,0.0001,0.0001,512,300,50,42,6,5,0,,,,,linear,True,,,,
therapeutic_target,held_out,therapeutic_target_efo_1001249,NASH,pinnacle_random_fixed,Pinnacle,PINNACLE_model_globalsplit_random_symmetric_PPI-True_GATv2_H64_lambda001_drop02_out32__ep150_bulk,PINNACLE_model_globalsplit_random_symmetric_PPI-True_GATv2_H64_lambda001_drop02_out32__ep150_bulk,lr_hc_cell,Mean-pool LR Contextual instances,lr_hc_cell,linear,esm,bulk,bulk_shared,cell_embeddings.pt,canonical_contextualized,lr_hc_cell__hp_lr0p0001_wd0p0001_selauprc_cw1__emb_esm,val_auprc_macro_mean,0.0671831832333985,0.0001,0.0001,512,300,50,42,6,5,0,,,,,linear,True,,,,
therapeutic_target,held_out,therapeutic_target_efo_1001249,NASH,pinnacle_random_fixed,Pinnacle,PINNACLE_model_globalsplit_random_symmetric_PPI-True_GATv2_H64_lambda001_drop02_out32__ep150_bulk,PINNACLE_model_globalsplit_random_symmetric_PPI-True_GATv2_H64_lambda001_drop02_out32__ep150_bulk,lr_hc_cell_esm,Mean-pool LR Contextual + ESM2,lr_hc_cell_ext_embed,linear,esm,bulk,bulk_shared,cell_embeddings.pt,canonical_contextualized,lr_hc_cell_ext_embed__hp_lr0p0001_wd0p0001_selauprc_cw1__emb_esm,val_auprc_macro_mean,0.65592824004493,0.0001,0.0001,512,300,50,42,6,5,0,,,,,linear,True,,,,
therapeutic_target,held_out,therapeutic_target_efo_1001249,NASH,pinnacle_random_fixed,Pinnacle,PINNACLE_model_globalsplit_random_symmetric_PPI-True_GATv2_H64_lambda001_drop02_out32__ep150_bulk,PINNACLE_model_globalsplit_random_symmetric_PPI-True_GATv2_H64_lambda001_drop02_out32__ep150_bulk,abmil8_hc_cell,ABMIL Contextual instances,abmil_hc_cell_gated_8,abmil,esm,bulk,bulk_shared,cell_embeddings.pt,canonical_contextualized,abmil_hc_cell_gated_8__hp_lr0p0001_att256_do0p4_wd0p0001_selauprc_cw1__emb_esm,val_auprc_macro_mean,0.180719999703893,0.0001,0.0001,512,300,50,42,6,5,0,8.0,256.0,0.4,0.0,linear,True,,,,
therapeutic_target,held_out,therapeutic_target_efo_1001249,NASH,pinnacle_random_fixed,Pinnacle,PINNACLE_model_globalsplit_random_symmetric_PPI-True_GATv2_H64_lambda001_drop02_out32__ep150_bulk,PINNACLE_model_globalsplit_random_symmetric_PPI-True_GATv2_H64_lambda001_drop02_out32__ep150_bulk,abmil8,ABMIL Contextual + ESM2,abmil_hc_cell_ext_embed_gated_8,abmil,esm,bulk,bulk_shared,cell_embeddings.pt,canonical_contextualized,abmil_hc_cell_ext_embed_gated_8__hp_lr0p0001_att256_do0_wd0p0001_selauprc_cw1__emb_esm,val_auprc_macro_mean,0.5536594267234448,0.0001,0.0001,512,300,50,42,6,5,0,8.0,256.0,0.0,0.0,linear,True,,,,
therapeutic_target,held_out,therapeutic_target_efo_1001249,NASH,pinnacle_random_fixed,Pinnacle,PINNACLE_model_globalsplit_random_symmetric_PPI-True_GATv2_H64_lambda001_drop02_out32__ep150_bulk,PINNACLE_model_globalsplit_random_symmetric_PPI-True_GATv2_H64_lambda001_drop02_out32__ep150_bulk,abmil8_pdl_hc_cell,ABMIL-PDL Contextual instances,abmil_hc_cell_gated_8_pdl,abmil,esm,bulk,bulk_shared,cell_embeddings.pt,canonical_contextualized,abmil_hc_cell_gated_8_pdl__hp_lr0p0001_att256_do0_pdl0p6_pdlimplnew_pdlprojidentity_pdlprojl2_wd0p0001_selauprc_cw1__emb_esm,val_auprc_macro_mean,0.4075573463550548,0.0001,0.0001,512,300,50,42,6,5,0,8.0,256.0,0.0,0.0,linear,True,0.6,identity,2.0,new
therapeutic_target,held_out,therapeutic_target_efo_1001249,NASH,pinnacle_random_fixed,Pinnacle,PINNACLE_model_globalsplit_random_symmetric_PPI-True_GATv2_H64_lambda001_drop02_out32__ep150_bulk,PINNACLE_model_globalsplit_random_symmetric_PPI-True_GATv2_H64_lambda001_drop02_out32__ep150_bulk,abmil8_pdl_id2_dropout,ABMIL-PDL Contextual + ESM2,abmil_hc_cell_ext_embed_gated_8_pdl,abmil,esm,bulk,bulk_shared,cell_embeddings.pt,canonical_contextualized,abmil_hc_cell_ext_embed_gated_8_pdl__hp_lr0p0001_att256_do0_pdl0p4_pdlimplnew_pdlprojidentity_pdlprojl2_wd0p0001_selauprc_cw1__emb_esm,val_auprc_macro_mean,0.6702231053445694,0.0001,0.0001,512,300,50,42,6,5,0,8.0,256.0,0.0,0.0,linear,True,0.4,identity,2.0,new
therapeutic_target,held_out,therapeutic_target_efo_1001249,NASH,pinnacle_esm_fixed,Pinnacle-ESM2 (GAT),PINNACLE_model_globalsplit_ESM2_symmetric_PPI-True_GATv2_H64_lambda001_drop02_out32__ep150_bulk,PINNACLE_model_globalsplit_ESM2_symmetric_PPI-True_GATv2_H64_lambda001_drop02_out32__ep150_bulk,lr_hc_cell,Mean-pool LR Contextual instances,lr_hc_cell,linear,esm,bulk,bulk_shared,cell_embeddings.pt,canonical_contextualized,lr_hc_cell__hp_lr0p0001_wd0p0001_selauprc_cw1__emb_esm,val_auprc_macro_mean,0.0911582563308649,0.0001,0.0001,512,300,50,42,6,5,0,,,,,linear,True,,,,
therapeutic_target,held_out,therapeutic_target_efo_1001249,NASH,pinnacle_esm_fixed,Pinnacle-ESM2 (GAT),PINNACLE_model_globalsplit_ESM2_symmetric_PPI-True_GATv2_H64_lambda001_drop02_out32__ep150_bulk,PINNACLE_model_globalsplit_ESM2_symmetric_PPI-True_GATv2_H64_lambda001_drop02_out32__ep150_bulk,lr_hc_cell_esm,Mean-pool LR Contextual + ESM2,lr_hc_cell_ext_embed,linear,esm,bulk,bulk_shared,cell_embeddings.pt,canonical_contextualized,lr_hc_cell_ext_embed__hp_lr0p0001_wd0p0001_selauprc_cw1__emb_esm,val_auprc_macro_mean,0.6488639142298152,0.0001,0.0001,512,300,50,42,6,5,0,,,,,linear,True,,,,
therapeutic_target,held_out,therapeutic_target_efo_1001249,NASH,pinnacle_esm_fixed,Pinnacle-ESM2 (GAT),PINNACLE_model_globalsplit_ESM2_symmetric_PPI-True_GATv2_H64_lambda001_drop02_out32__ep150_bulk,PINNACLE_model_globalsplit_ESM2_symmetric_PPI-True_GATv2_H64_lambda001_drop02_out32__ep150_bulk,abmil8_hc_cell,ABMIL Contextual instances,abmil_hc_cell_gated_8,abmil,esm,bulk,bulk_shared,cell_embeddings.pt,canonical_contextualized,abmil_hc_cell_gated_8__hp_lr0p0001_att256_do0p6_wd0p0001_selauprc_cw1__emb_esm,val_auprc_macro_mean,0.1822895355665922,0.0001,0.0001,512,300,50,42,6,5,0,8.0,256.0,0.6,0.0,linear,True,,,,
therapeutic_target,held_out,therapeutic_target_efo_1001249,NASH,pinnacle_esm_fixed,Pinnacle-ESM2 (GAT),PINNACLE_model_globalsplit_ESM2_symmetric_PPI-True_GATv2_H64_lambda001_drop02_out32__ep150_bulk,PINNACLE_model_globalsplit_ESM2_symmetric_PPI-True_GATv2_H64_lambda001_drop02_out32__ep150_bulk,abmil8,ABMIL Contextual + ESM2,abmil_hc_cell_ext_embed_gated_8,abmil,esm,bulk,bulk_shared,cell_embeddings.pt,canonical_contextualized,abmil_hc_cell_ext_embed_gated_8__hp_lr0p0001_att256_do0p6_wd0p0001_selauprc_cw1__emb_esm,val_auprc_macro_mean,0.6153037807330298,0.0001,0.0001,512,300,50,42,6,5,0,8.0,256.0,0.6,0.0,linear,True,,,,
therapeutic_target,held_out,therapeutic_target_efo_1001249,NASH,pinnacle_esm_fixed,Pinnacle-ESM2 (GAT),PINNACLE_model_globalsplit_ESM2_symmetric_PPI-True_GATv2_H64_lambda001_drop02_out32__ep150_bulk,PINNACLE_model_globalsplit_ESM2_symmetric_PPI-True_GATv2_H64_lambda001_drop02_out32__ep150_bulk,abmil8_pdl_hc_cell,ABMIL-PDL Contextual instances,abmil_hc_cell_gated_8_pdl,abmil,esm,bulk,bulk_shared,cell_embeddings.pt,canonical_contextualized,abmil_hc_cell_gated_8_pdl__hp_lr0p0001_att256_do0_pdl0p7_pdlimplnew_pdlprojidentity_pdlprojl2_wd0p0001_selauprc_cw1__emb_esm,val_auprc_macro_mean,0.2488756184271143,0.0001,0.0001,512,300,50,42,6,5,0,8.0,256.0,0.0,0.0,linear,True,0.7,identity,2.0,new
therapeutic_target,held_out,therapeutic_target_efo_1001249,NASH,pinnacle_esm_fixed,Pinnacle-ESM2 (GAT),PINNACLE_model_globalsplit_ESM2_symmetric_PPI-True_GATv2_H64_lambda001_drop02_out32__ep150_bulk,PINNACLE_model_globalsplit_ESM2_symmetric_PPI-True_GATv2_H64_lambda001_drop02_out32__ep150_bulk,abmil8_pdl_id2_dropout,ABMIL-PDL Contextual + ESM2,abmil_hc_cell_ext_embed_gated_8_pdl,abmil,esm,bulk,bulk_shared,cell_embeddings.pt,canonical_contextualized,abmil_hc_cell_ext_embed_gated_8_pdl__hp_lr0p0001_att256_do0_pdl0p6_pdlimplnew_pdlprojidentity_pdlprojl2_wd0p0001_selauprc_cw1__emb_esm,val_auprc_macro_mean,0.6496017030326768,0.0001,0.0001,512,300,50,42,6,5,0,8.0,256.0,0.0,0.0,linear,True,0.6,identity,2.0,new
therapeutic_target,held_out,therapeutic_target_efo_1001249,NASH,pinnacle_esm2_acm,Pinnacle-ESM2 (ACM),PINNACLE_model_globalsplit_ESM2_symmetric_PPI-True_ACM_RandomWalk_H64_lambda001_drop02_out64__ep150_bulk,PINNACLE_model_globalsplit_ESM2_symmetric_PPI-True_ACM_RandomWalk_H64_lambda001_drop02_out64__ep150_bulk,lr_hc_cell,Mean-pool LR Contextual instances,lr_hc_cell,linear,esm,bulk,bulk_shared,cell_embeddings.pt,canonical_contextualized,lr_hc_cell__hp_lr0p0001_wd0p0001_selauprc_cw1__emb_esm,val_auprc_macro_mean,0.0721864110154738,0.0001,0.0001,512,300,50,42,6,5,0,,,,,linear,True,,,,
therapeutic_target,held_out,therapeutic_target_efo_1001249,NASH,pinnacle_esm2_acm,Pinnacle-ESM2 (ACM),PINNACLE_model_globalsplit_ESM2_symmetric_PPI-True_ACM_RandomWalk_H64_lambda001_drop02_out64__ep150_bulk,PINNACLE_model_globalsplit_ESM2_symmetric_PPI-True_ACM_RandomWalk_H64_lambda001_drop02_out64__ep150_bulk,lr_hc_cell_esm,Mean-pool LR Contextual + ESM2,lr_hc_cell_ext_embed,linear,esm,bulk,bulk_shared,cell_embeddings.pt,canonical_contextualized,lr_hc_cell_ext_embed__hp_lr0p0001_wd0p0001_selauprc_cw1__emb_esm,val_auprc_macro_mean,0.6491421418872124,0.0001,0.0001,512,300,50,42,6,5,0,,,,,linear,True,,,,
therapeutic_target,held_out,therapeutic_target_efo_1001249,NASH,pinnacle_esm2_acm,Pinnacle-ESM2 (ACM),PINNACLE_model_globalsplit_ESM2_symmetric_PPI-True_ACM_RandomWalk_H64_lambda001_drop02_out64__ep150_bulk,PINNACLE_model_globalsplit_ESM2_symmetric_PPI-True_ACM_RandomWalk_H64_lambda001_drop02_out64__ep150_bulk,abmil8_hc_cell,ABMIL Contextual instances,abmil_hc_cell_gated_8,abmil,esm,bulk,bulk_shared,cell_embeddings.pt,canonical_contextualized,abmil_hc_cell_gated_8__hp_lr0p0001_att256_do0_wd0p0001_selauprc_cw1__emb_esm,val_auprc_macro_mean,0.1253613681595901,0.0001,0.0001,512,300,50,42,6,5,0,8.0,256.0,0.0,0.0,linear,True,,,,
therapeutic_target,held_out,therapeutic_target_efo_1001249,NASH,pinnacle_esm2_acm,Pinnacle-ESM2 (ACM),PINNACLE_model_globalsplit_ESM2_symmetric_PPI-True_ACM_RandomWalk_H64_lambda001_drop02_out64__ep150_bulk,PINNACLE_model_globalsplit_ESM2_symmetric_PPI-True_ACM_RandomWalk_H64_lambda001_drop02_out64__ep150_bulk,abmil8,ABMIL Contextual + ESM2,abmil_hc_cell_ext_embed_gated_8,abmil,esm,bulk,bulk_shared,cell_embeddings.pt,canonical_contextualized,abmil_hc_cell_ext_embed_gated_8__hp_lr0p0001_att256_do0p2_wd0p0001_selauprc_cw1__emb_esm,val_auprc_macro_mean,0.6170403299616795,0.0001,0.0001,512,300,50,42,6,5,0,8.0,256.0,0.2,0.0,linear,True,,,,
therapeutic_target,held_out,therapeutic_target_efo_1001249,NASH,pinnacle_esm2_acm,Pinnacle-ESM2 (ACM),PINNACLE_model_globalsplit_ESM2_symmetric_PPI-True_ACM_RandomWalk_H64_lambda001_drop02_out64__ep150_bulk,PINNACLE_model_globalsplit_ESM2_symmetric_PPI-True_ACM_RandomWalk_H64_lambda001_drop02_out64__ep150_bulk,abmil8_pdl_hc_cell,ABMIL-PDL Contextual instances,abmil_hc_cell_gated_8_pdl,abmil,esm,bulk,bulk_shared,cell_embeddings.pt,canonical_contextualized,abmil_hc_cell_gated_8_pdl__hp_lr0p0001_att256_do0_pdl0p3_pdlimplnew_pdlprojidentity_pdlprojl2_wd0p0001_selauprc_cw1__emb_esm,val_auprc_macro_mean,0.1300561927436225,0.0001,0.0001,512,300,50,42,6,5,0,8.0,256.0,0.0,0.0,linear,True,0.3,identity,2.0,new
therapeutic_target,held_out,therapeutic_target_efo_1001249,NASH,pinnacle_esm2_acm,Pinnacle-ESM2 (ACM),PINNACLE_model_globalsplit_ESM2_symmetric_PPI-True_ACM_RandomWalk_H64_lambda001_drop02_out64__ep150_bulk,PINNACLE_model_globalsplit_ESM2_symmetric_PPI-True_ACM_RandomWalk_H64_lambda001_drop02_out64__ep150_bulk,abmil8_pdl_id2_dropout,ABMIL-PDL Contextual + ESM2,abmil_hc_cell_ext_embed_gated_8_pdl,abmil,esm,bulk,bulk_shared,cell_embeddings.pt,canonical_contextualized,abmil_hc_cell_ext_embed_gated_8_pdl__hp_lr0p0001_att256_do0_pdl0p6_pdlimplnew_pdlprojidentity_pdlprojl2_wd0p0001_selauprc_cw1__emb_esm,val_auprc_macro_mean,0.6561652806224607,0.0001,0.0001,512,300,50,42,6,5,0,8.0,256.0,0.0,0.0,linear,True,0.6,identity,2.0,new
therapeutic_target,held_out,therapeutic_target_efo_1001249,NASH,gae_att_fixed_do06,ProtScape-GAE,gae_att_fixed_do06_ep300,gae_att_fixed_do06_ep300,lr_hc_cell,Mean-pool LR Contextual instances,lr_hc_cell,linear,esm,bulk,bulk_shared,cell_embeddings.pt,canonical_contextualized,lr_hc_cell__hp_lr0p0001_wd0p0001_selauprc_cw1__emb_esm,val_auprc_macro_mean,0.3288823772913015,0.0001,0.0001,512,300,50,42,6,5,0,,,,,linear,True,,,,
therapeutic_target,held_out,therapeutic_target_efo_1001249,NASH,gae_att_fixed_do06,ProtScape-GAE,gae_att_fixed_do06_ep300,gae_att_fixed_do06_ep300,lr_hc_cell_esm,Mean-pool LR Contextual + ESM2,lr_hc_cell_ext_embed,linear,esm,bulk,bulk_shared,cell_embeddings.pt,canonical_contextualized,lr_hc_cell_ext_embed__hp_lr0p0001_wd0p0001_selauprc_cw1__emb_esm,val_auprc_macro_mean,0.6453168198054593,0.0001,0.0001,512,300,50,42,6,5,0,,,,,linear,True,,,,
therapeutic_target,held_out,therapeutic_target_efo_1001249,NASH,gae_att_fixed_do06,ProtScape-GAE,gae_att_fixed_do06_ep300,gae_att_fixed_do06_ep300,abmil8_hc_cell,ABMIL Contextual instances,abmil_hc_cell_gated_8,abmil,esm,bulk,bulk_shared,cell_embeddings.pt,canonical_contextualized,abmil_hc_cell_gated_8__hp_lr0p0001_att256_do0p6_wd0p0001_selauprc_cw1__emb_esm,val_auprc_macro_mean,0.5911068184127719,0.0001,0.0001,512,300,50,42,6,5,0,8.0,256.0,0.6,0.0,linear,True,,,,
therapeutic_target,held_out,therapeutic_target_efo_1001249,NASH,gae_att_fixed_do06,ProtScape-GAE,gae_att_fixed_do06_ep300,gae_att_fixed_do06_ep300,abmil8,ABMIL Contextual + ESM2,abmil_hc_cell_ext_embed_gated_8,abmil,esm,bulk,bulk_shared,cell_embeddings.pt,canonical_contextualized,abmil_hc_cell_ext_embed_gated_8__hp_lr0p0001_att256_do0p2_wd0p0001_selauprc_cw1__emb_esm,val_auprc_macro_mean,0.6215142952272528,0.0001,0.0001,512,300,50,42,6,5,0,8.0,256.0,0.2,0.0,linear,True,,,,
therapeutic_target,held_out,therapeutic_target_efo_1001249,NASH,gae_att_fixed_do06,ProtScape-GAE,gae_att_fixed_do06_ep300,gae_att_fixed_do06_ep300,abmil8_pdl_hc_cell,ABMIL-PDL Contextual instances,abmil_hc_cell_gated_8_pdl,abmil,esm,bulk,bulk_shared,cell_embeddings.pt,canonical_contextualized,abmil_hc_cell_gated_8_pdl__hp_lr0p0001_att256_do0_pdl0p5_pdlimplnew_pdlprojidentity_pdlprojl2_wd0p0001_selauprc_cw1__emb_esm,val_auprc_macro_mean,0.6204646203015887,0.0001,0.0001,512,300,50,42,6,5,0,8.0,256.0,0.0,0.0,linear,True,0.5,identity,2.0,new
therapeutic_target,held_out,therapeutic_target_efo_1001249,NASH,gae_att_fixed_do06,ProtScape-GAE,gae_att_fixed_do06_ep300,gae_att_fixed_do06_ep300,abmil8_pdl_id2_dropout,ABMIL-PDL Contextual + ESM2,abmil_hc_cell_ext_embed_gated_8_pdl,abmil,esm,bulk,bulk_shared,cell_embeddings.pt,canonical_contextualized,abmil_hc_cell_ext_embed_gated_8_pdl__hp_lr0p0001_att256_do0_pdl0p5_pdlimplnew_pdlprojidentity_pdlprojl2_wd0p0001_selauprc_cw1__emb_esm,val_auprc_macro_mean,0.6814977073181377,0.0001,0.0001,512,300,50,42,6,5,0,8.0,256.0,0.0,0.0,linear,True,0.5,identity,2.0,new
therapeutic_target,held_out,therapeutic_target_efo_1001249,NASH,s2gae_att_k1_fixed_do04_uni,ProtScape,s2gae_att_k1_fixed_do04_uni5e6,s2gae_att_k1_fixed_do04_uni5e6_paper_20260510,lr_hc_cell,Mean-pool LR Contextual instances,lr_hc_cell,linear,esm,bulk,bulk_shared,cell_embeddings.pt,canonical_contextualized,lr_hc_cell__hp_lr0p0001_wd0p0001_selauprc_cw1__emb_esm,val_auprc_macro_mean,0.6079383263679909,0.0001,0.0001,512,300,50,42,6,5,0,,,,,linear,True,,,,
therapeutic_target,held_out,therapeutic_target_efo_1001249,NASH,s2gae_att_k1_fixed_do04_uni,ProtScape,s2gae_att_k1_fixed_do04_uni5e6,s2gae_att_k1_fixed_do04_uni5e6_paper_20260510,lr_hc_cell_esm,Mean-pool LR Contextual + ESM2,lr_hc_cell_ext_embed,linear,esm,bulk,bulk_shared,cell_embeddings.pt,canonical_contextualized,lr_hc_cell_ext_embed__hp_lr0p0001_wd0p0001_selauprc_cw1__emb_esm,val_auprc_macro_mean,0.6671113561919898,0.0001,0.0001,512,300,50,42,6,5,0,,,,,linear,True,,,,
therapeutic_target,held_out,therapeutic_target_efo_1001249,NASH,s2gae_att_k1_fixed_do04_uni,ProtScape,s2gae_att_k1_fixed_do04_uni5e6,s2gae_att_k1_fixed_do04_uni5e6_paper_20260510,abmil8_hc_cell,ABMIL Contextual instances,abmil_hc_cell_gated_8,abmil,esm,bulk,bulk_shared,cell_embeddings.pt,canonical_contextualized,abmil_hc_cell_gated_8__hp_lr0p0001_att256_do0p6_wd0p0001_selauprc_cw1__emb_esm,val_auprc_macro_mean,0.6417825856144932,0.0001,0.0001,512,300,50,42,6,5,0,8.0,256.0,0.6,0.0,linear,True,,,,
therapeutic_target,held_out,therapeutic_target_efo_1001249,NASH,s2gae_att_k1_fixed_do04_uni,ProtScape,s2gae_att_k1_fixed_do04_uni5e6,s2gae_att_k1_fixed_do04_uni5e6_paper_20260510,abmil8,ABMIL Contextual + ESM2,abmil_hc_cell_ext_embed_gated_8,abmil,esm,bulk,bulk_shared,cell_embeddings.pt,canonical_contextualized,abmil_hc_cell_ext_embed_gated_8__hp_lr0p0001_att256_do0p6_wd0p0001_selauprc_cw1__emb_esm,val_auprc_macro_mean,0.6538075151326533,0.0001,0.0001,512,300,50,42,6,5,0,8.0,256.0,0.6,0.0,linear,True,,,,
therapeutic_target,held_out,therapeutic_target_efo_1001249,NASH,s2gae_att_k1_fixed_do04_uni,ProtScape,s2gae_att_k1_fixed_do04_uni5e6,s2gae_att_k1_fixed_do04_uni5e6_paper_20260510,abmil8_pdl_hc_cell,ABMIL-PDL Contextual instances,abmil_hc_cell_gated_8_pdl,abmil,esm,bulk,bulk_shared,cell_embeddings.pt,canonical_contextualized,abmil_hc_cell_gated_8_pdl__hp_lr0p0001_att256_do0_pdl0p6_pdlimplnew_pdlprojidentity_pdlprojl2_wd0p0001_selauprc_cw1__emb_esm,val_auprc_macro_mean,0.6917846832244436,0.0001,0.0001,512,300,50,42,6,5,0,8.0,256.0,0.0,0.0,linear,True,0.6,identity,2.0,new
therapeutic_target,held_out,therapeutic_target_efo_1001249,NASH,s2gae_att_k1_fixed_do04_uni,ProtScape,s2gae_att_k1_fixed_do04_uni5e6,s2gae_att_k1_fixed_do04_uni5e6_paper_20260510,abmil8_pdl_id2_dropout,ABMIL-PDL Contextual + ESM2,abmil_hc_cell_ext_embed_gated_8_pdl,abmil,esm,bulk,bulk_shared,cell_embeddings.pt,canonical_contextualized,abmil_hc_cell_ext_embed_gated_8_pdl__hp_lr0p0001_att256_do0_pdl0p4_pdlimplnew_pdlprojidentity_pdlprojl2_wd0p0001_selauprc_cw1__emb_esm,val_auprc_macro_mean,0.7028026451612879,0.0001,0.0001,512,300,50,42,6,5,0,8.0,256.0,0.0,0.0,linear,True,0.4,identity,2.0,new
therapeutic_target,held_out,therapeutic_target_efo_0003884,Chronic kidney disease,lr_esm,ESM2,PINNACLE_model_globalsplit_ESM2_symmetric_PPI-True_GATv2_H64_lambda001_drop02_out32__ep150_bulk,PINNACLE_model_globalsplit_ESM2_symmetric_PPI-True_GATv2_H64_lambda001_drop02_out32__ep150_bulk,lr_esm,Linear probe ESM2 sequence,lr_ext_embed,linear,esm,bulk,bulk_shared,,not_used_sequence_only,lr_ext_embed__hp_lr0p0001_wd0p0001_selauprc_cw1__emb_esm,val_auprc_macro_mean,0.5569358553400983,0.0001,0.0001,512,300,50,42,6,5,0,,,,,linear,True,,,,
therapeutic_target,held_out,therapeutic_target_efo_0003884,Chronic kidney disease,lr_prostt5,ProstT5,PINNACLE_model_globalsplit_ESM2_symmetric_PPI-True_GATv2_H64_lambda001_drop02_out32__ep150_bulk,PINNACLE_model_globalsplit_ESM2_symmetric_PPI-True_GATv2_H64_lambda001_drop02_out32__ep150_bulk,lr_prostt5,Linear probe ProstT5 sequence,lr_ext_embed,linear,prostt5,bulk,bulk_shared,,not_used_sequence_only,lr_ext_embed__hp_lr0p0001_wd0p0001_selauprc_cw1__emb_prostt5,val_auprc_macro_mean,0.5418344646894375,0.0001,0.0001,512,300,50,42,6,5,0,,,,,linear,True,,,,
therapeutic_target,held_out,therapeutic_target_efo_0003884,Chronic kidney disease,pinnacle_random_fixed,Pinnacle,PINNACLE_model_globalsplit_random_symmetric_PPI-True_GATv2_H64_lambda001_drop02_out32__ep150_bulk,PINNACLE_model_globalsplit_random_symmetric_PPI-True_GATv2_H64_lambda001_drop02_out32__ep150_bulk,lr_hc_cell,Mean-pool LR Contextual instances,lr_hc_cell,linear,esm,bulk,bulk_shared,cell_embeddings.pt,canonical_contextualized,lr_hc_cell__hp_lr0p0001_wd0p0001_selauprc_cw1__emb_esm,val_auprc_macro_mean,0.3126693132031303,0.0001,0.0001,512,300,50,42,6,5,0,,,,,linear,True,,,,
therapeutic_target,held_out,therapeutic_target_efo_0003884,Chronic kidney disease,pinnacle_random_fixed,Pinnacle,PINNACLE_model_globalsplit_random_symmetric_PPI-True_GATv2_H64_lambda001_drop02_out32__ep150_bulk,PINNACLE_model_globalsplit_random_symmetric_PPI-True_GATv2_H64_lambda001_drop02_out32__ep150_bulk,lr_hc_cell_esm,Mean-pool LR Contextual + ESM2,lr_hc_cell_ext_embed,linear,esm,bulk,bulk_shared,cell_embeddings.pt,canonical_contextualized,lr_hc_cell_ext_embed__hp_lr0p0001_wd0p0001_selauprc_cw1__emb_esm,val_auprc_macro_mean,0.588926811739289,0.0001,0.0001,512,300,50,42,6,5,0,,,,,linear,True,,,,
therapeutic_target,held_out,therapeutic_target_efo_0003884,Chronic kidney disease,pinnacle_random_fixed,Pinnacle,PINNACLE_model_globalsplit_random_symmetric_PPI-True_GATv2_H64_lambda001_drop02_out32__ep150_bulk,PINNACLE_model_globalsplit_random_symmetric_PPI-True_GATv2_H64_lambda001_drop02_out32__ep150_bulk,abmil8_hc_cell,ABMIL Contextual instances,abmil_hc_cell_gated_8,abmil,esm,bulk,bulk_shared,cell_embeddings.pt,canonical_contextualized,abmil_hc_cell_gated_8__hp_lr0p0001_att256_do0p4_wd0p0001_selauprc_cw1__emb_esm,val_auprc_macro_mean,0.4169450415552275,0.0001,0.0001,512,300,50,42,6,5,0,8.0,256.0,0.4,0.0,linear,True,,,,
therapeutic_target,held_out,therapeutic_target_efo_0003884,Chronic kidney disease,pinnacle_random_fixed,Pinnacle,PINNACLE_model_globalsplit_random_symmetric_PPI-True_GATv2_H64_lambda001_drop02_out32__ep150_bulk,PINNACLE_model_globalsplit_random_symmetric_PPI-True_GATv2_H64_lambda001_drop02_out32__ep150_bulk,abmil8,ABMIL Contextual + ESM2,abmil_hc_cell_ext_embed_gated_8,abmil,esm,bulk,bulk_shared,cell_embeddings.pt,canonical_contextualized,abmil_hc_cell_ext_embed_gated_8__hp_lr0p0001_att256_do0_wd0p0001_selauprc_cw1__emb_esm,val_auprc_macro_mean,0.5922947853359216,0.0001,0.0001,512,300,50,42,6,5,0,8.0,256.0,0.0,0.0,linear,True,,,,
therapeutic_target,held_out,therapeutic_target_efo_0003884,Chronic kidney disease,pinnacle_random_fixed,Pinnacle,PINNACLE_model_globalsplit_random_symmetric_PPI-True_GATv2_H64_lambda001_drop02_out32__ep150_bulk,PINNACLE_model_globalsplit_random_symmetric_PPI-True_GATv2_H64_lambda001_drop02_out32__ep150_bulk,abmil8_pdl_hc_cell,ABMIL-PDL Contextual instances,abmil_hc_cell_gated_8_pdl,abmil,esm,bulk,bulk_shared,cell_embeddings.pt,canonical_contextualized,abmil_hc_cell_gated_8_pdl__hp_lr0p0001_att256_do0_pdl0p6_pdlimplnew_pdlprojidentity_pdlprojl2_wd0p0001_selauprc_cw1__emb_esm,val_auprc_macro_mean,0.5383833856256025,0.0001,0.0001,512,300,50,42,6,5,0,8.0,256.0,0.0,0.0,linear,True,0.6,identity,2.0,new
therapeutic_target,held_out,therapeutic_target_efo_0003884,Chronic kidney disease,pinnacle_random_fixed,Pinnacle,PINNACLE_model_globalsplit_random_symmetric_PPI-True_GATv2_H64_lambda001_drop02_out32__ep150_bulk,PINNACLE_model_globalsplit_random_symmetric_PPI-True_GATv2_H64_lambda001_drop02_out32__ep150_bulk,abmil8_pdl_id2_dropout,ABMIL-PDL Contextual + ESM2,abmil_hc_cell_ext_embed_gated_8_pdl,abmil,esm,bulk,bulk_shared,cell_embeddings.pt,canonical_contextualized,abmil_hc_cell_ext_embed_gated_8_pdl__hp_lr0p0001_att256_do0_pdl0p3_pdlimplnew_pdlprojidentity_pdlprojl2_wd0p0001_selauprc_cw1__emb_esm,val_auprc_macro_mean,0.5913160063714067,0.0001,0.0001,512,300,50,42,6,5,0,8.0,256.0,0.0,0.0,linear,True,0.3,identity,2.0,new
therapeutic_target,held_out,therapeutic_target_efo_0003884,Chronic kidney disease,pinnacle_esm_fixed,Pinnacle-ESM2 (GAT),PINNACLE_model_globalsplit_ESM2_symmetric_PPI-True_GATv2_H64_lambda001_drop02_out32__ep150_bulk,PINNACLE_model_globalsplit_ESM2_symmetric_PPI-True_GATv2_H64_lambda001_drop02_out32__ep150_bulk,lr_hc_cell,Mean-pool LR Contextual instances,lr_hc_cell,linear,esm,bulk,bulk_shared,cell_embeddings.pt,canonical_contextualized,lr_hc_cell__hp_lr0p0001_wd0p0001_selauprc_cw1__emb_esm,val_auprc_macro_mean,0.2971700301391086,0.0001,0.0001,512,300,50,42,6,5,0,,,,,linear,True,,,,
therapeutic_target,held_out,therapeutic_target_efo_0003884,Chronic kidney disease,pinnacle_esm_fixed,Pinnacle-ESM2 (GAT),PINNACLE_model_globalsplit_ESM2_symmetric_PPI-True_GATv2_H64_lambda001_drop02_out32__ep150_bulk,PINNACLE_model_globalsplit_ESM2_symmetric_PPI-True_GATv2_H64_lambda001_drop02_out32__ep150_bulk,lr_hc_cell_esm,Mean-pool LR Contextual + ESM2,lr_hc_cell_ext_embed,linear,esm,bulk,bulk_shared,cell_embeddings.pt,canonical_contextualized,lr_hc_cell_ext_embed__hp_lr0p0001_wd0p0001_selauprc_cw1__emb_esm,val_auprc_macro_mean,0.5954867389590677,0.0001,0.0001,512,300,50,42,6,5,0,,,,,linear,True,,,,
therapeutic_target,held_out,therapeutic_target_efo_0003884,Chronic kidney disease,pinnacle_esm_fixed,Pinnacle-ESM2 (GAT),PINNACLE_model_globalsplit_ESM2_symmetric_PPI-True_GATv2_H64_lambda001_drop02_out32__ep150_bulk,PINNACLE_model_globalsplit_ESM2_symmetric_PPI-True_GATv2_H64_lambda001_drop02_out32__ep150_bulk,abmil8_hc_cell,ABMIL Contextual instances,abmil_hc_cell_gated_8,abmil,esm,bulk,bulk_shared,cell_embeddings.pt,canonical_contextualized,abmil_hc_cell_gated_8__hp_lr0p0001_att256_do0p2_wd0p0001_selauprc_cw1__emb_esm,val_auprc_macro_mean,0.3819340765115668,0.0001,0.0001,512,300,50,42,6,5,0,8.0,256.0,0.2,0.0,linear,True,,,,
therapeutic_target,held_out,therapeutic_target_efo_0003884,Chronic kidney disease,pinnacle_esm_fixed,Pinnacle-ESM2 (GAT),PINNACLE_model_globalsplit_ESM2_symmetric_PPI-True_GATv2_H64_lambda001_drop02_out32__ep150_bulk,PINNACLE_model_globalsplit_ESM2_symmetric_PPI-True_GATv2_H64_lambda001_drop02_out32__ep150_bulk,abmil8,ABMIL Contextual + ESM2,abmil_hc_cell_ext_embed_gated_8,abmil,esm,bulk,bulk_shared,cell_embeddings.pt,canonical_contextualized,abmil_hc_cell_ext_embed_gated_8__hp_lr0p0001_att256_do0p6_wd0p0001_selauprc_cw1__emb_esm,val_auprc_macro_mean,0.5984737062042063,0.0001,0.0001,512,300,50,42,6,5,0,8.0,256.0,0.6,0.0,linear,True,,,,
therapeutic_target,held_out,therapeutic_target_efo_0003884,Chronic kidney disease,pinnacle_esm_fixed,Pinnacle-ESM2 (GAT),PINNACLE_model_globalsplit_ESM2_symmetric_PPI-True_GATv2_H64_lambda001_drop02_out32__ep150_bulk,PINNACLE_model_globalsplit_ESM2_symmetric_PPI-True_GATv2_H64_lambda001_drop02_out32__ep150_bulk,abmil8_pdl_hc_cell,ABMIL-PDL Contextual instances,abmil_hc_cell_gated_8_pdl,abmil,esm,bulk,bulk_shared,cell_embeddings.pt,canonical_contextualized,abmil_hc_cell_gated_8_pdl__hp_lr0p0001_att256_do0_pdl0p5_pdlimplnew_pdlprojidentity_pdlprojl2_wd0p0001_selauprc_cw1__emb_esm,val_auprc_macro_mean,0.5037848628209634,0.0001,0.0001,512,300,50,42,6,5,0,8.0,256.0,0.0,0.0,linear,True,0.5,identity,2.0,new
therapeutic_target,held_out,therapeutic_target_efo_0003884,Chronic kidney disease,pinnacle_esm_fixed,Pinnacle-ESM2 (GAT),PINNACLE_model_globalsplit_ESM2_symmetric_PPI-True_GATv2_H64_lambda001_drop02_out32__ep150_bulk,PINNACLE_model_globalsplit_ESM2_symmetric_PPI-True_GATv2_H64_lambda001_drop02_out32__ep150_bulk,abmil8_pdl_id2_dropout,ABMIL-PDL Contextual + ESM2,abmil_hc_cell_ext_embed_gated_8_pdl,abmil,esm,bulk,bulk_shared,cell_embeddings.pt,canonical_contextualized,abmil_hc_cell_ext_embed_gated_8_pdl__hp_lr0p0001_att256_do0_pdl0p2_pdlimplnew_pdlprojidentity_pdlprojl2_wd0p0001_selauprc_cw1__emb_esm,val_auprc_macro_mean,0.5851665580745147,0.0001,0.0001,512,300,50,42,6,5,0,8.0,256.0,0.0,0.0,linear,True,0.2,identity,2.0,new
therapeutic_target,held_out,therapeutic_target_efo_0003884,Chronic kidney disease,pinnacle_esm2_acm,Pinnacle-ESM2 (ACM),PINNACLE_model_globalsplit_ESM2_symmetric_PPI-True_ACM_RandomWalk_H64_lambda001_drop02_out64__ep150_bulk,PINNACLE_model_globalsplit_ESM2_symmetric_PPI-True_ACM_RandomWalk_H64_lambda001_drop02_out64__ep150_bulk,lr_hc_cell,Mean-pool LR Contextual instances,lr_hc_cell,linear,esm,bulk,bulk_shared,cell_embeddings.pt,canonical_contextualized,lr_hc_cell__hp_lr0p0001_wd0p0001_selauprc_cw1__emb_esm,val_auprc_macro_mean,0.2698695319287697,0.0001,0.0001,512,300,50,42,6,5,0,,,,,linear,True,,,,
therapeutic_target,held_out,therapeutic_target_efo_0003884,Chronic kidney disease,pinnacle_esm2_acm,Pinnacle-ESM2 (ACM),PINNACLE_model_globalsplit_ESM2_symmetric_PPI-True_ACM_RandomWalk_H64_lambda001_drop02_out64__ep150_bulk,PINNACLE_model_globalsplit_ESM2_symmetric_PPI-True_ACM_RandomWalk_H64_lambda001_drop02_out64__ep150_bulk,lr_hc_cell_esm,Mean-pool LR Contextual + ESM2,lr_hc_cell_ext_embed,linear,esm,bulk,bulk_shared,cell_embeddings.pt,canonical_contextualized,lr_hc_cell_ext_embed__hp_lr0p0001_wd0p0001_selauprc_cw1__emb_esm,val_auprc_macro_mean,0.5696587884076869,0.0001,0.0001,512,300,50,42,6,5,0,,,,,linear,True,,,,
therapeutic_target,held_out,therapeutic_target_efo_0003884,Chronic kidney disease,pinnacle_esm2_acm,Pinnacle-ESM2 (ACM),PINNACLE_model_globalsplit_ESM2_symmetric_PPI-True_ACM_RandomWalk_H64_lambda001_drop02_out64__ep150_bulk,PINNACLE_model_globalsplit_ESM2_symmetric_PPI-True_ACM_RandomWalk_H64_lambda001_drop02_out64__ep150_bulk,abmil8_hc_cell,ABMIL Contextual instances,abmil_hc_cell_gated_8,abmil,esm,bulk,bulk_shared,cell_embeddings.pt,canonical_contextualized,abmil_hc_cell_gated_8__hp_lr0p0001_att256_do0p4_wd0p0001_selauprc_cw1__emb_esm,val_auprc_macro_mean,0.3758900996367478,0.0001,0.0001,512,300,50,42,6,5,0,8.0,256.0,0.4,0.0,linear,True,,,,
therapeutic_target,held_out,therapeutic_target_efo_0003884,Chronic kidney disease,pinnacle_esm2_acm,Pinnacle-ESM2 (ACM),PINNACLE_model_globalsplit_ESM2_symmetric_PPI-True_ACM_RandomWalk_H64_lambda001_drop02_out64__ep150_bulk,PINNACLE_model_globalsplit_ESM2_symmetric_PPI-True_ACM_RandomWalk_H64_lambda001_drop02_out64__ep150_bulk,abmil8,ABMIL Contextual + ESM2,abmil_hc_cell_ext_embed_gated_8,abmil,esm,bulk,bulk_shared,cell_embeddings.pt,canonical_contextualized,abmil_hc_cell_ext_embed_gated_8__hp_lr0p0001_att256_do0_wd0p0001_selauprc_cw1__emb_esm,val_auprc_macro_mean,0.5984249919093015,0.0001,0.0001,512,300,50,42,6,5,0,8.0,256.0,0.0,0.0,linear,True,,,,
therapeutic_target,held_out,therapeutic_target_efo_0003884,Chronic kidney disease,pinnacle_esm2_acm,Pinnacle-ESM2 (ACM),PINNACLE_model_globalsplit_ESM2_symmetric_PPI-True_ACM_RandomWalk_H64_lambda001_drop02_out64__ep150_bulk,PINNACLE_model_globalsplit_ESM2_symmetric_PPI-True_ACM_RandomWalk_H64_lambda001_drop02_out64__ep150_bulk,abmil8_pdl_hc_cell,ABMIL-PDL Contextual instances,abmil_hc_cell_gated_8_pdl,abmil,esm,bulk,bulk_shared,cell_embeddings.pt,canonical_contextualized,abmil_hc_cell_gated_8_pdl__hp_lr0p0001_att256_do0_pdl0p6_pdlimplnew_pdlprojidentity_pdlprojl2_wd0p0001_selauprc_cw1__emb_esm,val_auprc_macro_mean,0.4242687379093232,0.0001,0.0001,512,300,50,42,6,5,0,8.0,256.0,0.0,0.0,linear,True,0.6,identity,2.0,new
therapeutic_target,held_out,therapeutic_target_efo_0003884,Chronic kidney disease,pinnacle_esm2_acm,Pinnacle-ESM2 (ACM),PINNACLE_model_globalsplit_ESM2_symmetric_PPI-True_ACM_RandomWalk_H64_lambda001_drop02_out64__ep150_bulk,PINNACLE_model_globalsplit_ESM2_symmetric_PPI-True_ACM_RandomWalk_H64_lambda001_drop02_out64__ep150_bulk,abmil8_pdl_id2_dropout,ABMIL-PDL Contextual + ESM2,abmil_hc_cell_ext_embed_gated_8_pdl,abmil,esm,bulk,bulk_shared,cell_embeddings.pt,canonical_contextualized,abmil_hc_cell_ext_embed_gated_8_pdl__hp_lr0p0001_att256_do0_pdl0p3_pdlimplnew_pdlprojidentity_pdlprojl2_wd0p0001_selauprc_cw1__emb_esm,val_auprc_macro_mean,0.5699047338320467,0.0001,0.0001,512,300,50,42,6,5,0,8.0,256.0,0.0,0.0,linear,True,0.3,identity,2.0,new
therapeutic_target,held_out,therapeutic_target_efo_0003884,Chronic kidney disease,gae_att_fixed_do06,ProtScape-GAE,gae_att_fixed_do06_ep300,gae_att_fixed_do06_ep300,lr_hc_cell,Mean-pool LR Contextual instances,lr_hc_cell,linear,esm,bulk,bulk_shared,cell_embeddings.pt,canonical_contextualized,lr_hc_cell__hp_lr0p0001_wd0p0001_selauprc_cw1__emb_esm,val_auprc_macro_mean,0.4466817551247888,0.0001,0.0001,512,300,50,42,6,5,0,,,,,linear,True,,,,
therapeutic_target,held_out,therapeutic_target_efo_0003884,Chronic kidney disease,gae_att_fixed_do06,ProtScape-GAE,gae_att_fixed_do06_ep300,gae_att_fixed_do06_ep300,lr_hc_cell_esm,Mean-pool LR Contextual + ESM2,lr_hc_cell_ext_embed,linear,esm,bulk,bulk_shared,cell_embeddings.pt,canonical_contextualized,lr_hc_cell_ext_embed__hp_lr0p0001_wd0p0001_selauprc_cw1__emb_esm,val_auprc_macro_mean,0.6277966394183233,0.0001,0.0001,512,300,50,42,6,5,0,,,,,linear,True,,,,
therapeutic_target,held_out,therapeutic_target_efo_0003884,Chronic kidney disease,gae_att_fixed_do06,ProtScape-GAE,gae_att_fixed_do06_ep300,gae_att_fixed_do06_ep300,abmil8_hc_cell,ABMIL Contextual instances,abmil_hc_cell_gated_8,abmil,esm,bulk,bulk_shared,cell_embeddings.pt,canonical_contextualized,abmil_hc_cell_gated_8__hp_lr0p0001_att256_do0_wd0p0001_selauprc_cw1__emb_esm,val_auprc_macro_mean,0.5805874220129835,0.0001,0.0001,512,300,50,42,6,5,0,8.0,256.0,0.0,0.0,linear,True,,,,
therapeutic_target,held_out,therapeutic_target_efo_0003884,Chronic kidney disease,gae_att_fixed_do06,ProtScape-GAE,gae_att_fixed_do06_ep300,gae_att_fixed_do06_ep300,abmil8,ABMIL Contextual + ESM2,abmil_hc_cell_ext_embed_gated_8,abmil,esm,bulk,bulk_shared,cell_embeddings.pt,canonical_contextualized,abmil_hc_cell_ext_embed_gated_8__hp_lr0p0001_att256_do0p4_wd0p0001_selauprc_cw1__emb_esm,val_auprc_macro_mean,0.6240051669695953,0.0001,0.0001,512,300,50,42,6,5,0,8.0,256.0,0.4,0.0,linear,True,,,,
therapeutic_target,held_out,therapeutic_target_efo_0003884,Chronic kidney disease,gae_att_fixed_do06,ProtScape-GAE,gae_att_fixed_do06_ep300,gae_att_fixed_do06_ep300,abmil8_pdl_hc_cell,ABMIL-PDL Contextual instances,abmil_hc_cell_gated_8_pdl,abmil,esm,bulk,bulk_shared,cell_embeddings.pt,canonical_contextualized,abmil_hc_cell_gated_8_pdl__hp_lr0p0001_att256_do0_pdl0p6_pdlimplnew_pdlprojidentity_pdlprojl2_wd0p0001_selauprc_cw1__emb_esm,val_auprc_macro_mean,0.6186425496143569,0.0001,0.0001,512,300,50,42,6,5,0,8.0,256.0,0.0,0.0,linear,True,0.6,identity,2.0,new
therapeutic_target,held_out,therapeutic_target_efo_0003884,Chronic kidney disease,gae_att_fixed_do06,ProtScape-GAE,gae_att_fixed_do06_ep300,gae_att_fixed_do06_ep300,abmil8_pdl_id2_dropout,ABMIL-PDL Contextual + ESM2,abmil_hc_cell_ext_embed_gated_8_pdl,abmil,esm,bulk,bulk_shared,cell_embeddings.pt,canonical_contextualized,abmil_hc_cell_ext_embed_gated_8_pdl__hp_lr0p0001_att256_do0_pdl0p5_pdlimplnew_pdlprojidentity_pdlprojl2_wd0p0001_selauprc_cw1__emb_esm,val_auprc_macro_mean,0.6357062771867399,0.0001,0.0001,512,300,50,42,6,5,0,8.0,256.0,0.0,0.0,linear,True,0.5,identity,2.0,new
therapeutic_target,held_out,therapeutic_target_efo_0003884,Chronic kidney disease,s2gae_att_k1_fixed_do04_uni,ProtScape,s2gae_att_k1_fixed_do04_uni5e6,s2gae_att_k1_fixed_do04_uni5e6_paper_20260510,lr_hc_cell,Mean-pool LR Contextual instances,lr_hc_cell,linear,esm,bulk,bulk_shared,cell_embeddings.pt,canonical_contextualized,lr_hc_cell__hp_lr0p0001_wd0p0001_selauprc_cw1__emb_esm,val_auprc_macro_mean,0.6223609181435587,0.0001,0.0001,512,300,50,42,6,5,0,,,,,linear,True,,,,
therapeutic_target,held_out,therapeutic_target_efo_0003884,Chronic kidney disease,s2gae_att_k1_fixed_do04_uni,ProtScape,s2gae_att_k1_fixed_do04_uni5e6,s2gae_att_k1_fixed_do04_uni5e6_paper_20260510,lr_hc_cell_esm,Mean-pool LR Contextual + ESM2,lr_hc_cell_ext_embed,linear,esm,bulk,bulk_shared,cell_embeddings.pt,canonical_contextualized,lr_hc_cell_ext_embed__hp_lr0p0001_wd0p0001_selauprc_cw1__emb_esm,val_auprc_macro_mean,0.6747010479930111,0.0001,0.0001,512,300,50,42,6,5,0,,,,,linear,True,,,,
therapeutic_target,held_out,therapeutic_target_efo_0003884,Chronic kidney disease,s2gae_att_k1_fixed_do04_uni,ProtScape,s2gae_att_k1_fixed_do04_uni5e6,s2gae_att_k1_fixed_do04_uni5e6_paper_20260510,abmil8_hc_cell,ABMIL Contextual instances,abmil_hc_cell_gated_8,abmil,esm,bulk,bulk_shared,cell_embeddings.pt,canonical_contextualized,abmil_hc_cell_gated_8__hp_lr0p0001_att256_do0p6_wd0p0001_selauprc_cw1__emb_esm,val_auprc_macro_mean,0.6683202055089875,0.0001,0.0001,512,300,50,42,6,5,0,8.0,256.0,0.6,0.0,linear,True,,,,
therapeutic_target,held_out,therapeutic_target_efo_0003884,Chronic kidney disease,s2gae_att_k1_fixed_do04_uni,ProtScape,s2gae_att_k1_fixed_do04_uni5e6,s2gae_att_k1_fixed_do04_uni5e6_paper_20260510,abmil8,ABMIL Contextual + ESM2,abmil_hc_cell_ext_embed_gated_8,abmil,esm,bulk,bulk_shared,cell_embeddings.pt,canonical_contextualized,abmil_hc_cell_ext_embed_gated_8__hp_lr0p0001_att256_do0_wd0p0001_selauprc_cw1__emb_esm,val_auprc_macro_mean,0.6767252460117934,0.0001,0.0001,512,300,50,42,6,5,0,8.0,256.0,0.0,0.0,linear,True,,,,
therapeutic_target,held_out,therapeutic_target_efo_0003884,Chronic kidney disease,s2gae_att_k1_fixed_do04_uni,ProtScape,s2gae_att_k1_fixed_do04_uni5e6,s2gae_att_k1_fixed_do04_uni5e6_paper_20260510,abmil8_pdl_hc_cell,ABMIL-PDL Contextual instances,abmil_hc_cell_gated_8_pdl,abmil,esm,bulk,bulk_shared,cell_embeddings.pt,canonical_contextualized,abmil_hc_cell_gated_8_pdl__hp_lr0p0001_att256_do0_pdl0p2_pdlimplnew_pdlprojidentity_pdlprojl2_wd0p0001_selauprc_cw1__emb_esm,val_auprc_macro_mean,0.6860452128344786,0.0001,0.0001,512,300,50,42,6,5,0,8.0,256.0,0.0,0.0,linear,True,0.2,identity,2.0,new
therapeutic_target,held_out,therapeutic_target_efo_0003884,Chronic kidney disease,s2gae_att_k1_fixed_do04_uni,ProtScape,s2gae_att_k1_fixed_do04_uni5e6,s2gae_att_k1_fixed_do04_uni5e6_paper_20260510,abmil8_pdl_id2_dropout,ABMIL-PDL Contextual + ESM2,abmil_hc_cell_ext_embed_gated_8_pdl,abmil,esm,bulk,bulk_shared,cell_embeddings.pt,canonical_contextualized,abmil_hc_cell_ext_embed_gated_8_pdl__hp_lr0p0001_att256_do0_pdl0p4_pdlimplnew_pdlprojidentity_pdlprojl2_wd0p0001_selauprc_cw1__emb_esm,val_auprc_macro_mean,0.6949267066019286,0.0001,0.0001,512,300,50,42,6,5,0,8.0,256.0,0.0,0.0,linear,True,0.4,identity,2.0,new
therapeutic_target,held_out,therapeutic_target_mondo_0005180,Parkinson disease,lr_esm,ESM2,PINNACLE_model_globalsplit_ESM2_symmetric_PPI-True_GATv2_H64_lambda001_drop02_out32__ep150_bulk,PINNACLE_model_globalsplit_ESM2_symmetric_PPI-True_GATv2_H64_lambda001_drop02_out32__ep150_bulk,lr_esm,Linear probe ESM2 sequence,lr_ext_embed,linear,esm,bulk,bulk_shared,,not_used_sequence_only,lr_ext_embed__hp_lr0p0001_wd0p0001_selauprc_cw1__emb_esm,val_auprc_macro_mean,0.6379373130494985,0.0001,0.0001,512,300,50,42,6,5,0,,,,,linear,True,,,,
therapeutic_target,held_out,therapeutic_target_mondo_0005180,Parkinson disease,lr_prostt5,ProstT5,PINNACLE_model_globalsplit_ESM2_symmetric_PPI-True_GATv2_H64_lambda001_drop02_out32__ep150_bulk,PINNACLE_model_globalsplit_ESM2_symmetric_PPI-True_GATv2_H64_lambda001_drop02_out32__ep150_bulk,lr_prostt5,Linear probe ProstT5 sequence,lr_ext_embed,linear,prostt5,bulk,bulk_shared,,not_used_sequence_only,lr_ext_embed__hp_lr0p0001_wd0p0001_selauprc_cw1__emb_prostt5,val_auprc_macro_mean,0.5597442634116113,0.0001,0.0001,512,300,50,42,6,5,0,,,,,linear,True,,,,
therapeutic_target,held_out,therapeutic_target_mondo_0005180,Parkinson disease,pinnacle_random_fixed,Pinnacle,PINNACLE_model_globalsplit_random_symmetric_PPI-True_GATv2_H64_lambda001_drop02_out32__ep150_bulk,PINNACLE_model_globalsplit_random_symmetric_PPI-True_GATv2_H64_lambda001_drop02_out32__ep150_bulk,lr_hc_cell,Mean-pool LR Contextual instances,lr_hc_cell,linear,esm,bulk,bulk_shared,cell_embeddings.pt,canonical_contextualized,lr_hc_cell__hp_lr0p0001_wd0p0001_selauprc_cw1__emb_esm,val_auprc_macro_mean,0.173991225514135,0.0001,0.0001,512,300,50,42,6,5,0,,,,,linear,True,,,,
therapeutic_target,held_out,therapeutic_target_mondo_0005180,Parkinson disease,pinnacle_random_fixed,Pinnacle,PINNACLE_model_globalsplit_random_symmetric_PPI-True_GATv2_H64_lambda001_drop02_out32__ep150_bulk,PINNACLE_model_globalsplit_random_symmetric_PPI-True_GATv2_H64_lambda001_drop02_out32__ep150_bulk,lr_hc_cell_esm,Mean-pool LR Contextual + ESM2,lr_hc_cell_ext_embed,linear,esm,bulk,bulk_shared,cell_embeddings.pt,canonical_contextualized,lr_hc_cell_ext_embed__hp_lr0p0001_wd0p0001_selauprc_cw1__emb_esm,val_auprc_macro_mean,0.6456190852901071,0.0001,0.0001,512,300,50,42,6,5,0,,,,,linear,True,,,,
therapeutic_target,held_out,therapeutic_target_mondo_0005180,Parkinson disease,pinnacle_random_fixed,Pinnacle,PINNACLE_model_globalsplit_random_symmetric_PPI-True_GATv2_H64_lambda001_drop02_out32__ep150_bulk,PINNACLE_model_globalsplit_random_symmetric_PPI-True_GATv2_H64_lambda001_drop02_out32__ep150_bulk,abmil8_hc_cell,ABMIL Contextual instances,abmil_hc_cell_gated_8,abmil,esm,bulk,bulk_shared,cell_embeddings.pt,canonical_contextualized,abmil_hc_cell_gated_8__hp_lr0p0001_att256_do0p4_wd0p0001_selauprc_cw1__emb_esm,val_auprc_macro_mean,0.2652350883220131,0.0001,0.0001,512,300,50,42,6,5,0,8.0,256.0,0.4,0.0,linear,True,,,,
therapeutic_target,held_out,therapeutic_target_mondo_0005180,Parkinson disease,pinnacle_random_fixed,Pinnacle,PINNACLE_model_globalsplit_random_symmetric_PPI-True_GATv2_H64_lambda001_drop02_out32__ep150_bulk,PINNACLE_model_globalsplit_random_symmetric_PPI-True_GATv2_H64_lambda001_drop02_out32__ep150_bulk,abmil8,ABMIL Contextual + ESM2,abmil_hc_cell_ext_embed_gated_8,abmil,esm,bulk,bulk_shared,cell_embeddings.pt,canonical_contextualized,abmil_hc_cell_ext_embed_gated_8__hp_lr0p0001_att256_do0p2_wd0p0001_selauprc_cw1__emb_esm,val_auprc_macro_mean,0.6235119705160616,0.0001,0.0001,512,300,50,42,6,5,0,8.0,256.0,0.2,0.0,linear,True,,,,
therapeutic_target,held_out,therapeutic_target_mondo_0005180,Parkinson disease,pinnacle_random_fixed,Pinnacle,PINNACLE_model_globalsplit_random_symmetric_PPI-True_GATv2_H64_lambda001_drop02_out32__ep150_bulk,PINNACLE_model_globalsplit_random_symmetric_PPI-True_GATv2_H64_lambda001_drop02_out32__ep150_bulk,abmil8_pdl_hc_cell,ABMIL-PDL Contextual instances,abmil_hc_cell_gated_8_pdl,abmil,esm,bulk,bulk_shared,cell_embeddings.pt,canonical_contextualized,abmil_hc_cell_gated_8_pdl__hp_lr0p0001_att256_do0_pdl0p4_pdlimplnew_pdlprojidentity_pdlprojl2_wd0p0001_selauprc_cw1__emb_esm,val_auprc_macro_mean,0.338561205779145,0.0001,0.0001,512,300,50,42,6,5,0,8.0,256.0,0.0,0.0,linear,True,0.4,identity,2.0,new
therapeutic_target,held_out,therapeutic_target_mondo_0005180,Parkinson disease,pinnacle_random_fixed,Pinnacle,PINNACLE_model_globalsplit_random_symmetric_PPI-True_GATv2_H64_lambda001_drop02_out32__ep150_bulk,PINNACLE_model_globalsplit_random_symmetric_PPI-True_GATv2_H64_lambda001_drop02_out32__ep150_bulk,abmil8_pdl_id2_dropout,ABMIL-PDL Contextual + ESM2,abmil_hc_cell_ext_embed_gated_8_pdl,abmil,esm,bulk,bulk_shared,cell_embeddings.pt,canonical_contextualized,abmil_hc_cell_ext_embed_gated_8_pdl__hp_lr0p0001_att256_do0_pdl0p2_pdlimplnew_pdlprojidentity_pdlprojl2_wd0p0001_selauprc_cw1__emb_esm,val_auprc_macro_mean,0.679155244194004,0.0001,0.0001,512,300,50,42,6,5,0,8.0,256.0,0.0,0.0,linear,True,0.2,identity,2.0,new
therapeutic_target,held_out,therapeutic_target_mondo_0005180,Parkinson disease,pinnacle_esm_fixed,Pinnacle-ESM2 (GAT),PINNACLE_model_globalsplit_ESM2_symmetric_PPI-True_GATv2_H64_lambda001_drop02_out32__ep150_bulk,PINNACLE_model_globalsplit_ESM2_symmetric_PPI-True_GATv2_H64_lambda001_drop02_out32__ep150_bulk,lr_hc_cell,Mean-pool LR Contextual instances,lr_hc_cell,linear,esm,bulk,bulk_shared,cell_embeddings.pt,canonical_contextualized,lr_hc_cell__hp_lr0p0001_wd0p0001_selauprc_cw1__emb_esm,val_auprc_macro_mean,0.1718971915592431,0.0001,0.0001,512,300,50,42,6,5,0,,,,,linear,True,,,,
therapeutic_target,held_out,therapeutic_target_mondo_0005180,Parkinson disease,pinnacle_esm_fixed,Pinnacle-ESM2 (GAT),PINNACLE_model_globalsplit_ESM2_symmetric_PPI-True_GATv2_H64_lambda001_drop02_out32__ep150_bulk,PINNACLE_model_globalsplit_ESM2_symmetric_PPI-True_GATv2_H64_lambda001_drop02_out32__ep150_bulk,lr_hc_cell_esm,Mean-pool LR Contextual + ESM2,lr_hc_cell_ext_embed,linear,esm,bulk,bulk_shared,cell_embeddings.pt,canonical_contextualized,lr_hc_cell_ext_embed__hp_lr0p0001_wd0p0001_selauprc_cw1__emb_esm,val_auprc_macro_mean,0.6427094620507136,0.0001,0.0001,512,300,50,42,6,5,0,,,,,linear,True,,,,
therapeutic_target,held_out,therapeutic_target_mondo_0005180,Parkinson disease,pinnacle_esm_fixed,Pinnacle-ESM2 (GAT),PINNACLE_model_globalsplit_ESM2_symmetric_PPI-True_GATv2_H64_lambda001_drop02_out32__ep150_bulk,PINNACLE_model_globalsplit_ESM2_symmetric_PPI-True_GATv2_H64_lambda001_drop02_out32__ep150_bulk,abmil8_hc_cell,ABMIL Contextual instances,abmil_hc_cell_gated_8,abmil,esm,bulk,bulk_shared,cell_embeddings.pt,canonical_contextualized,abmil_hc_cell_gated_8__hp_lr0p0001_att256_do0_wd0p0001_selauprc_cw1__emb_esm,val_auprc_macro_mean,0.2501389683515638,0.0001,0.0001,512,300,50,42,6,5,0,8.0,256.0,0.0,0.0,linear,True,,,,
therapeutic_target,held_out,therapeutic_target_mondo_0005180,Parkinson disease,pinnacle_esm_fixed,Pinnacle-ESM2 (GAT),PINNACLE_model_globalsplit_ESM2_symmetric_PPI-True_GATv2_H64_lambda001_drop02_out32__ep150_bulk,PINNACLE_model_globalsplit_ESM2_symmetric_PPI-True_GATv2_H64_lambda001_drop02_out32__ep150_bulk,abmil8,ABMIL Contextual + ESM2,abmil_hc_cell_ext_embed_gated_8,abmil,esm,bulk,bulk_shared,cell_embeddings.pt,canonical_contextualized,abmil_hc_cell_ext_embed_gated_8__hp_lr0p0001_att256_do0_wd0p0001_selauprc_cw1__emb_esm,val_auprc_macro_mean,0.6452751111794803,0.0001,0.0001,512,300,50,42,6,5,0,8.0,256.0,0.0,0.0,linear,True,,,,
therapeutic_target,held_out,therapeutic_target_mondo_0005180,Parkinson disease,pinnacle_esm_fixed,Pinnacle-ESM2 (GAT),PINNACLE_model_globalsplit_ESM2_symmetric_PPI-True_GATv2_H64_lambda001_drop02_out32__ep150_bulk,PINNACLE_model_globalsplit_ESM2_symmetric_PPI-True_GATv2_H64_lambda001_drop02_out32__ep150_bulk,abmil8_pdl_hc_cell,ABMIL-PDL Contextual instances,abmil_hc_cell_gated_8_pdl,abmil,esm,bulk,bulk_shared,cell_embeddings.pt,canonical_contextualized,abmil_hc_cell_gated_8_pdl__hp_lr0p0001_att256_do0_pdl0p5_pdlimplnew_pdlprojidentity_pdlprojl2_wd0p0001_selauprc_cw1__emb_esm,val_auprc_macro_mean,0.2870233149155168,0.0001,0.0001,512,300,50,42,6,5,0,8.0,256.0,0.0,0.0,linear,True,0.5,identity,2.0,new
therapeutic_target,held_out,therapeutic_target_mondo_0005180,Parkinson disease,pinnacle_esm_fixed,Pinnacle-ESM2 (GAT),PINNACLE_model_globalsplit_ESM2_symmetric_PPI-True_GATv2_H64_lambda001_drop02_out32__ep150_bulk,PINNACLE_model_globalsplit_ESM2_symmetric_PPI-True_GATv2_H64_lambda001_drop02_out32__ep150_bulk,abmil8_pdl_id2_dropout,ABMIL-PDL Contextual + ESM2,abmil_hc_cell_ext_embed_gated_8_pdl,abmil,esm,bulk,bulk_shared,cell_embeddings.pt,canonical_contextualized,abmil_hc_cell_ext_embed_gated_8_pdl__hp_lr0p0001_att256_do0_pdl0p2_pdlimplnew_pdlprojidentity_pdlprojl2_wd0p0001_selauprc_cw1__emb_esm,val_auprc_macro_mean,0.6908038513374922,0.0001,0.0001,512,300,50,42,6,5,0,8.0,256.0,0.0,0.0,linear,True,0.2,identity,2.0,new
therapeutic_target,held_out,therapeutic_target_mondo_0005180,Parkinson disease,pinnacle_esm2_acm,Pinnacle-ESM2 (ACM),PINNACLE_model_globalsplit_ESM2_symmetric_PPI-True_ACM_RandomWalk_H64_lambda001_drop02_out64__ep150_bulk,PINNACLE_model_globalsplit_ESM2_symmetric_PPI-True_ACM_RandomWalk_H64_lambda001_drop02_out64__ep150_bulk,lr_hc_cell,Mean-pool LR Contextual instances,lr_hc_cell,linear,esm,bulk,bulk_shared,cell_embeddings.pt,canonical_contextualized,lr_hc_cell__hp_lr0p0001_wd0p0001_selauprc_cw1__emb_esm,val_auprc_macro_mean,0.2143037413581752,0.0001,0.0001,512,300,50,42,6,5,0,,,,,linear,True,,,,
therapeutic_target,held_out,therapeutic_target_mondo_0005180,Parkinson disease,pinnacle_esm2_acm,Pinnacle-ESM2 (ACM),PINNACLE_model_globalsplit_ESM2_symmetric_PPI-True_ACM_RandomWalk_H64_lambda001_drop02_out64__ep150_bulk,PINNACLE_model_globalsplit_ESM2_symmetric_PPI-True_ACM_RandomWalk_H64_lambda001_drop02_out64__ep150_bulk,lr_hc_cell_esm,Mean-pool LR Contextual + ESM2,lr_hc_cell_ext_embed,linear,esm,bulk,bulk_shared,cell_embeddings.pt,canonical_contextualized,lr_hc_cell_ext_embed__hp_lr0p0001_wd0p0001_selauprc_cw1__emb_esm,val_auprc_macro_mean,0.6552808845762745,0.0001,0.0001,512,300,50,42,6,5,0,,,,,linear,True,,,,
therapeutic_target,held_out,therapeutic_target_mondo_0005180,Parkinson disease,pinnacle_esm2_acm,Pinnacle-ESM2 (ACM),PINNACLE_model_globalsplit_ESM2_symmetric_PPI-True_ACM_RandomWalk_H64_lambda001_drop02_out64__ep150_bulk,PINNACLE_model_globalsplit_ESM2_symmetric_PPI-True_ACM_RandomWalk_H64_lambda001_drop02_out64__ep150_bulk,abmil8_hc_cell,ABMIL Contextual instances,abmil_hc_cell_gated_8,abmil,esm,bulk,bulk_shared,cell_embeddings.pt,canonical_contextualized,abmil_hc_cell_gated_8__hp_lr0p0001_att256_do0p4_wd0p0001_selauprc_cw1__emb_esm,val_auprc_macro_mean,0.2967086847034592,0.0001,0.0001,512,300,50,42,6,5,0,8.0,256.0,0.4,0.0,linear,True,,,,
therapeutic_target,held_out,therapeutic_target_mondo_0005180,Parkinson disease,pinnacle_esm2_acm,Pinnacle-ESM2 (ACM),PINNACLE_model_globalsplit_ESM2_symmetric_PPI-True_ACM_RandomWalk_H64_lambda001_drop02_out64__ep150_bulk,PINNACLE_model_globalsplit_ESM2_symmetric_PPI-True_ACM_RandomWalk_H64_lambda001_drop02_out64__ep150_bulk,abmil8,ABMIL Contextual + ESM2,abmil_hc_cell_ext_embed_gated_8,abmil,esm,bulk,bulk_shared,cell_embeddings.pt,canonical_contextualized,abmil_hc_cell_ext_embed_gated_8__hp_lr0p0001_att256_do0p2_wd0p0001_selauprc_cw1__emb_esm,val_auprc_macro_mean,0.6637958098018979,0.0001,0.0001,512,300,50,42,6,5,0,8.0,256.0,0.2,0.0,linear,True,,,,
therapeutic_target,held_out,therapeutic_target_mondo_0005180,Parkinson disease,pinnacle_esm2_acm,Pinnacle-ESM2 (ACM),PINNACLE_model_globalsplit_ESM2_symmetric_PPI-True_ACM_RandomWalk_H64_lambda001_drop02_out64__ep150_bulk,PINNACLE_model_globalsplit_ESM2_symmetric_PPI-True_ACM_RandomWalk_H64_lambda001_drop02_out64__ep150_bulk,abmil8_pdl_hc_cell,ABMIL-PDL Contextual instances,abmil_hc_cell_gated_8_pdl,abmil,esm,bulk,bulk_shared,cell_embeddings.pt,canonical_contextualized,abmil_hc_cell_gated_8_pdl__hp_lr0p0001_att256_do0_pdl0p2_pdlimplnew_pdlprojidentity_pdlprojl2_wd0p0001_selauprc_cw1__emb_esm,val_auprc_macro_mean,0.2990149772771192,0.0001,0.0001,512,300,50,42,6,5,0,8.0,256.0,0.0,0.0,linear,True,0.2,identity,2.0,new
therapeutic_target,held_out,therapeutic_target_mondo_0005180,Parkinson disease,pinnacle_esm2_acm,Pinnacle-ESM2 (ACM),PINNACLE_model_globalsplit_ESM2_symmetric_PPI-True_ACM_RandomWalk_H64_lambda001_drop02_out64__ep150_bulk,PINNACLE_model_globalsplit_ESM2_symmetric_PPI-True_ACM_RandomWalk_H64_lambda001_drop02_out64__ep150_bulk,abmil8_pdl_id2_dropout,ABMIL-PDL Contextual + ESM2,abmil_hc_cell_ext_embed_gated_8_pdl,abmil,esm,bulk,bulk_shared,cell_embeddings.pt,canonical_contextualized,abmil_hc_cell_ext_embed_gated_8_pdl__hp_lr0p0001_att256_do0_pdl0p6_pdlimplnew_pdlprojidentity_pdlprojl2_wd0p0001_selauprc_cw1__emb_esm,val_auprc_macro_mean,0.6907697709363301,0.0001,0.0001,512,300,50,42,6,5,0,8.0,256.0,0.0,0.0,linear,True,0.6,identity,2.0,new
therapeutic_target,held_out,therapeutic_target_mondo_0005180,Parkinson disease,gae_att_fixed_do06,ProtScape-GAE,gae_att_fixed_do06_ep300,gae_att_fixed_do06_ep300,lr_hc_cell,Mean-pool LR Contextual instances,lr_hc_cell,linear,esm,bulk,bulk_shared,cell_embeddings.pt,canonical_contextualized,lr_hc_cell__hp_lr0p0001_wd0p0001_selauprc_cw1__emb_esm,val_auprc_macro_mean,0.3886544385766669,0.0001,0.0001,512,300,50,42,6,5,0,,,,,linear,True,,,,
therapeutic_target,held_out,therapeutic_target_mondo_0005180,Parkinson disease,gae_att_fixed_do06,ProtScape-GAE,gae_att_fixed_do06_ep300,gae_att_fixed_do06_ep300,lr_hc_cell_esm,Mean-pool LR Contextual + ESM2,lr_hc_cell_ext_embed,linear,esm,bulk,bulk_shared,cell_embeddings.pt,canonical_contextualized,lr_hc_cell_ext_embed__hp_lr0p0001_wd0p0001_selauprc_cw1__emb_esm,val_auprc_macro_mean,0.643991860651059,0.0001,0.0001,512,300,50,42,6,5,0,,,,,linear,True,,,,
therapeutic_target,held_out,therapeutic_target_mondo_0005180,Parkinson disease,gae_att_fixed_do06,ProtScape-GAE,gae_att_fixed_do06_ep300,gae_att_fixed_do06_ep300,abmil8_hc_cell,ABMIL Contextual instances,abmil_hc_cell_gated_8,abmil,esm,bulk,bulk_shared,cell_embeddings.pt,canonical_contextualized,abmil_hc_cell_gated_8__hp_lr0p0001_att256_do0p6_wd0p0001_selauprc_cw1__emb_esm,val_auprc_macro_mean,0.6065141407355499,0.0001,0.0001,512,300,50,42,6,5,0,8.0,256.0,0.6,0.0,linear,True,,,,
therapeutic_target,held_out,therapeutic_target_mondo_0005180,Parkinson disease,gae_att_fixed_do06,ProtScape-GAE,gae_att_fixed_do06_ep300,gae_att_fixed_do06_ep300,abmil8,ABMIL Contextual + ESM2,abmil_hc_cell_ext_embed_gated_8,abmil,esm,bulk,bulk_shared,cell_embeddings.pt,canonical_contextualized,abmil_hc_cell_ext_embed_gated_8__hp_lr0p0001_att256_do0_wd0p0001_selauprc_cw1__emb_esm,val_auprc_macro_mean,0.6654966413376682,0.0001,0.0001,512,300,50,42,6,5,0,8.0,256.0,0.0,0.0,linear,True,,,,
therapeutic_target,held_out,therapeutic_target_mondo_0005180,Parkinson disease,gae_att_fixed_do06,ProtScape-GAE,gae_att_fixed_do06_ep300,gae_att_fixed_do06_ep300,abmil8_pdl_hc_cell,ABMIL-PDL Contextual instances,abmil_hc_cell_gated_8_pdl,abmil,esm,bulk,bulk_shared,cell_embeddings.pt,canonical_contextualized,abmil_hc_cell_gated_8_pdl__hp_lr0p0001_att256_do0_pdl0p6_pdlimplnew_pdlprojidentity_pdlprojl2_wd0p0001_selauprc_cw1__emb_esm,val_auprc_macro_mean,0.6497551525978656,0.0001,0.0001,512,300,50,42,6,5,0,8.0,256.0,0.0,0.0,linear,True,0.6,identity,2.0,new
therapeutic_target,held_out,therapeutic_target_mondo_0005180,Parkinson disease,gae_att_fixed_do06,ProtScape-GAE,gae_att_fixed_do06_ep300,gae_att_fixed_do06_ep300,abmil8_pdl_id2_dropout,ABMIL-PDL Contextual + ESM2,abmil_hc_cell_ext_embed_gated_8_pdl,abmil,esm,bulk,bulk_shared,cell_embeddings.pt,canonical_contextualized,abmil_hc_cell_ext_embed_gated_8_pdl__hp_lr0p0001_att256_do0_pdl0p7_pdlimplnew_pdlprojidentity_pdlprojl2_wd0p0001_selauprc_cw1__emb_esm,val_auprc_macro_mean,0.7031134056811139,0.0001,0.0001,512,300,50,42,6,5,0,8.0,256.0,0.0,0.0,linear,True,0.7,identity,2.0,new
therapeutic_target,held_out,therapeutic_target_mondo_0005180,Parkinson disease,s2gae_att_k1_fixed_do04_uni,ProtScape,s2gae_att_k1_fixed_do04_uni5e6,s2gae_att_k1_fixed_do04_uni5e6_paper_20260510,lr_hc_cell,Mean-pool LR Contextual instances,lr_hc_cell,linear,esm,bulk,bulk_shared,cell_embeddings.pt,canonical_contextualized,lr_hc_cell__hp_lr0p0001_wd0p0001_selauprc_cw1__emb_esm,val_auprc_macro_mean,0.4742145829703444,0.0001,0.0001,512,300,50,42,6,5,0,,,,,linear,True,,,,
therapeutic_target,held_out,therapeutic_target_mondo_0005180,Parkinson disease,s2gae_att_k1_fixed_do04_uni,ProtScape,s2gae_att_k1_fixed_do04_uni5e6,s2gae_att_k1_fixed_do04_uni5e6_paper_20260510,lr_hc_cell_esm,Mean-pool LR Contextual + ESM2,lr_hc_cell_ext_embed,linear,esm,bulk,bulk_shared,cell_embeddings.pt,canonical_contextualized,lr_hc_cell_ext_embed__hp_lr0p0001_wd0p0001_selauprc_cw1__emb_esm,val_auprc_macro_mean,0.6607460117884172,0.0001,0.0001,512,300,50,42,6,5,0,,,,,linear,True,,,,
therapeutic_target,held_out,therapeutic_target_mondo_0005180,Parkinson disease,s2gae_att_k1_fixed_do04_uni,ProtScape,s2gae_att_k1_fixed_do04_uni5e6,s2gae_att_k1_fixed_do04_uni5e6_paper_20260510,abmil8_hc_cell,ABMIL Contextual instances,abmil_hc_cell_gated_8,abmil,esm,bulk,bulk_shared,cell_embeddings.pt,canonical_contextualized,abmil_hc_cell_gated_8__hp_lr0p0001_att256_do0p6_wd0p0001_selauprc_cw1__emb_esm,val_auprc_macro_mean,0.6068165206582693,0.0001,0.0001,512,300,50,42,6,5,0,8.0,256.0,0.6,0.0,linear,True,,,,
therapeutic_target,held_out,therapeutic_target_mondo_0005180,Parkinson disease,s2gae_att_k1_fixed_do04_uni,ProtScape,s2gae_att_k1_fixed_do04_uni5e6,s2gae_att_k1_fixed_do04_uni5e6_paper_20260510,abmil8,ABMIL Contextual + ESM2,abmil_hc_cell_ext_embed_gated_8,abmil,esm,bulk,bulk_shared,cell_embeddings.pt,canonical_contextualized,abmil_hc_cell_ext_embed_gated_8__hp_lr0p0001_att256_do0p4_wd0p0001_selauprc_cw1__emb_esm,val_auprc_macro_mean,0.6295463508442745,0.0001,0.0001,512,300,50,42,6,5,0,8.0,256.0,0.4,0.0,linear,True,,,,
therapeutic_target,held_out,therapeutic_target_mondo_0005180,Parkinson disease,s2gae_att_k1_fixed_do04_uni,ProtScape,s2gae_att_k1_fixed_do04_uni5e6,s2gae_att_k1_fixed_do04_uni5e6_paper_20260510,abmil8_pdl_hc_cell,ABMIL-PDL Contextual instances,abmil_hc_cell_gated_8_pdl,abmil,esm,bulk,bulk_shared,cell_embeddings.pt,canonical_contextualized,abmil_hc_cell_gated_8_pdl__hp_lr0p0001_att256_do0_pdl0p7_pdlimplnew_pdlprojidentity_pdlprojl2_wd0p0001_selauprc_cw1__emb_esm,val_auprc_macro_mean,0.6574049512175482,0.0001,0.0001,512,300,50,42,6,5,0,8.0,256.0,0.0,0.0,linear,True,0.7,identity,2.0,new
therapeutic_target,held_out,therapeutic_target_mondo_0005180,Parkinson disease,s2gae_att_k1_fixed_do04_uni,ProtScape,s2gae_att_k1_fixed_do04_uni5e6,s2gae_att_k1_fixed_do04_uni5e6_paper_20260510,abmil8_pdl_id2_dropout,ABMIL-PDL Contextual + ESM2,abmil_hc_cell_ext_embed_gated_8_pdl,abmil,esm,bulk,bulk_shared,cell_embeddings.pt,canonical_contextualized,abmil_hc_cell_ext_embed_gated_8_pdl__hp_lr0p0001_att256_do0_pdl0p5_pdlimplnew_pdlprojidentity_pdlprojl2_wd0p0001_selauprc_cw1__emb_esm,val_auprc_macro_mean,0.6925570243419622,0.0001,0.0001,512,300,50,42,6,5,0,8.0,256.0,0.0,0.0,linear,True,0.5,identity,2.0,new
therapeutic_target,held_out,therapeutic_target_efo_0003767,Inflammatory bowel disease,s2gae_phuber_uni,ProtScape (pHuber),HCCTassignmentglobalsplit_ESM2symmetricPPI_attention128_s2gae_dm_mr05_dc512_dl2_do00_MG_bulk__lr001_ep300_phubertau100_ACM_RandomWalkconcat_H512L3_dropout04_regCTassignment1_unil000005_unit20_unid0,HCCTassignmentglobalsplit_ESM2symmetricPPI_attention128_s2gae_dm_mr05_dc512_dl2_do00_MG_bulk__lr001_ep300_phubertau100_ACM_RandomWalkconcat_H512L3_dropout04_regCTassignment1_unil000005_unit20_unid0,lr_hc_cell,Mean-pool LR Contextual instances,lr_hc_cell,linear,esm,bulk,bulk_shared,cell_embeddings_before_pool.pt,pooled_before_cci,lr_hc_cell__hp_lr0p0001_wd0p0001_selauprc_cw1__emb_esm,val_auprc_macro_mean,0.5371860065105214,0.0001,0.0001,512,300,50,42,6,5,0,,,,,linear,True,,,,
therapeutic_target,held_out,therapeutic_target_efo_0003767,Inflammatory bowel disease,s2gae_phuber_uni,ProtScape (pHuber),HCCTassignmentglobalsplit_ESM2symmetricPPI_attention128_s2gae_dm_mr05_dc512_dl2_do00_MG_bulk__lr001_ep300_phubertau100_ACM_RandomWalkconcat_H512L3_dropout04_regCTassignment1_unil000005_unit20_unid0,HCCTassignmentglobalsplit_ESM2symmetricPPI_attention128_s2gae_dm_mr05_dc512_dl2_do00_MG_bulk__lr001_ep300_phubertau100_ACM_RandomWalkconcat_H512L3_dropout04_regCTassignment1_unil000005_unit20_unid0,lr_hc_cell_esm,Mean-pool LR Contextual + ESM2,lr_hc_cell_ext_embed,linear,esm,bulk,bulk_shared,cell_embeddings_before_pool.pt,pooled_before_cci,lr_hc_cell_ext_embed__hp_lr0p0001_wd0p0001_selauprc_cw1__emb_esm,val_auprc_macro_mean,0.60239228145475654,0.0001,0.0001,512,300,50,42,6,5,0,,,,,linear,True,,,,
therapeutic_target,held_out,therapeutic_target_efo_0003767,Inflammatory bowel disease,s2gae_phuber_uni,ProtScape (pHuber),HCCTassignmentglobalsplit_ESM2symmetricPPI_attention128_s2gae_dm_mr05_dc512_dl2_do00_MG_bulk__lr001_ep300_phubertau100_ACM_RandomWalkconcat_H512L3_dropout04_regCTassignment1_unil000005_unit20_unid0,HCCTassignmentglobalsplit_ESM2symmetricPPI_attention128_s2gae_dm_mr05_dc512_dl2_do00_MG_bulk__lr001_ep300_phubertau100_ACM_RandomWalkconcat_H512L3_dropout04_regCTassignment1_unil000005_unit20_unid0,abmil8_pdl_id2_dropout,ABMIL-PDL Contextual + ESM2,abmil_hc_cell_ext_embed_gated_8_pdl,abmil,esm,bulk,bulk_shared,cell_embeddings_before_pool.pt,pooled_before_cci,abmil_hc_cell_ext_embed_gated_8_pdl__hp_lr0p0001_att256_do0_pdl0p2_pdlimplnew_pdlprojidentity_pdlprojl2_wd0p0001_selauprc_cw1__emb_esm,val_auprc_macro_mean,0.67825738507663769,0.0001,0.0001,512,300,50,42,6,5,0,8.0,256.0,0.0,0.0,linear,True,0.2,identity,2.0,new
therapeutic_target,held_out,therapeutic_target_efo_0003767,Inflammatory bowel disease,s2gae_l1_uni,ProtScape (L1),HCCTassignmentglobalsplit_ESM2symmetricPPI_attention128_s2gae_dm_mr05_dc512_dl2_do00_MG_bulk__lr001_ep300_l1_ACM_RandomWalkconcat_H512L3_regCTassignment1_unil000005_unit20_unid0,HCCTassignmentglobalsplit_ESM2symmetricPPI_attention128_s2gae_dm_mr05_dc512_dl2_do00_MG_bulk__lr001_ep300_l1_ACM_RandomWalkconcat_H512L3_regCTassignment1_unil000005_unit20_unid0,lr_hc_cell,Mean-pool LR Contextual instances,lr_hc_cell,linear,esm,bulk,bulk_shared,cell_embeddings_before_pool.pt,pooled_before_cci,lr_hc_cell__hp_lr0p0001_wd0p0001_selauprc_cw1__emb_esm,val_auprc_macro_mean,0.50454528000414667,0.0001,0.0001,512,300,50,42,6,5,0,,,,,linear,True,,,,
therapeutic_target,held_out,therapeutic_target_efo_0003767,Inflammatory bowel disease,s2gae_l1_uni,ProtScape (L1),HCCTassignmentglobalsplit_ESM2symmetricPPI_attention128_s2gae_dm_mr05_dc512_dl2_do00_MG_bulk__lr001_ep300_l1_ACM_RandomWalkconcat_H512L3_regCTassignment1_unil000005_unit20_unid0,HCCTassignmentglobalsplit_ESM2symmetricPPI_attention128_s2gae_dm_mr05_dc512_dl2_do00_MG_bulk__lr001_ep300_l1_ACM_RandomWalkconcat_H512L3_regCTassignment1_unil000005_unit20_unid0,lr_hc_cell_esm,Mean-pool LR Contextual + ESM2,lr_hc_cell_ext_embed,linear,esm,bulk,bulk_shared,cell_embeddings_before_pool.pt,pooled_before_cci,lr_hc_cell_ext_embed__hp_lr0p0001_wd0p0001_selauprc_cw1__emb_esm,val_auprc_macro_mean,0.57809454223723189,0.0001,0.0001,512,300,50,42,6,5,0,,,,,linear,True,,,,
therapeutic_target,held_out,therapeutic_target_efo_0003767,Inflammatory bowel disease,s2gae_l1_uni,ProtScape (L1),HCCTassignmentglobalsplit_ESM2symmetricPPI_attention128_s2gae_dm_mr05_dc512_dl2_do00_MG_bulk__lr001_ep300_l1_ACM_RandomWalkconcat_H512L3_regCTassignment1_unil000005_unit20_unid0,HCCTassignmentglobalsplit_ESM2symmetricPPI_attention128_s2gae_dm_mr05_dc512_dl2_do00_MG_bulk__lr001_ep300_l1_ACM_RandomWalkconcat_H512L3_regCTassignment1_unil000005_unit20_unid0,abmil8_pdl_id2_dropout,ABMIL-PDL Contextual + ESM2,abmil_hc_cell_ext_embed_gated_8_pdl,abmil,esm,bulk,bulk_shared,cell_embeddings_before_pool.pt,pooled_before_cci,abmil_hc_cell_ext_embed_gated_8_pdl__hp_lr0p0001_att256_do0_pdl0p5_pdlimplnew_pdlprojidentity_pdlprojl2_wd0p0001_selauprc_cw1__emb_esm,val_auprc_macro_mean,0.62557595509802444,0.0001,0.0001,512,300,50,42,6,5,0,8.0,256.0,0.0,0.0,linear,True,0.5,identity,2.0,new
therapeutic_target,held_out,therapeutic_target_efo_0000685,Rheumatoid arthritis,s2gae_phuber_uni,ProtScape (pHuber),HCCTassignmentglobalsplit_ESM2symmetricPPI_attention128_s2gae_dm_mr05_dc512_dl2_do00_MG_bulk__lr001_ep300_phubertau100_ACM_RandomWalkconcat_H512L3_dropout04_regCTassignment1_unil000005_unit20_unid0,HCCTassignmentglobalsplit_ESM2symmetricPPI_attention128_s2gae_dm_mr05_dc512_dl2_do00_MG_bulk__lr001_ep300_phubertau100_ACM_RandomWalkconcat_H512L3_dropout04_regCTassignment1_unil000005_unit20_unid0,lr_hc_cell,Mean-pool LR Contextual instances,lr_hc_cell,linear,esm,bulk,bulk_shared,cell_embeddings_before_pool.pt,pooled_before_cci,lr_hc_cell__hp_lr0p0001_wd0p0001_selauprc_cw1__emb_esm,val_auprc_macro_mean,0.48774983155681201,0.0001,0.0001,512,300,50,42,6,5,0,,,,,linear,True,,,,
therapeutic_target,held_out,therapeutic_target_efo_0000685,Rheumatoid arthritis,s2gae_phuber_uni,ProtScape (pHuber),HCCTassignmentglobalsplit_ESM2symmetricPPI_attention128_s2gae_dm_mr05_dc512_dl2_do00_MG_bulk__lr001_ep300_phubertau100_ACM_RandomWalkconcat_H512L3_dropout04_regCTassignment1_unil000005_unit20_unid0,HCCTassignmentglobalsplit_ESM2symmetricPPI_attention128_s2gae_dm_mr05_dc512_dl2_do00_MG_bulk__lr001_ep300_phubertau100_ACM_RandomWalkconcat_H512L3_dropout04_regCTassignment1_unil000005_unit20_unid0,lr_hc_cell_esm,Mean-pool LR Contextual + ESM2,lr_hc_cell_ext_embed,linear,esm,bulk,bulk_shared,cell_embeddings_before_pool.pt,pooled_before_cci,lr_hc_cell_ext_embed__hp_lr0p0001_wd0p0001_selauprc_cw1__emb_esm,val_auprc_macro_mean,0.58559009318321253,0.0001,0.0001,512,300,50,42,6,5,0,,,,,linear,True,,,,
therapeutic_target,held_out,therapeutic_target_efo_0000685,Rheumatoid arthritis,s2gae_phuber_uni,ProtScape (pHuber),HCCTassignmentglobalsplit_ESM2symmetricPPI_attention128_s2gae_dm_mr05_dc512_dl2_do00_MG_bulk__lr001_ep300_phubertau100_ACM_RandomWalkconcat_H512L3_dropout04_regCTassignment1_unil000005_unit20_unid0,HCCTassignmentglobalsplit_ESM2symmetricPPI_attention128_s2gae_dm_mr05_dc512_dl2_do00_MG_bulk__lr001_ep300_phubertau100_ACM_RandomWalkconcat_H512L3_dropout04_regCTassignment1_unil000005_unit20_unid0,abmil8_pdl_id2_dropout,ABMIL-PDL Contextual + ESM2,abmil_hc_cell_ext_embed_gated_8_pdl,abmil,esm,bulk,bulk_shared,cell_embeddings_before_pool.pt,pooled_before_cci,abmil_hc_cell_ext_embed_gated_8_pdl__hp_lr0p0001_att256_do0_pdl0p2_pdlimplnew_pdlprojidentity_pdlprojl2_wd0p0001_selauprc_cw1__emb_esm,val_auprc_macro_mean,0.6069952243022918,0.0001,0.0001,512,300,50,42,6,5,0,8.0,256.0,0.0,0.0,linear,True,0.2,identity,2.0,new
therapeutic_target,held_out,therapeutic_target_efo_0000685,Rheumatoid arthritis,s2gae_l1_uni,ProtScape (L1),HCCTassignmentglobalsplit_ESM2symmetricPPI_attention128_s2gae_dm_mr05_dc512_dl2_do00_MG_bulk__lr001_ep300_l1_ACM_RandomWalkconcat_H512L3_regCTassignment1_unil000005_unit20_unid0,HCCTassignmentglobalsplit_ESM2symmetricPPI_attention128_s2gae_dm_mr05_dc512_dl2_do00_MG_bulk__lr001_ep300_l1_ACM_RandomWalkconcat_H512L3_regCTassignment1_unil000005_unit20_unid0,lr_hc_cell,Mean-pool LR Contextual instances,lr_hc_cell,linear,esm,bulk,bulk_shared,cell_embeddings_before_pool.pt,pooled_before_cci,lr_hc_cell__hp_lr0p0001_wd0p0001_selauprc_cw1__emb_esm,val_auprc_macro_mean,0.55515493253135362,0.0001,0.0001,512,300,50,42,6,5,0,,,,,linear,True,,,,
therapeutic_target,held_out,therapeutic_target_efo_0000685,Rheumatoid arthritis,s2gae_l1_uni,ProtScape (L1),HCCTassignmentglobalsplit_ESM2symmetricPPI_attention128_s2gae_dm_mr05_dc512_dl2_do00_MG_bulk__lr001_ep300_l1_ACM_RandomWalkconcat_H512L3_regCTassignment1_unil000005_unit20_unid0,HCCTassignmentglobalsplit_ESM2symmetricPPI_attention128_s2gae_dm_mr05_dc512_dl2_do00_MG_bulk__lr001_ep300_l1_ACM_RandomWalkconcat_H512L3_regCTassignment1_unil000005_unit20_unid0,lr_hc_cell_esm,Mean-pool LR Contextual + ESM2,lr_hc_cell_ext_embed,linear,esm,bulk,bulk_shared,cell_embeddings_before_pool.pt,pooled_before_cci,lr_hc_cell_ext_embed__hp_lr0p0001_wd0p0001_selauprc_cw1__emb_esm,val_auprc_macro_mean,0.58440801855774638,0.0001,0.0001,512,300,50,42,6,5,0,,,,,linear,True,,,,
therapeutic_target,held_out,therapeutic_target_efo_0000685,Rheumatoid arthritis,s2gae_l1_uni,ProtScape (L1),HCCTassignmentglobalsplit_ESM2symmetricPPI_attention128_s2gae_dm_mr05_dc512_dl2_do00_MG_bulk__lr001_ep300_l1_ACM_RandomWalkconcat_H512L3_regCTassignment1_unil000005_unit20_unid0,HCCTassignmentglobalsplit_ESM2symmetricPPI_attention128_s2gae_dm_mr05_dc512_dl2_do00_MG_bulk__lr001_ep300_l1_ACM_RandomWalkconcat_H512L3_regCTassignment1_unil000005_unit20_unid0,abmil8_pdl_id2_dropout,ABMIL-PDL Contextual + ESM2,abmil_hc_cell_ext_embed_gated_8_pdl,abmil,esm,bulk,bulk_shared,cell_embeddings_before_pool.pt,pooled_before_cci,abmil_hc_cell_ext_embed_gated_8_pdl__hp_lr0p0001_att256_do0_pdl0p2_pdlimplnew_pdlprojidentity_pdlprojl2_wd0p0001_selauprc_cw1__emb_esm,val_auprc_macro_mean,0.64415728405635286,0.0001,0.0001,512,300,50,42,6,5,0,8.0,256.0,0.0,0.0,linear,True,0.2,identity,2.0,new
therapeutic_target,held_out,therapeutic_target_efo_0000305,Breast carcinoma,s2gae_phuber_uni,ProtScape (pHuber),HCCTassignmentglobalsplit_ESM2symmetricPPI_attention128_s2gae_dm_mr05_dc512_dl2_do00_MG_bulk__lr001_ep300_phubertau100_ACM_RandomWalkconcat_H512L3_dropout04_regCTassignment1_unil000005_unit20_unid0,HCCTassignmentglobalsplit_ESM2symmetricPPI_attention128_s2gae_dm_mr05_dc512_dl2_do00_MG_bulk__lr001_ep300_phubertau100_ACM_RandomWalkconcat_H512L3_dropout04_regCTassignment1_unil000005_unit20_unid0,lr_hc_cell,Mean-pool LR Contextual instances,lr_hc_cell,linear,esm,bulk,bulk_shared,cell_embeddings_before_pool.pt,pooled_before_cci,lr_hc_cell__hp_lr0p0001_wd0p0001_selauprc_cw1__emb_esm,val_auprc_macro_mean,0.79147145204593716,0.0001,0.0001,512,300,50,42,6,5,0,,,,,linear,True,,,,
therapeutic_target,held_out,therapeutic_target_efo_0000305,Breast carcinoma,s2gae_phuber_uni,ProtScape (pHuber),HCCTassignmentglobalsplit_ESM2symmetricPPI_attention128_s2gae_dm_mr05_dc512_dl2_do00_MG_bulk__lr001_ep300_phubertau100_ACM_RandomWalkconcat_H512L3_dropout04_regCTassignment1_unil000005_unit20_unid0,HCCTassignmentglobalsplit_ESM2symmetricPPI_attention128_s2gae_dm_mr05_dc512_dl2_do00_MG_bulk__lr001_ep300_phubertau100_ACM_RandomWalkconcat_H512L3_dropout04_regCTassignment1_unil000005_unit20_unid0,lr_hc_cell_esm,Mean-pool LR Contextual + ESM2,lr_hc_cell_ext_embed,linear,esm,bulk,bulk_shared,cell_embeddings_before_pool.pt,pooled_before_cci,lr_hc_cell_ext_embed__hp_lr0p0001_wd0p0001_selauprc_cw1__emb_esm,val_auprc_macro_mean,0.82944863884005127,0.0001,0.0001,512,300,50,42,6,5,0,,,,,linear,True,,,,
therapeutic_target,held_out,therapeutic_target_efo_0000305,Breast carcinoma,s2gae_phuber_uni,ProtScape (pHuber),HCCTassignmentglobalsplit_ESM2symmetricPPI_attention128_s2gae_dm_mr05_dc512_dl2_do00_MG_bulk__lr001_ep300_phubertau100_ACM_RandomWalkconcat_H512L3_dropout04_regCTassignment1_unil000005_unit20_unid0,HCCTassignmentglobalsplit_ESM2symmetricPPI_attention128_s2gae_dm_mr05_dc512_dl2_do00_MG_bulk__lr001_ep300_phubertau100_ACM_RandomWalkconcat_H512L3_dropout04_regCTassignment1_unil000005_unit20_unid0,abmil8_pdl_id2_dropout,ABMIL-PDL Contextual + ESM2,abmil_hc_cell_ext_embed_gated_8_pdl,abmil,esm,bulk,bulk_shared,cell_embeddings_before_pool.pt,pooled_before_cci,abmil_hc_cell_ext_embed_gated_8_pdl__hp_lr0p0001_att256_do0_pdl0p7_pdlimplnew_pdlprojidentity_pdlprojl2_wd0p0001_selauprc_cw1__emb_esm,val_auprc_macro_mean,0.84773837892573134,0.0001,0.0001,512,300,50,42,6,5,0,8.0,256.0,0.0,0.0,linear,True,0.7,identity,2.0,new
therapeutic_target,held_out,therapeutic_target_efo_0000305,Breast carcinoma,s2gae_l1_uni,ProtScape (L1),HCCTassignmentglobalsplit_ESM2symmetricPPI_attention128_s2gae_dm_mr05_dc512_dl2_do00_MG_bulk__lr001_ep300_l1_ACM_RandomWalkconcat_H512L3_regCTassignment1_unil000005_unit20_unid0,HCCTassignmentglobalsplit_ESM2symmetricPPI_attention128_s2gae_dm_mr05_dc512_dl2_do00_MG_bulk__lr001_ep300_l1_ACM_RandomWalkconcat_H512L3_regCTassignment1_unil000005_unit20_unid0,lr_hc_cell,Mean-pool LR Contextual instances,lr_hc_cell,linear,esm,bulk,bulk_shared,cell_embeddings_before_pool.pt,pooled_before_cci,lr_hc_cell__hp_lr0p0001_wd0p0001_selauprc_cw1__emb_esm,val_auprc_macro_mean,0.75908484893667105,0.0001,0.0001,512,300,50,42,6,5,0,,,,,linear,True,,,,
therapeutic_target,held_out,therapeutic_target_efo_0000305,Breast carcinoma,s2gae_l1_uni,ProtScape (L1),HCCTassignmentglobalsplit_ESM2symmetricPPI_attention128_s2gae_dm_mr05_dc512_dl2_do00_MG_bulk__lr001_ep300_l1_ACM_RandomWalkconcat_H512L3_regCTassignment1_unil000005_unit20_unid0,HCCTassignmentglobalsplit_ESM2symmetricPPI_attention128_s2gae_dm_mr05_dc512_dl2_do00_MG_bulk__lr001_ep300_l1_ACM_RandomWalkconcat_H512L3_regCTassignment1_unil000005_unit20_unid0,lr_hc_cell_esm,Mean-pool LR Contextual + ESM2,lr_hc_cell_ext_embed,linear,esm,bulk,bulk_shared,cell_embeddings_before_pool.pt,pooled_before_cci,lr_hc_cell_ext_embed__hp_lr0p0001_wd0p0001_selauprc_cw1__emb_esm,val_auprc_macro_mean,0.78737055335358541,0.0001,0.0001,512,300,50,42,6,5,0,,,,,linear,True,,,,
therapeutic_target,held_out,therapeutic_target_efo_0000305,Breast carcinoma,s2gae_l1_uni,ProtScape (L1),HCCTassignmentglobalsplit_ESM2symmetricPPI_attention128_s2gae_dm_mr05_dc512_dl2_do00_MG_bulk__lr001_ep300_l1_ACM_RandomWalkconcat_H512L3_regCTassignment1_unil000005_unit20_unid0,HCCTassignmentglobalsplit_ESM2symmetricPPI_attention128_s2gae_dm_mr05_dc512_dl2_do00_MG_bulk__lr001_ep300_l1_ACM_RandomWalkconcat_H512L3_regCTassignment1_unil000005_unit20_unid0,abmil8_pdl_id2_dropout,ABMIL-PDL Contextual + ESM2,abmil_hc_cell_ext_embed_gated_8_pdl,abmil,esm,bulk,bulk_shared,cell_embeddings_before_pool.pt,pooled_before_cci,abmil_hc_cell_ext_embed_gated_8_pdl__hp_lr0p0001_att256_do0_pdl0p5_pdlimplnew_pdlprojidentity_pdlprojl2_wd0p0001_selauprc_cw1__emb_esm,val_auprc_macro_mean,0.81063857918707927,0.0001,0.0001,512,300,50,42,6,5,0,8.0,256.0,0.0,0.0,linear,True,0.5,identity,2.0,new
therapeutic_target,held_out,therapeutic_target_efo_1001207,Systolic heart failure,s2gae_phuber_uni,ProtScape (pHuber),HCCTassignmentglobalsplit_ESM2symmetricPPI_attention128_s2gae_dm_mr05_dc512_dl2_do00_MG_bulk__lr001_ep300_phubertau100_ACM_RandomWalkconcat_H512L3_dropout04_regCTassignment1_unil000005_unit20_unid0,HCCTassignmentglobalsplit_ESM2symmetricPPI_attention128_s2gae_dm_mr05_dc512_dl2_do00_MG_bulk__lr001_ep300_phubertau100_ACM_RandomWalkconcat_H512L3_dropout04_regCTassignment1_unil000005_unit20_unid0,lr_hc_cell,Mean-pool LR Contextual instances,lr_hc_cell,linear,esm,bulk,bulk_shared,cell_embeddings_before_pool.pt,pooled_before_cci,lr_hc_cell__hp_lr0p0001_wd0p0001_selauprc_cw1__emb_esm,val_auprc_macro_mean,0.87070190228407451,0.0001,0.0001,512,300,50,42,6,5,0,,,,,linear,True,,,,
therapeutic_target,held_out,therapeutic_target_efo_1001207,Systolic heart failure,s2gae_phuber_uni,ProtScape (pHuber),HCCTassignmentglobalsplit_ESM2symmetricPPI_attention128_s2gae_dm_mr05_dc512_dl2_do00_MG_bulk__lr001_ep300_phubertau100_ACM_RandomWalkconcat_H512L3_dropout04_regCTassignment1_unil000005_unit20_unid0,HCCTassignmentglobalsplit_ESM2symmetricPPI_attention128_s2gae_dm_mr05_dc512_dl2_do00_MG_bulk__lr001_ep300_phubertau100_ACM_RandomWalkconcat_H512L3_dropout04_regCTassignment1_unil000005_unit20_unid0,lr_hc_cell_esm,Mean-pool LR Contextual + ESM2,lr_hc_cell_ext_embed,linear,esm,bulk,bulk_shared,cell_embeddings_before_pool.pt,pooled_before_cci,lr_hc_cell_ext_embed__hp_lr0p0001_wd0p0001_selauprc_cw1__emb_esm,val_auprc_macro_mean,0.86816527004002919,0.0001,0.0001,512,300,50,42,6,5,0,,,,,linear,True,,,,
therapeutic_target,held_out,therapeutic_target_efo_1001207,Systolic heart failure,s2gae_phuber_uni,ProtScape (pHuber),HCCTassignmentglobalsplit_ESM2symmetricPPI_attention128_s2gae_dm_mr05_dc512_dl2_do00_MG_bulk__lr001_ep300_phubertau100_ACM_RandomWalkconcat_H512L3_dropout04_regCTassignment1_unil000005_unit20_unid0,HCCTassignmentglobalsplit_ESM2symmetricPPI_attention128_s2gae_dm_mr05_dc512_dl2_do00_MG_bulk__lr001_ep300_phubertau100_ACM_RandomWalkconcat_H512L3_dropout04_regCTassignment1_unil000005_unit20_unid0,abmil8_pdl_id2_dropout,ABMIL-PDL Contextual + ESM2,abmil_hc_cell_ext_embed_gated_8_pdl,abmil,esm,bulk,bulk_shared,cell_embeddings_before_pool.pt,pooled_before_cci,abmil_hc_cell_ext_embed_gated_8_pdl__hp_lr0p0001_att256_do0_pdl0p3_pdlimplnew_pdlprojidentity_pdlprojl2_wd0p0001_selauprc_cw1__emb_esm,val_auprc_macro_mean,0.90070308606677263,0.0001,0.0001,512,300,50,42,6,5,0,8.0,256.0,0.0,0.0,linear,True,0.3,identity,2.0,new
therapeutic_target,held_out,therapeutic_target_efo_1001207,Systolic heart failure,s2gae_l1_uni,ProtScape (L1),HCCTassignmentglobalsplit_ESM2symmetricPPI_attention128_s2gae_dm_mr05_dc512_dl2_do00_MG_bulk__lr001_ep300_l1_ACM_RandomWalkconcat_H512L3_regCTassignment1_unil000005_unit20_unid0,HCCTassignmentglobalsplit_ESM2symmetricPPI_attention128_s2gae_dm_mr05_dc512_dl2_do00_MG_bulk__lr001_ep300_l1_ACM_RandomWalkconcat_H512L3_regCTassignment1_unil000005_unit20_unid0,lr_hc_cell,Mean-pool LR Contextual instances,lr_hc_cell,linear,esm,bulk,bulk_shared,cell_embeddings_before_pool.pt,pooled_before_cci,lr_hc_cell__hp_lr0p0001_wd0p0001_selauprc_cw1__emb_esm,val_auprc_macro_mean,0.83746780189151049,0.0001,0.0001,512,300,50,42,6,5,0,,,,,linear,True,,,,
therapeutic_target,held_out,therapeutic_target_efo_1001207,Systolic heart failure,s2gae_l1_uni,ProtScape (L1),HCCTassignmentglobalsplit_ESM2symmetricPPI_attention128_s2gae_dm_mr05_dc512_dl2_do00_MG_bulk__lr001_ep300_l1_ACM_RandomWalkconcat_H512L3_regCTassignment1_unil000005_unit20_unid0,HCCTassignmentglobalsplit_ESM2symmetricPPI_attention128_s2gae_dm_mr05_dc512_dl2_do00_MG_bulk__lr001_ep300_l1_ACM_RandomWalkconcat_H512L3_regCTassignment1_unil000005_unit20_unid0,lr_hc_cell_esm,Mean-pool LR Contextual + ESM2,lr_hc_cell_ext_embed,linear,esm,bulk,bulk_shared,cell_embeddings_before_pool.pt,pooled_before_cci,lr_hc_cell_ext_embed__hp_lr0p0001_wd0p0001_selauprc_cw1__emb_esm,val_auprc_macro_mean,0.82399391435254565,0.0001,0.0001,512,300,50,42,6,5,0,,,,,linear,True,,,,
therapeutic_target,held_out,therapeutic_target_efo_1001207,Systolic heart failure,s2gae_l1_uni,ProtScape (L1),HCCTassignmentglobalsplit_ESM2symmetricPPI_attention128_s2gae_dm_mr05_dc512_dl2_do00_MG_bulk__lr001_ep300_l1_ACM_RandomWalkconcat_H512L3_regCTassignment1_unil000005_unit20_unid0,HCCTassignmentglobalsplit_ESM2symmetricPPI_attention128_s2gae_dm_mr05_dc512_dl2_do00_MG_bulk__lr001_ep300_l1_ACM_RandomWalkconcat_H512L3_regCTassignment1_unil000005_unit20_unid0,abmil8_pdl_id2_dropout,ABMIL-PDL Contextual + ESM2,abmil_hc_cell_ext_embed_gated_8_pdl,abmil,esm,bulk,bulk_shared,cell_embeddings_before_pool.pt,pooled_before_cci,abmil_hc_cell_ext_embed_gated_8_pdl__hp_lr0p0001_att256_do0_pdl0p4_pdlimplnew_pdlprojidentity_pdlprojl2_wd0p0001_selauprc_cw1__emb_esm,val_auprc_macro_mean,0.86091653121660183,0.0001,0.0001,512,300,50,42,6,5,0,8.0,256.0,0.0,0.0,linear,True,0.4,identity,2.0,new
therapeutic_target,held_out,therapeutic_target_efo_0000571,Lung adenocarcinoma,s2gae_phuber_uni,ProtScape (pHuber),HCCTassignmentglobalsplit_ESM2symmetricPPI_attention128_s2gae_dm_mr05_dc512_dl2_do00_MG_bulk__lr001_ep300_phubertau100_ACM_RandomWalkconcat_H512L3_dropout04_regCTassignment1_unil000005_unit20_unid0,HCCTassignmentglobalsplit_ESM2symmetricPPI_attention128_s2gae_dm_mr05_dc512_dl2_do00_MG_bulk__lr001_ep300_phubertau100_ACM_RandomWalkconcat_H512L3_dropout04_regCTassignment1_unil000005_unit20_unid0,lr_hc_cell,Mean-pool LR Contextual instances,lr_hc_cell,linear,esm,bulk,bulk_shared,cell_embeddings_before_pool.pt,pooled_before_cci,lr_hc_cell__hp_lr0p0001_wd0p0001_selauprc_cw1__emb_esm,val_auprc_macro_mean,0.64696698074494685,0.0001,0.0001,512,300,50,42,6,5,0,,,,,linear,True,,,,
therapeutic_target,held_out,therapeutic_target_efo_0000571,Lung adenocarcinoma,s2gae_phuber_uni,ProtScape (pHuber),HCCTassignmentglobalsplit_ESM2symmetricPPI_attention128_s2gae_dm_mr05_dc512_dl2_do00_MG_bulk__lr001_ep300_phubertau100_ACM_RandomWalkconcat_H512L3_dropout04_regCTassignment1_unil000005_unit20_unid0,HCCTassignmentglobalsplit_ESM2symmetricPPI_attention128_s2gae_dm_mr05_dc512_dl2_do00_MG_bulk__lr001_ep300_phubertau100_ACM_RandomWalkconcat_H512L3_dropout04_regCTassignment1_unil000005_unit20_unid0,lr_hc_cell_esm,Mean-pool LR Contextual + ESM2,lr_hc_cell_ext_embed,linear,esm,bulk,bulk_shared,cell_embeddings_before_pool.pt,pooled_before_cci,lr_hc_cell_ext_embed__hp_lr0p0001_wd0p0001_selauprc_cw1__emb_esm,val_auprc_macro_mean,0.71082439497925098,0.0001,0.0001,512,300,50,42,6,5,0,,,,,linear,True,,,,
therapeutic_target,held_out,therapeutic_target_efo_0000571,Lung adenocarcinoma,s2gae_phuber_uni,ProtScape (pHuber),HCCTassignmentglobalsplit_ESM2symmetricPPI_attention128_s2gae_dm_mr05_dc512_dl2_do00_MG_bulk__lr001_ep300_phubertau100_ACM_RandomWalkconcat_H512L3_dropout04_regCTassignment1_unil000005_unit20_unid0,HCCTassignmentglobalsplit_ESM2symmetricPPI_attention128_s2gae_dm_mr05_dc512_dl2_do00_MG_bulk__lr001_ep300_phubertau100_ACM_RandomWalkconcat_H512L3_dropout04_regCTassignment1_unil000005_unit20_unid0,abmil8_pdl_id2_dropout,ABMIL-PDL Contextual + ESM2,abmil_hc_cell_ext_embed_gated_8_pdl,abmil,esm,bulk,bulk_shared,cell_embeddings_before_pool.pt,pooled_before_cci,abmil_hc_cell_ext_embed_gated_8_pdl__hp_lr0p0001_att256_do0_pdl0p6_pdlimplnew_pdlprojidentity_pdlprojl2_wd0p0001_selauprc_cw1__emb_esm,val_auprc_macro_mean,0.79964609423180355,0.0001,0.0001,512,300,50,42,6,5,0,8.0,256.0,0.0,0.0,linear,True,0.6,identity,2.0,new
therapeutic_target,held_out,therapeutic_target_efo_0000571,Lung adenocarcinoma,s2gae_l1_uni,ProtScape (L1),HCCTassignmentglobalsplit_ESM2symmetricPPI_attention128_s2gae_dm_mr05_dc512_dl2_do00_MG_bulk__lr001_ep300_l1_ACM_RandomWalkconcat_H512L3_regCTassignment1_unil000005_unit20_unid0,HCCTassignmentglobalsplit_ESM2symmetricPPI_attention128_s2gae_dm_mr05_dc512_dl2_do00_MG_bulk__lr001_ep300_l1_ACM_RandomWalkconcat_H512L3_regCTassignment1_unil000005_unit20_unid0,lr_hc_cell,Mean-pool LR Contextual instances,lr_hc_cell,linear,esm,bulk,bulk_shared,cell_embeddings_before_pool.pt,pooled_before_cci,lr_hc_cell__hp_lr0p0001_wd0p0001_selauprc_cw1__emb_esm,val_auprc_macro_mean,0.63392960784273644,0.0001,0.0001,512,300,50,42,6,5,0,,,,,linear,True,,,,
therapeutic_target,held_out,therapeutic_target_efo_0000571,Lung adenocarcinoma,s2gae_l1_uni,ProtScape (L1),HCCTassignmentglobalsplit_ESM2symmetricPPI_attention128_s2gae_dm_mr05_dc512_dl2_do00_MG_bulk__lr001_ep300_l1_ACM_RandomWalkconcat_H512L3_regCTassignment1_unil000005_unit20_unid0,HCCTassignmentglobalsplit_ESM2symmetricPPI_attention128_s2gae_dm_mr05_dc512_dl2_do00_MG_bulk__lr001_ep300_l1_ACM_RandomWalkconcat_H512L3_regCTassignment1_unil000005_unit20_unid0,lr_hc_cell_esm,Mean-pool LR Contextual + ESM2,lr_hc_cell_ext_embed,linear,esm,bulk,bulk_shared,cell_embeddings_before_pool.pt,pooled_before_cci,lr_hc_cell_ext_embed__hp_lr0p0001_wd0p0001_selauprc_cw1__emb_esm,val_auprc_macro_mean,0.65710614667824774,0.0001,0.0001,512,300,50,42,6,5,0,,,,,linear,True,,,,
therapeutic_target,held_out,therapeutic_target_efo_0000571,Lung adenocarcinoma,s2gae_l1_uni,ProtScape (L1),HCCTassignmentglobalsplit_ESM2symmetricPPI_attention128_s2gae_dm_mr05_dc512_dl2_do00_MG_bulk__lr001_ep300_l1_ACM_RandomWalkconcat_H512L3_regCTassignment1_unil000005_unit20_unid0,HCCTassignmentglobalsplit_ESM2symmetricPPI_attention128_s2gae_dm_mr05_dc512_dl2_do00_MG_bulk__lr001_ep300_l1_ACM_RandomWalkconcat_H512L3_regCTassignment1_unil000005_unit20_unid0,abmil8_pdl_id2_dropout,ABMIL-PDL Contextual + ESM2,abmil_hc_cell_ext_embed_gated_8_pdl,abmil,esm,bulk,bulk_shared,cell_embeddings_before_pool.pt,pooled_before_cci,abmil_hc_cell_ext_embed_gated_8_pdl__hp_lr0p0001_att256_do0_pdl0p2_pdlimplnew_pdlprojidentity_pdlprojl2_wd0p0001_selauprc_cw1__emb_esm,val_auprc_macro_mean,0.70507261365902352,0.0001,0.0001,512,300,50,42,6,5,0,8.0,256.0,0.0,0.0,linear,True,0.2,identity,2.0,new
therapeutic_target,held_out,therapeutic_target_efo_0000676,Psoriasis,s2gae_phuber_uni,ProtScape (pHuber),HCCTassignmentglobalsplit_ESM2symmetricPPI_attention128_s2gae_dm_mr05_dc512_dl2_do00_MG_bulk__lr001_ep300_phubertau100_ACM_RandomWalkconcat_H512L3_dropout04_regCTassignment1_unil000005_unit20_unid0,HCCTassignmentglobalsplit_ESM2symmetricPPI_attention128_s2gae_dm_mr05_dc512_dl2_do00_MG_bulk__lr001_ep300_phubertau100_ACM_RandomWalkconcat_H512L3_dropout04_regCTassignment1_unil000005_unit20_unid0,lr_hc_cell,Mean-pool LR Contextual instances,lr_hc_cell,linear,esm,bulk,bulk_shared,cell_embeddings_before_pool.pt,pooled_before_cci,lr_hc_cell__hp_lr0p0001_wd0p0001_selauprc_cw1__emb_esm,val_auprc_macro_mean,0.66875224476578676,0.0001,0.0001,512,300,50,42,6,5,0,,,,,linear,True,,,,
therapeutic_target,held_out,therapeutic_target_efo_0000676,Psoriasis,s2gae_phuber_uni,ProtScape (pHuber),HCCTassignmentglobalsplit_ESM2symmetricPPI_attention128_s2gae_dm_mr05_dc512_dl2_do00_MG_bulk__lr001_ep300_phubertau100_ACM_RandomWalkconcat_H512L3_dropout04_regCTassignment1_unil000005_unit20_unid0,HCCTassignmentglobalsplit_ESM2symmetricPPI_attention128_s2gae_dm_mr05_dc512_dl2_do00_MG_bulk__lr001_ep300_phubertau100_ACM_RandomWalkconcat_H512L3_dropout04_regCTassignment1_unil000005_unit20_unid0,lr_hc_cell_esm,Mean-pool LR Contextual + ESM2,lr_hc_cell_ext_embed,linear,esm,bulk,bulk_shared,cell_embeddings_before_pool.pt,pooled_before_cci,lr_hc_cell_ext_embed__hp_lr0p0001_wd0p0001_selauprc_cw1__emb_esm,val_auprc_macro_mean,0.71514593027749462,0.0001,0.0001,512,300,50,42,6,5,0,,,,,linear,True,,,,
therapeutic_target,held_out,therapeutic_target_efo_0000676,Psoriasis,s2gae_phuber_uni,ProtScape (pHuber),HCCTassignmentglobalsplit_ESM2symmetricPPI_attention128_s2gae_dm_mr05_dc512_dl2_do00_MG_bulk__lr001_ep300_phubertau100_ACM_RandomWalkconcat_H512L3_dropout04_regCTassignment1_unil000005_unit20_unid0,HCCTassignmentglobalsplit_ESM2symmetricPPI_attention128_s2gae_dm_mr05_dc512_dl2_do00_MG_bulk__lr001_ep300_phubertau100_ACM_RandomWalkconcat_H512L3_dropout04_regCTassignment1_unil000005_unit20_unid0,abmil8_pdl_id2_dropout,ABMIL-PDL Contextual + ESM2,abmil_hc_cell_ext_embed_gated_8_pdl,abmil,esm,bulk,bulk_shared,cell_embeddings_before_pool.pt,pooled_before_cci,abmil_hc_cell_ext_embed_gated_8_pdl__hp_lr0p0001_att256_do0_pdl0p6_pdlimplnew_pdlprojidentity_pdlprojl2_wd0p0001_selauprc_cw1__emb_esm,val_auprc_macro_mean,0.76538783312420211,0.0001,0.0001,512,300,50,42,6,5,0,8.0,256.0,0.0,0.0,linear,True,0.6,identity,2.0,new
therapeutic_target,held_out,therapeutic_target_efo_0000676,Psoriasis,s2gae_l1_uni,ProtScape (L1),HCCTassignmentglobalsplit_ESM2symmetricPPI_attention128_s2gae_dm_mr05_dc512_dl2_do00_MG_bulk__lr001_ep300_l1_ACM_RandomWalkconcat_H512L3_regCTassignment1_unil000005_unit20_unid0,HCCTassignmentglobalsplit_ESM2symmetricPPI_attention128_s2gae_dm_mr05_dc512_dl2_do00_MG_bulk__lr001_ep300_l1_ACM_RandomWalkconcat_H512L3_regCTassignment1_unil000005_unit20_unid0,lr_hc_cell,Mean-pool LR Contextual instances,lr_hc_cell,linear,esm,bulk,bulk_shared,cell_embeddings_before_pool.pt,pooled_before_cci,lr_hc_cell__hp_lr0p0001_wd0p0001_selauprc_cw1__emb_esm,val_auprc_macro_mean,0.67705247115326084,0.0001,0.0001,512,300,50,42,6,5,0,,,,,linear,True,,,,
therapeutic_target,held_out,therapeutic_target_efo_0000676,Psoriasis,s2gae_l1_uni,ProtScape (L1),HCCTassignmentglobalsplit_ESM2symmetricPPI_attention128_s2gae_dm_mr05_dc512_dl2_do00_MG_bulk__lr001_ep300_l1_ACM_RandomWalkconcat_H512L3_regCTassignment1_unil000005_unit20_unid0,HCCTassignmentglobalsplit_ESM2symmetricPPI_attention128_s2gae_dm_mr05_dc512_dl2_do00_MG_bulk__lr001_ep300_l1_ACM_RandomWalkconcat_H512L3_regCTassignment1_unil000005_unit20_unid0,lr_hc_cell_esm,Mean-pool LR Contextual + ESM2,lr_hc_cell_ext_embed,linear,esm,bulk,bulk_shared,cell_embeddings_before_pool.pt,pooled_before_cci,lr_hc_cell_ext_embed__hp_lr0p0001_wd0p0001_selauprc_cw1__emb_esm,val_auprc_macro_mean,0.69988550609373446,0.0001,0.0001,512,300,50,42,6,5,0,,,,,linear,True,,,,
therapeutic_target,held_out,therapeutic_target_efo_0000676,Psoriasis,s2gae_l1_uni,ProtScape (L1),HCCTassignmentglobalsplit_ESM2symmetricPPI_attention128_s2gae_dm_mr05_dc512_dl2_do00_MG_bulk__lr001_ep300_l1_ACM_RandomWalkconcat_H512L3_regCTassignment1_unil000005_unit20_unid0,HCCTassignmentglobalsplit_ESM2symmetricPPI_attention128_s2gae_dm_mr05_dc512_dl2_do00_MG_bulk__lr001_ep300_l1_ACM_RandomWalkconcat_H512L3_regCTassignment1_unil000005_unit20_unid0,abmil8_pdl_id2_dropout,ABMIL-PDL Contextual + ESM2,abmil_hc_cell_ext_embed_gated_8_pdl,abmil,esm,bulk,bulk_shared,cell_embeddings_before_pool.pt,pooled_before_cci,abmil_hc_cell_ext_embed_gated_8_pdl__hp_lr0p0001_att256_do0_pdl0p2_pdlimplnew_pdlprojidentity_pdlprojl2_wd0p0001_selauprc_cw1__emb_esm,val_auprc_macro_mean,0.74047190601357682,0.0001,0.0001,512,300,50,42,6,5,0,8.0,256.0,0.0,0.0,linear,True,0.2,identity,2.0,new
therapeutic_target,held_out,therapeutic_target_efo_0001361,Pulmonary arterial hypertension,s2gae_phuber_uni,ProtScape (pHuber),HCCTassignmentglobalsplit_ESM2symmetricPPI_attention128_s2gae_dm_mr05_dc512_dl2_do00_MG_bulk__lr001_ep300_phubertau100_ACM_RandomWalkconcat_H512L3_dropout04_regCTassignment1_unil000005_unit20_unid0,HCCTassignmentglobalsplit_ESM2symmetricPPI_attention128_s2gae_dm_mr05_dc512_dl2_do00_MG_bulk__lr001_ep300_phubertau100_ACM_RandomWalkconcat_H512L3_dropout04_regCTassignment1_unil000005_unit20_unid0,lr_hc_cell,Mean-pool LR Contextual instances,lr_hc_cell,linear,esm,bulk,bulk_shared,cell_embeddings_before_pool.pt,pooled_before_cci,lr_hc_cell__hp_lr0p0001_wd0p0001_selauprc_cw1__emb_esm,val_auprc_macro_mean,0.46445984391053169,0.0001,0.0001,512,300,50,42,6,5,0,,,,,linear,True,,,,
therapeutic_target,held_out,therapeutic_target_efo_0001361,Pulmonary arterial hypertension,s2gae_phuber_uni,ProtScape (pHuber),HCCTassignmentglobalsplit_ESM2symmetricPPI_attention128_s2gae_dm_mr05_dc512_dl2_do00_MG_bulk__lr001_ep300_phubertau100_ACM_RandomWalkconcat_H512L3_dropout04_regCTassignment1_unil000005_unit20_unid0,HCCTassignmentglobalsplit_ESM2symmetricPPI_attention128_s2gae_dm_mr05_dc512_dl2_do00_MG_bulk__lr001_ep300_phubertau100_ACM_RandomWalkconcat_H512L3_dropout04_regCTassignment1_unil000005_unit20_unid0,lr_hc_cell_esm,Mean-pool LR Contextual + ESM2,lr_hc_cell_ext_embed,linear,esm,bulk,bulk_shared,cell_embeddings_before_pool.pt,pooled_before_cci,lr_hc_cell_ext_embed__hp_lr0p0001_wd0p0001_selauprc_cw1__emb_esm,val_auprc_macro_mean,0.59149665828862252,0.0001,0.0001,512,300,50,42,6,5,0,,,,,linear,True,,,,
therapeutic_target,held_out,therapeutic_target_efo_0001361,Pulmonary arterial hypertension,s2gae_phuber_uni,ProtScape (pHuber),HCCTassignmentglobalsplit_ESM2symmetricPPI_attention128_s2gae_dm_mr05_dc512_dl2_do00_MG_bulk__lr001_ep300_phubertau100_ACM_RandomWalkconcat_H512L3_dropout04_regCTassignment1_unil000005_unit20_unid0,HCCTassignmentglobalsplit_ESM2symmetricPPI_attention128_s2gae_dm_mr05_dc512_dl2_do00_MG_bulk__lr001_ep300_phubertau100_ACM_RandomWalkconcat_H512L3_dropout04_regCTassignment1_unil000005_unit20_unid0,abmil8_pdl_id2_dropout,ABMIL-PDL Contextual + ESM2,abmil_hc_cell_ext_embed_gated_8_pdl,abmil,esm,bulk,bulk_shared,cell_embeddings_before_pool.pt,pooled_before_cci,abmil_hc_cell_ext_embed_gated_8_pdl__hp_lr0p0001_att256_do0_pdl0p7_pdlimplnew_pdlprojidentity_pdlprojl2_wd0p0001_selauprc_cw1__emb_esm,val_auprc_macro_mean,0.57726229037902621,0.0001,0.0001,512,300,50,42,6,5,0,8.0,256.0,0.0,0.0,linear,True,0.7,identity,2.0,new
therapeutic_target,held_out,therapeutic_target_efo_0001361,Pulmonary arterial hypertension,s2gae_l1_uni,ProtScape (L1),HCCTassignmentglobalsplit_ESM2symmetricPPI_attention128_s2gae_dm_mr05_dc512_dl2_do00_MG_bulk__lr001_ep300_l1_ACM_RandomWalkconcat_H512L3_regCTassignment1_unil000005_unit20_unid0,HCCTassignmentglobalsplit_ESM2symmetricPPI_attention128_s2gae_dm_mr05_dc512_dl2_do00_MG_bulk__lr001_ep300_l1_ACM_RandomWalkconcat_H512L3_regCTassignment1_unil000005_unit20_unid0,lr_hc_cell,Mean-pool LR Contextual instances,lr_hc_cell,linear,esm,bulk,bulk_shared,cell_embeddings_before_pool.pt,pooled_before_cci,lr_hc_cell__hp_lr0p0001_wd0p0001_selauprc_cw1__emb_esm,val_auprc_macro_mean,0.46594132640050712,0.0001,0.0001,512,300,50,42,6,5,0,,,,,linear,True,,,,
therapeutic_target,held_out,therapeutic_target_efo_0001361,Pulmonary arterial hypertension,s2gae_l1_uni,ProtScape (L1),HCCTassignmentglobalsplit_ESM2symmetricPPI_attention128_s2gae_dm_mr05_dc512_dl2_do00_MG_bulk__lr001_ep300_l1_ACM_RandomWalkconcat_H512L3_regCTassignment1_unil000005_unit20_unid0,HCCTassignmentglobalsplit_ESM2symmetricPPI_attention128_s2gae_dm_mr05_dc512_dl2_do00_MG_bulk__lr001_ep300_l1_ACM_RandomWalkconcat_H512L3_regCTassignment1_unil000005_unit20_unid0,lr_hc_cell_esm,Mean-pool LR Contextual + ESM2,lr_hc_cell_ext_embed,linear,esm,bulk,bulk_shared,cell_embeddings_before_pool.pt,pooled_before_cci,lr_hc_cell_ext_embed__hp_lr0p0001_wd0p0001_selauprc_cw1__emb_esm,val_auprc_macro_mean,0.56395253437008597,0.0001,0.0001,512,300,50,42,6,5,0,,,,,linear,True,,,,
therapeutic_target,held_out,therapeutic_target_efo_0001361,Pulmonary arterial hypertension,s2gae_l1_uni,ProtScape (L1),HCCTassignmentglobalsplit_ESM2symmetricPPI_attention128_s2gae_dm_mr05_dc512_dl2_do00_MG_bulk__lr001_ep300_l1_ACM_RandomWalkconcat_H512L3_regCTassignment1_unil000005_unit20_unid0,HCCTassignmentglobalsplit_ESM2symmetricPPI_attention128_s2gae_dm_mr05_dc512_dl2_do00_MG_bulk__lr001_ep300_l1_ACM_RandomWalkconcat_H512L3_regCTassignment1_unil000005_unit20_unid0,abmil8_pdl_id2_dropout,ABMIL-PDL Contextual + ESM2,abmil_hc_cell_ext_embed_gated_8_pdl,abmil,esm,bulk,bulk_shared,cell_embeddings_before_pool.pt,pooled_before_cci,abmil_hc_cell_ext_embed_gated_8_pdl__hp_lr0p0001_att256_do0_pdl0p2_pdlimplnew_pdlprojidentity_pdlprojl2_wd0p0001_selauprc_cw1__emb_esm,val_auprc_macro_mean,0.5884486808522047,0.0001,0.0001,512,300,50,42,6,5,0,8.0,256.0,0.0,0.0,linear,True,0.2,identity,2.0,new
therapeutic_target,held_out,therapeutic_target_mondo_0005148,Type 2 diabetes,s2gae_phuber_uni,ProtScape (pHuber),HCCTassignmentglobalsplit_ESM2symmetricPPI_attention128_s2gae_dm_mr05_dc512_dl2_do00_MG_bulk__lr001_ep300_phubertau100_ACM_RandomWalkconcat_H512L3_dropout04_regCTassignment1_unil000005_unit20_unid0,HCCTassignmentglobalsplit_ESM2symmetricPPI_attention128_s2gae_dm_mr05_dc512_dl2_do00_MG_bulk__lr001_ep300_phubertau100_ACM_RandomWalkconcat_H512L3_dropout04_regCTassignment1_unil000005_unit20_unid0,lr_hc_cell,Mean-pool LR Contextual instances,lr_hc_cell,linear,esm,bulk,bulk_shared,cell_embeddings_before_pool.pt,pooled_before_cci,lr_hc_cell__hp_lr0p0001_wd0p0001_selauprc_cw1__emb_esm,val_auprc_macro_mean,0.67456046966990946,0.0001,0.0001,512,300,50,42,6,5,0,,,,,linear,True,,,,
therapeutic_target,held_out,therapeutic_target_mondo_0005148,Type 2 diabetes,s2gae_phuber_uni,ProtScape (pHuber),HCCTassignmentglobalsplit_ESM2symmetricPPI_attention128_s2gae_dm_mr05_dc512_dl2_do00_MG_bulk__lr001_ep300_phubertau100_ACM_RandomWalkconcat_H512L3_dropout04_regCTassignment1_unil000005_unit20_unid0,HCCTassignmentglobalsplit_ESM2symmetricPPI_attention128_s2gae_dm_mr05_dc512_dl2_do00_MG_bulk__lr001_ep300_phubertau100_ACM_RandomWalkconcat_H512L3_dropout04_regCTassignment1_unil000005_unit20_unid0,lr_hc_cell_esm,Mean-pool LR Contextual + ESM2,lr_hc_cell_ext_embed,linear,esm,bulk,bulk_shared,cell_embeddings_before_pool.pt,pooled_before_cci,lr_hc_cell_ext_embed__hp_lr0p0001_wd0p0001_selauprc_cw1__emb_esm,val_auprc_macro_mean,0.72711591968441858,0.0001,0.0001,512,300,50,42,6,5,0,,,,,linear,True,,,,
therapeutic_target,held_out,therapeutic_target_mondo_0005148,Type 2 diabetes,s2gae_phuber_uni,ProtScape (pHuber),HCCTassignmentglobalsplit_ESM2symmetricPPI_attention128_s2gae_dm_mr05_dc512_dl2_do00_MG_bulk__lr001_ep300_phubertau100_ACM_RandomWalkconcat_H512L3_dropout04_regCTassignment1_unil000005_unit20_unid0,HCCTassignmentglobalsplit_ESM2symmetricPPI_attention128_s2gae_dm_mr05_dc512_dl2_do00_MG_bulk__lr001_ep300_phubertau100_ACM_RandomWalkconcat_H512L3_dropout04_regCTassignment1_unil000005_unit20_unid0,abmil8_pdl_id2_dropout,ABMIL-PDL Contextual + ESM2,abmil_hc_cell_ext_embed_gated_8_pdl,abmil,esm,bulk,bulk_shared,cell_embeddings_before_pool.pt,pooled_before_cci,abmil_hc_cell_ext_embed_gated_8_pdl__hp_lr0p0001_att256_do0_pdl0p7_pdlimplnew_pdlprojidentity_pdlprojl2_wd0p0001_selauprc_cw1__emb_esm,val_auprc_macro_mean,0.78485428531832047,0.0001,0.0001,512,300,50,42,6,5,0,8.0,256.0,0.0,0.0,linear,True,0.7,identity,2.0,new
therapeutic_target,held_out,therapeutic_target_mondo_0005148,Type 2 diabetes,s2gae_l1_uni,ProtScape (L1),HCCTassignmentglobalsplit_ESM2symmetricPPI_attention128_s2gae_dm_mr05_dc512_dl2_do00_MG_bulk__lr001_ep300_l1_ACM_RandomWalkconcat_H512L3_regCTassignment1_unil000005_unit20_unid0,HCCTassignmentglobalsplit_ESM2symmetricPPI_attention128_s2gae_dm_mr05_dc512_dl2_do00_MG_bulk__lr001_ep300_l1_ACM_RandomWalkconcat_H512L3_regCTassignment1_unil000005_unit20_unid0,lr_hc_cell,Mean-pool LR Contextual instances,lr_hc_cell,linear,esm,bulk,bulk_shared,cell_embeddings_before_pool.pt,pooled_before_cci,lr_hc_cell__hp_lr0p0001_wd0p0001_selauprc_cw1__emb_esm,val_auprc_macro_mean,0.629064100190171,0.0001,0.0001,512,300,50,42,6,5,0,,,,,linear,True,,,,
therapeutic_target,held_out,therapeutic_target_mondo_0005148,Type 2 diabetes,s2gae_l1_uni,ProtScape (L1),HCCTassignmentglobalsplit_ESM2symmetricPPI_attention128_s2gae_dm_mr05_dc512_dl2_do00_MG_bulk__lr001_ep300_l1_ACM_RandomWalkconcat_H512L3_regCTassignment1_unil000005_unit20_unid0,HCCTassignmentglobalsplit_ESM2symmetricPPI_attention128_s2gae_dm_mr05_dc512_dl2_do00_MG_bulk__lr001_ep300_l1_ACM_RandomWalkconcat_H512L3_regCTassignment1_unil000005_unit20_unid0,lr_hc_cell_esm,Mean-pool LR Contextual + ESM2,lr_hc_cell_ext_embed,linear,esm,bulk,bulk_shared,cell_embeddings_before_pool.pt,pooled_before_cci,lr_hc_cell_ext_embed__hp_lr0p0001_wd0p0001_selauprc_cw1__emb_esm,val_auprc_macro_mean,0.69754672369384363,0.0001,0.0001,512,300,50,42,6,5,0,,,,,linear,True,,,,
therapeutic_target,held_out,therapeutic_target_mondo_0005148,Type 2 diabetes,s2gae_l1_uni,ProtScape (L1),HCCTassignmentglobalsplit_ESM2symmetricPPI_attention128_s2gae_dm_mr05_dc512_dl2_do00_MG_bulk__lr001_ep300_l1_ACM_RandomWalkconcat_H512L3_regCTassignment1_unil000005_unit20_unid0,HCCTassignmentglobalsplit_ESM2symmetricPPI_attention128_s2gae_dm_mr05_dc512_dl2_do00_MG_bulk__lr001_ep300_l1_ACM_RandomWalkconcat_H512L3_regCTassignment1_unil000005_unit20_unid0,abmil8_pdl_id2_dropout,ABMIL-PDL Contextual + ESM2,abmil_hc_cell_ext_embed_gated_8_pdl,abmil,esm,bulk,bulk_shared,cell_embeddings_before_pool.pt,pooled_before_cci,abmil_hc_cell_ext_embed_gated_8_pdl__hp_lr0p0001_att256_do0_pdl0p4_pdlimplnew_pdlprojidentity_pdlprojl2_wd0p0001_selauprc_cw1__emb_esm,val_auprc_macro_mean,0.73448157003467351,0.0001,0.0001,512,300,50,42,6,5,0,8.0,256.0,0.0,0.0,linear,True,0.4,identity,2.0,new
therapeutic_target,held_out,therapeutic_target_mondo_0007915,Systemic lupus erythematosus,s2gae_phuber_uni,ProtScape (pHuber),HCCTassignmentglobalsplit_ESM2symmetricPPI_attention128_s2gae_dm_mr05_dc512_dl2_do00_MG_bulk__lr001_ep300_phubertau100_ACM_RandomWalkconcat_H512L3_dropout04_regCTassignment1_unil000005_unit20_unid0,HCCTassignmentglobalsplit_ESM2symmetricPPI_attention128_s2gae_dm_mr05_dc512_dl2_do00_MG_bulk__lr001_ep300_phubertau100_ACM_RandomWalkconcat_H512L3_dropout04_regCTassignment1_unil000005_unit20_unid0,lr_hc_cell,Mean-pool LR Contextual instances,lr_hc_cell,linear,esm,bulk,bulk_shared,cell_embeddings_before_pool.pt,pooled_before_cci,lr_hc_cell__hp_lr0p0001_wd0p0001_selauprc_cw1__emb_esm,val_auprc_macro_mean,0.67329456535576404,0.0001,0.0001,512,300,50,42,6,5,0,,,,,linear,True,,,,
therapeutic_target,held_out,therapeutic_target_mondo_0007915,Systemic lupus erythematosus,s2gae_phuber_uni,ProtScape (pHuber),HCCTassignmentglobalsplit_ESM2symmetricPPI_attention128_s2gae_dm_mr05_dc512_dl2_do00_MG_bulk__lr001_ep300_phubertau100_ACM_RandomWalkconcat_H512L3_dropout04_regCTassignment1_unil000005_unit20_unid0,HCCTassignmentglobalsplit_ESM2symmetricPPI_attention128_s2gae_dm_mr05_dc512_dl2_do00_MG_bulk__lr001_ep300_phubertau100_ACM_RandomWalkconcat_H512L3_dropout04_regCTassignment1_unil000005_unit20_unid0,lr_hc_cell_esm,Mean-pool LR Contextual + ESM2,lr_hc_cell_ext_embed,linear,esm,bulk,bulk_shared,cell_embeddings_before_pool.pt,pooled_before_cci,lr_hc_cell_ext_embed__hp_lr0p0001_wd0p0001_selauprc_cw1__emb_esm,val_auprc_macro_mean,0.66848732406608102,0.0001,0.0001,512,300,50,42,6,5,0,,,,,linear,True,,,,
therapeutic_target,held_out,therapeutic_target_mondo_0007915,Systemic lupus erythematosus,s2gae_phuber_uni,ProtScape (pHuber),HCCTassignmentglobalsplit_ESM2symmetricPPI_attention128_s2gae_dm_mr05_dc512_dl2_do00_MG_bulk__lr001_ep300_phubertau100_ACM_RandomWalkconcat_H512L3_dropout04_regCTassignment1_unil000005_unit20_unid0,HCCTassignmentglobalsplit_ESM2symmetricPPI_attention128_s2gae_dm_mr05_dc512_dl2_do00_MG_bulk__lr001_ep300_phubertau100_ACM_RandomWalkconcat_H512L3_dropout04_regCTassignment1_unil000005_unit20_unid0,abmil8_pdl_id2_dropout,ABMIL-PDL Contextual + ESM2,abmil_hc_cell_ext_embed_gated_8_pdl,abmil,esm,bulk,bulk_shared,cell_embeddings_before_pool.pt,pooled_before_cci,abmil_hc_cell_ext_embed_gated_8_pdl__hp_lr0p0001_att256_do0_pdl0p6_pdlimplnew_pdlprojidentity_pdlprojl2_wd0p0001_selauprc_cw1__emb_esm,val_auprc_macro_mean,0.71833797916484421,0.0001,0.0001,512,300,50,42,6,5,0,8.0,256.0,0.0,0.0,linear,True,0.6,identity,2.0,new
therapeutic_target,held_out,therapeutic_target_mondo_0007915,Systemic lupus erythematosus,s2gae_l1_uni,ProtScape (L1),HCCTassignmentglobalsplit_ESM2symmetricPPI_attention128_s2gae_dm_mr05_dc512_dl2_do00_MG_bulk__lr001_ep300_l1_ACM_RandomWalkconcat_H512L3_regCTassignment1_unil000005_unit20_unid0,HCCTassignmentglobalsplit_ESM2symmetricPPI_attention128_s2gae_dm_mr05_dc512_dl2_do00_MG_bulk__lr001_ep300_l1_ACM_RandomWalkconcat_H512L3_regCTassignment1_unil000005_unit20_unid0,lr_hc_cell,Mean-pool LR Contextual instances,lr_hc_cell,linear,esm,bulk,bulk_shared,cell_embeddings_before_pool.pt,pooled_before_cci,lr_hc_cell__hp_lr0p0001_wd0p0001_selauprc_cw1__emb_esm,val_auprc_macro_mean,0.63012933542386929,0.0001,0.0001,512,300,50,42,6,5,0,,,,,linear,True,,,,
therapeutic_target,held_out,therapeutic_target_mondo_0007915,Systemic lupus erythematosus,s2gae_l1_uni,ProtScape (L1),HCCTassignmentglobalsplit_ESM2symmetricPPI_attention128_s2gae_dm_mr05_dc512_dl2_do00_MG_bulk__lr001_ep300_l1_ACM_RandomWalkconcat_H512L3_regCTassignment1_unil000005_unit20_unid0,HCCTassignmentglobalsplit_ESM2symmetricPPI_attention128_s2gae_dm_mr05_dc512_dl2_do00_MG_bulk__lr001_ep300_l1_ACM_RandomWalkconcat_H512L3_regCTassignment1_unil000005_unit20_unid0,lr_hc_cell_esm,Mean-pool LR Contextual + ESM2,lr_hc_cell_ext_embed,linear,esm,bulk,bulk_shared,cell_embeddings_before_pool.pt,pooled_before_cci,lr_hc_cell_ext_embed__hp_lr0p0001_wd0p0001_selauprc_cw1__emb_esm,val_auprc_macro_mean,0.64622122221058265,0.0001,0.0001,512,300,50,42,6,5,0,,,,,linear,True,,,,
therapeutic_target,held_out,therapeutic_target_mondo_0007915,Systemic lupus erythematosus,s2gae_l1_uni,ProtScape (L1),HCCTassignmentglobalsplit_ESM2symmetricPPI_attention128_s2gae_dm_mr05_dc512_dl2_do00_MG_bulk__lr001_ep300_l1_ACM_RandomWalkconcat_H512L3_regCTassignment1_unil000005_unit20_unid0,HCCTassignmentglobalsplit_ESM2symmetricPPI_attention128_s2gae_dm_mr05_dc512_dl2_do00_MG_bulk__lr001_ep300_l1_ACM_RandomWalkconcat_H512L3_regCTassignment1_unil000005_unit20_unid0,abmil8_pdl_id2_dropout,ABMIL-PDL Contextual + ESM2,abmil_hc_cell_ext_embed_gated_8_pdl,abmil,esm,bulk,bulk_shared,cell_embeddings_before_pool.pt,pooled_before_cci,abmil_hc_cell_ext_embed_gated_8_pdl__hp_lr0p0001_att256_do0_pdl0p4_pdlimplnew_pdlprojidentity_pdlprojl2_wd0p0001_selauprc_cw1__emb_esm,val_auprc_macro_mean,0.6648192032236182,0.0001,0.0001,512,300,50,42,6,5,0,8.0,256.0,0.0,0.0,linear,True,0.4,identity,2.0,new
therapeutic_target,held_out,therapeutic_target_efo_0000274,Atopic eczema,s2gae_phuber_uni,ProtScape (pHuber),HCCTassignmentglobalsplit_ESM2symmetricPPI_attention128_s2gae_dm_mr05_dc512_dl2_do00_MG_bulk__lr001_ep300_phubertau100_ACM_RandomWalkconcat_H512L3_dropout04_regCTassignment1_unil000005_unit20_unid0,HCCTassignmentglobalsplit_ESM2symmetricPPI_attention128_s2gae_dm_mr05_dc512_dl2_do00_MG_bulk__lr001_ep300_phubertau100_ACM_RandomWalkconcat_H512L3_dropout04_regCTassignment1_unil000005_unit20_unid0,lr_hc_cell,Mean-pool LR Contextual instances,lr_hc_cell,linear,esm,bulk,bulk_shared,cell_embeddings_before_pool.pt,pooled_before_cci,lr_hc_cell__hp_lr0p0001_wd0p0001_selauprc_cw1__emb_esm,val_auprc_macro_mean,0.36045877930575421,0.0001,0.0001,512,300,50,42,6,5,0,,,,,linear,True,,,,
therapeutic_target,held_out,therapeutic_target_efo_0000274,Atopic eczema,s2gae_phuber_uni,ProtScape (pHuber),HCCTassignmentglobalsplit_ESM2symmetricPPI_attention128_s2gae_dm_mr05_dc512_dl2_do00_MG_bulk__lr001_ep300_phubertau100_ACM_RandomWalkconcat_H512L3_dropout04_regCTassignment1_unil000005_unit20_unid0,HCCTassignmentglobalsplit_ESM2symmetricPPI_attention128_s2gae_dm_mr05_dc512_dl2_do00_MG_bulk__lr001_ep300_phubertau100_ACM_RandomWalkconcat_H512L3_dropout04_regCTassignment1_unil000005_unit20_unid0,lr_hc_cell_esm,Mean-pool LR Contextual + ESM2,lr_hc_cell_ext_embed,linear,esm,bulk,bulk_shared,cell_embeddings_before_pool.pt,pooled_before_cci,lr_hc_cell_ext_embed__hp_lr0p0001_wd0p0001_selauprc_cw1__emb_esm,val_auprc_macro_mean,0.52001064160195865,0.0001,0.0001,512,300,50,42,6,5,0,,,,,linear,True,,,,
therapeutic_target,held_out,therapeutic_target_efo_0000274,Atopic eczema,s2gae_phuber_uni,ProtScape (pHuber),HCCTassignmentglobalsplit_ESM2symmetricPPI_attention128_s2gae_dm_mr05_dc512_dl2_do00_MG_bulk__lr001_ep300_phubertau100_ACM_RandomWalkconcat_H512L3_dropout04_regCTassignment1_unil000005_unit20_unid0,HCCTassignmentglobalsplit_ESM2symmetricPPI_attention128_s2gae_dm_mr05_dc512_dl2_do00_MG_bulk__lr001_ep300_phubertau100_ACM_RandomWalkconcat_H512L3_dropout04_regCTassignment1_unil000005_unit20_unid0,abmil8_pdl_id2_dropout,ABMIL-PDL Contextual + ESM2,abmil_hc_cell_ext_embed_gated_8_pdl,abmil,esm,bulk,bulk_shared,cell_embeddings_before_pool.pt,pooled_before_cci,abmil_hc_cell_ext_embed_gated_8_pdl__hp_lr0p0001_att256_do0_pdl0p4_pdlimplnew_pdlprojidentity_pdlprojl2_wd0p0001_selauprc_cw1__emb_esm,val_auprc_macro_mean,0.53082561364219605,0.0001,0.0001,512,300,50,42,6,5,0,8.0,256.0,0.0,0.0,linear,True,0.4,identity,2.0,new
therapeutic_target,held_out,therapeutic_target_efo_0000274,Atopic eczema,s2gae_l1_uni,ProtScape (L1),HCCTassignmentglobalsplit_ESM2symmetricPPI_attention128_s2gae_dm_mr05_dc512_dl2_do00_MG_bulk__lr001_ep300_l1_ACM_RandomWalkconcat_H512L3_regCTassignment1_unil000005_unit20_unid0,HCCTassignmentglobalsplit_ESM2symmetricPPI_attention128_s2gae_dm_mr05_dc512_dl2_do00_MG_bulk__lr001_ep300_l1_ACM_RandomWalkconcat_H512L3_regCTassignment1_unil000005_unit20_unid0,lr_hc_cell,Mean-pool LR Contextual instances,lr_hc_cell,linear,esm,bulk,bulk_shared,cell_embeddings_before_pool.pt,pooled_before_cci,lr_hc_cell__hp_lr0p0001_wd0p0001_selauprc_cw1__emb_esm,val_auprc_macro_mean,0.42958095575162247,0.0001,0.0001,512,300,50,42,6,5,0,,,,,linear,True,,,,
therapeutic_target,held_out,therapeutic_target_efo_0000274,Atopic eczema,s2gae_l1_uni,ProtScape (L1),HCCTassignmentglobalsplit_ESM2symmetricPPI_attention128_s2gae_dm_mr05_dc512_dl2_do00_MG_bulk__lr001_ep300_l1_ACM_RandomWalkconcat_H512L3_regCTassignment1_unil000005_unit20_unid0,HCCTassignmentglobalsplit_ESM2symmetricPPI_attention128_s2gae_dm_mr05_dc512_dl2_do00_MG_bulk__lr001_ep300_l1_ACM_RandomWalkconcat_H512L3_regCTassignment1_unil000005_unit20_unid0,lr_hc_cell_esm,Mean-pool LR Contextual + ESM2,lr_hc_cell_ext_embed,linear,esm,bulk,bulk_shared,cell_embeddings_before_pool.pt,pooled_before_cci,lr_hc_cell_ext_embed__hp_lr0p0001_wd0p0001_selauprc_cw1__emb_esm,val_auprc_macro_mean,0.49047578676924519,0.0001,0.0001,512,300,50,42,6,5,0,,,,,linear,True,,,,
therapeutic_target,held_out,therapeutic_target_efo_0000274,Atopic eczema,s2gae_l1_uni,ProtScape (L1),HCCTassignmentglobalsplit_ESM2symmetricPPI_attention128_s2gae_dm_mr05_dc512_dl2_do00_MG_bulk__lr001_ep300_l1_ACM_RandomWalkconcat_H512L3_regCTassignment1_unil000005_unit20_unid0,HCCTassignmentglobalsplit_ESM2symmetricPPI_attention128_s2gae_dm_mr05_dc512_dl2_do00_MG_bulk__lr001_ep300_l1_ACM_RandomWalkconcat_H512L3_regCTassignment1_unil000005_unit20_unid0,abmil8_pdl_id2_dropout,ABMIL-PDL Contextual + ESM2,abmil_hc_cell_ext_embed_gated_8_pdl,abmil,esm,bulk,bulk_shared,cell_embeddings_before_pool.pt,pooled_before_cci,abmil_hc_cell_ext_embed_gated_8_pdl__hp_lr0p0001_att256_do0_pdl0p5_pdlimplnew_pdlprojidentity_pdlprojl2_wd0p0001_selauprc_cw1__emb_esm,val_auprc_macro_mean,0.49114561297156589,0.0001,0.0001,512,300,50,42,6,5,0,8.0,256.0,0.0,0.0,linear,True,0.5,identity,2.0,new
therapeutic_target,held_out,therapeutic_target_mondo_0004979,Asthma,s2gae_phuber_uni,ProtScape (pHuber),HCCTassignmentglobalsplit_ESM2symmetricPPI_attention128_s2gae_dm_mr05_dc512_dl2_do00_MG_bulk__lr001_ep300_phubertau100_ACM_RandomWalkconcat_H512L3_dropout04_regCTassignment1_unil000005_unit20_unid0,HCCTassignmentglobalsplit_ESM2symmetricPPI_attention128_s2gae_dm_mr05_dc512_dl2_do00_MG_bulk__lr001_ep300_phubertau100_ACM_RandomWalkconcat_H512L3_dropout04_regCTassignment1_unil000005_unit20_unid0,lr_hc_cell,Mean-pool LR Contextual instances,lr_hc_cell,linear,esm,bulk,bulk_shared,cell_embeddings_before_pool.pt,pooled_before_cci,lr_hc_cell__hp_lr0p0001_wd0p0001_selauprc_cw1__emb_esm,val_auprc_macro_mean,0.46380173022231291,0.0001,0.0001,512,300,50,42,6,5,0,,,,,linear,True,,,,
therapeutic_target,held_out,therapeutic_target_mondo_0004979,Asthma,s2gae_phuber_uni,ProtScape (pHuber),HCCTassignmentglobalsplit_ESM2symmetricPPI_attention128_s2gae_dm_mr05_dc512_dl2_do00_MG_bulk__lr001_ep300_phubertau100_ACM_RandomWalkconcat_H512L3_dropout04_regCTassignment1_unil000005_unit20_unid0,HCCTassignmentglobalsplit_ESM2symmetricPPI_attention128_s2gae_dm_mr05_dc512_dl2_do00_MG_bulk__lr001_ep300_phubertau100_ACM_RandomWalkconcat_H512L3_dropout04_regCTassignment1_unil000005_unit20_unid0,lr_hc_cell_esm,Mean-pool LR Contextual + ESM2,lr_hc_cell_ext_embed,linear,esm,bulk,bulk_shared,cell_embeddings_before_pool.pt,pooled_before_cci,lr_hc_cell_ext_embed__hp_lr0p0001_wd0p0001_selauprc_cw1__emb_esm,val_auprc_macro_mean,0.57652624667972585,0.0001,0.0001,512,300,50,42,6,5,0,,,,,linear,True,,,,
therapeutic_target,held_out,therapeutic_target_mondo_0004979,Asthma,s2gae_phuber_uni,ProtScape (pHuber),HCCTassignmentglobalsplit_ESM2symmetricPPI_attention128_s2gae_dm_mr05_dc512_dl2_do00_MG_bulk__lr001_ep300_phubertau100_ACM_RandomWalkconcat_H512L3_dropout04_regCTassignment1_unil000005_unit20_unid0,HCCTassignmentglobalsplit_ESM2symmetricPPI_attention128_s2gae_dm_mr05_dc512_dl2_do00_MG_bulk__lr001_ep300_phubertau100_ACM_RandomWalkconcat_H512L3_dropout04_regCTassignment1_unil000005_unit20_unid0,abmil8_pdl_id2_dropout,ABMIL-PDL Contextual + ESM2,abmil_hc_cell_ext_embed_gated_8_pdl,abmil,esm,bulk,bulk_shared,cell_embeddings_before_pool.pt,pooled_before_cci,abmil_hc_cell_ext_embed_gated_8_pdl__hp_lr0p0001_att256_do0_pdl0p3_pdlimplnew_pdlprojidentity_pdlprojl2_wd0p0001_selauprc_cw1__emb_esm,val_auprc_macro_mean,0.57831399187051014,0.0001,0.0001,512,300,50,42,6,5,0,8.0,256.0,0.0,0.0,linear,True,0.3,identity,2.0,new
therapeutic_target,held_out,therapeutic_target_mondo_0004979,Asthma,s2gae_l1_uni,ProtScape (L1),HCCTassignmentglobalsplit_ESM2symmetricPPI_attention128_s2gae_dm_mr05_dc512_dl2_do00_MG_bulk__lr001_ep300_l1_ACM_RandomWalkconcat_H512L3_regCTassignment1_unil000005_unit20_unid0,HCCTassignmentglobalsplit_ESM2symmetricPPI_attention128_s2gae_dm_mr05_dc512_dl2_do00_MG_bulk__lr001_ep300_l1_ACM_RandomWalkconcat_H512L3_regCTassignment1_unil000005_unit20_unid0,lr_hc_cell,Mean-pool LR Contextual instances,lr_hc_cell,linear,esm,bulk,bulk_shared,cell_embeddings_before_pool.pt,pooled_before_cci,lr_hc_cell__hp_lr0p0001_wd0p0001_selauprc_cw1__emb_esm,val_auprc_macro_mean,0.49927977677286678,0.0001,0.0001,512,300,50,42,6,5,0,,,,,linear,True,,,,
therapeutic_target,held_out,therapeutic_target_mondo_0004979,Asthma,s2gae_l1_uni,ProtScape (L1),HCCTassignmentglobalsplit_ESM2symmetricPPI_attention128_s2gae_dm_mr05_dc512_dl2_do00_MG_bulk__lr001_ep300_l1_ACM_RandomWalkconcat_H512L3_regCTassignment1_unil000005_unit20_unid0,HCCTassignmentglobalsplit_ESM2symmetricPPI_attention128_s2gae_dm_mr05_dc512_dl2_do00_MG_bulk__lr001_ep300_l1_ACM_RandomWalkconcat_H512L3_regCTassignment1_unil000005_unit20_unid0,lr_hc_cell_esm,Mean-pool LR Contextual + ESM2,lr_hc_cell_ext_embed,linear,esm,bulk,bulk_shared,cell_embeddings_before_pool.pt,pooled_before_cci,lr_hc_cell_ext_embed__hp_lr0p0001_wd0p0001_selauprc_cw1__emb_esm,val_auprc_macro_mean,0.57549621387073979,0.0001,0.0001,512,300,50,42,6,5,0,,,,,linear,True,,,,
therapeutic_target,held_out,therapeutic_target_mondo_0004979,Asthma,s2gae_l1_uni,ProtScape (L1),HCCTassignmentglobalsplit_ESM2symmetricPPI_attention128_s2gae_dm_mr05_dc512_dl2_do00_MG_bulk__lr001_ep300_l1_ACM_RandomWalkconcat_H512L3_regCTassignment1_unil000005_unit20_unid0,HCCTassignmentglobalsplit_ESM2symmetricPPI_attention128_s2gae_dm_mr05_dc512_dl2_do00_MG_bulk__lr001_ep300_l1_ACM_RandomWalkconcat_H512L3_regCTassignment1_unil000005_unit20_unid0,abmil8_pdl_id2_dropout,ABMIL-PDL Contextual + ESM2,abmil_hc_cell_ext_embed_gated_8_pdl,abmil,esm,bulk,bulk_shared,cell_embeddings_before_pool.pt,pooled_before_cci,abmil_hc_cell_ext_embed_gated_8_pdl__hp_lr0p0001_att256_do0_pdl0p3_pdlimplnew_pdlprojidentity_pdlprojl2_wd0p0001_selauprc_cw1__emb_esm,val_auprc_macro_mean,0.58510825083919893,0.0001,0.0001,512,300,50,42,6,5,0,8.0,256.0,0.0,0.0,linear,True,0.3,identity,2.0,new
therapeutic_target,held_out,therapeutic_target_efo_0000341,COPD,s2gae_phuber_uni,ProtScape (pHuber),HCCTassignmentglobalsplit_ESM2symmetricPPI_attention128_s2gae_dm_mr05_dc512_dl2_do00_MG_bulk__lr001_ep300_phubertau100_ACM_RandomWalkconcat_H512L3_dropout04_regCTassignment1_unil000005_unit20_unid0,HCCTassignmentglobalsplit_ESM2symmetricPPI_attention128_s2gae_dm_mr05_dc512_dl2_do00_MG_bulk__lr001_ep300_phubertau100_ACM_RandomWalkconcat_H512L3_dropout04_regCTassignment1_unil000005_unit20_unid0,lr_hc_cell,Mean-pool LR Contextual instances,lr_hc_cell,linear,esm,bulk,bulk_shared,cell_embeddings_before_pool.pt,pooled_before_cci,lr_hc_cell__hp_lr0p0001_wd0p0001_selauprc_cw1__emb_esm,val_auprc_macro_mean,0.59286477905156854,0.0001,0.0001,512,300,50,42,6,5,0,,,,,linear,True,,,,
therapeutic_target,held_out,therapeutic_target_efo_0000341,COPD,s2gae_phuber_uni,ProtScape (pHuber),HCCTassignmentglobalsplit_ESM2symmetricPPI_attention128_s2gae_dm_mr05_dc512_dl2_do00_MG_bulk__lr001_ep300_phubertau100_ACM_RandomWalkconcat_H512L3_dropout04_regCTassignment1_unil000005_unit20_unid0,HCCTassignmentglobalsplit_ESM2symmetricPPI_attention128_s2gae_dm_mr05_dc512_dl2_do00_MG_bulk__lr001_ep300_phubertau100_ACM_RandomWalkconcat_H512L3_dropout04_regCTassignment1_unil000005_unit20_unid0,lr_hc_cell_esm,Mean-pool LR Contextual + ESM2,lr_hc_cell_ext_embed,linear,esm,bulk,bulk_shared,cell_embeddings_before_pool.pt,pooled_before_cci,lr_hc_cell_ext_embed__hp_lr0p0001_wd0p0001_selauprc_cw1__emb_esm,val_auprc_macro_mean,0.65348967371633115,0.0001,0.0001,512,300,50,42,6,5,0,,,,,linear,True,,,,
therapeutic_target,held_out,therapeutic_target_efo_0000341,COPD,s2gae_phuber_uni,ProtScape (pHuber),HCCTassignmentglobalsplit_ESM2symmetricPPI_attention128_s2gae_dm_mr05_dc512_dl2_do00_MG_bulk__lr001_ep300_phubertau100_ACM_RandomWalkconcat_H512L3_dropout04_regCTassignment1_unil000005_unit20_unid0,HCCTassignmentglobalsplit_ESM2symmetricPPI_attention128_s2gae_dm_mr05_dc512_dl2_do00_MG_bulk__lr001_ep300_phubertau100_ACM_RandomWalkconcat_H512L3_dropout04_regCTassignment1_unil000005_unit20_unid0,abmil8_pdl_id2_dropout,ABMIL-PDL Contextual + ESM2,abmil_hc_cell_ext_embed_gated_8_pdl,abmil,esm,bulk,bulk_shared,cell_embeddings_before_pool.pt,pooled_before_cci,abmil_hc_cell_ext_embed_gated_8_pdl__hp_lr0p0001_att256_do0_pdl0p6_pdlimplnew_pdlprojidentity_pdlprojl2_wd0p0001_selauprc_cw1__emb_esm,val_auprc_macro_mean,0.68463837173250386,0.0001,0.0001,512,300,50,42,6,5,0,8.0,256.0,0.0,0.0,linear,True,0.6,identity,2.0,new
therapeutic_target,held_out,therapeutic_target_efo_0000341,COPD,s2gae_l1_uni,ProtScape (L1),HCCTassignmentglobalsplit_ESM2symmetricPPI_attention128_s2gae_dm_mr05_dc512_dl2_do00_MG_bulk__lr001_ep300_l1_ACM_RandomWalkconcat_H512L3_regCTassignment1_unil000005_unit20_unid0,HCCTassignmentglobalsplit_ESM2symmetricPPI_attention128_s2gae_dm_mr05_dc512_dl2_do00_MG_bulk__lr001_ep300_l1_ACM_RandomWalkconcat_H512L3_regCTassignment1_unil000005_unit20_unid0,lr_hc_cell,Mean-pool LR Contextual instances,lr_hc_cell,linear,esm,bulk,bulk_shared,cell_embeddings_before_pool.pt,pooled_before_cci,lr_hc_cell__hp_lr0p0001_wd0p0001_selauprc_cw1__emb_esm,val_auprc_macro_mean,0.59778983317919787,0.0001,0.0001,512,300,50,42,6,5,0,,,,,linear,True,,,,
therapeutic_target,held_out,therapeutic_target_efo_0000341,COPD,s2gae_l1_uni,ProtScape (L1),HCCTassignmentglobalsplit_ESM2symmetricPPI_attention128_s2gae_dm_mr05_dc512_dl2_do00_MG_bulk__lr001_ep300_l1_ACM_RandomWalkconcat_H512L3_regCTassignment1_unil000005_unit20_unid0,HCCTassignmentglobalsplit_ESM2symmetricPPI_attention128_s2gae_dm_mr05_dc512_dl2_do00_MG_bulk__lr001_ep300_l1_ACM_RandomWalkconcat_H512L3_regCTassignment1_unil000005_unit20_unid0,lr_hc_cell_esm,Mean-pool LR Contextual + ESM2,lr_hc_cell_ext_embed,linear,esm,bulk,bulk_shared,cell_embeddings_before_pool.pt,pooled_before_cci,lr_hc_cell_ext_embed__hp_lr0p0001_wd0p0001_selauprc_cw1__emb_esm,val_auprc_macro_mean,0.64960177536205377,0.0001,0.0001,512,300,50,42,6,5,0,,,,,linear,True,,,,
therapeutic_target,held_out,therapeutic_target_efo_0000341,COPD,s2gae_l1_uni,ProtScape (L1),HCCTassignmentglobalsplit_ESM2symmetricPPI_attention128_s2gae_dm_mr05_dc512_dl2_do00_MG_bulk__lr001_ep300_l1_ACM_RandomWalkconcat_H512L3_regCTassignment1_unil000005_unit20_unid0,HCCTassignmentglobalsplit_ESM2symmetricPPI_attention128_s2gae_dm_mr05_dc512_dl2_do00_MG_bulk__lr001_ep300_l1_ACM_RandomWalkconcat_H512L3_regCTassignment1_unil000005_unit20_unid0,abmil8_pdl_id2_dropout,ABMIL-PDL Contextual + ESM2,abmil_hc_cell_ext_embed_gated_8_pdl,abmil,esm,bulk,bulk_shared,cell_embeddings_before_pool.pt,pooled_before_cci,abmil_hc_cell_ext_embed_gated_8_pdl__hp_lr0p0001_att256_do0_pdl0p7_pdlimplnew_pdlprojidentity_pdlprojl2_wd0p0001_selauprc_cw1__emb_esm,val_auprc_macro_mean,0.69249189949737755,0.0001,0.0001,512,300,50,42,6,5,0,8.0,256.0,0.0,0.0,linear,True,0.7,identity,2.0,new
therapeutic_target,held_out,therapeutic_target_efo_1001249,NASH,s2gae_phuber_uni,ProtScape (pHuber),HCCTassignmentglobalsplit_ESM2symmetricPPI_attention128_s2gae_dm_mr05_dc512_dl2_do00_MG_bulk__lr001_ep300_phubertau100_ACM_RandomWalkconcat_H512L3_dropout04_regCTassignment1_unil000005_unit20_unid0,HCCTassignmentglobalsplit_ESM2symmetricPPI_attention128_s2gae_dm_mr05_dc512_dl2_do00_MG_bulk__lr001_ep300_phubertau100_ACM_RandomWalkconcat_H512L3_dropout04_regCTassignment1_unil000005_unit20_unid0,lr_hc_cell,Mean-pool LR Contextual instances,lr_hc_cell,linear,esm,bulk,bulk_shared,cell_embeddings_before_pool.pt,pooled_before_cci,lr_hc_cell__hp_lr0p0001_wd0p0001_selauprc_cw1__emb_esm,val_auprc_macro_mean,0.59228943011939705,0.0001,0.0001,512,300,50,42,6,5,0,,,,,linear,True,,,,
therapeutic_target,held_out,therapeutic_target_efo_1001249,NASH,s2gae_phuber_uni,ProtScape (pHuber),HCCTassignmentglobalsplit_ESM2symmetricPPI_attention128_s2gae_dm_mr05_dc512_dl2_do00_MG_bulk__lr001_ep300_phubertau100_ACM_RandomWalkconcat_H512L3_dropout04_regCTassignment1_unil000005_unit20_unid0,HCCTassignmentglobalsplit_ESM2symmetricPPI_attention128_s2gae_dm_mr05_dc512_dl2_do00_MG_bulk__lr001_ep300_phubertau100_ACM_RandomWalkconcat_H512L3_dropout04_regCTassignment1_unil000005_unit20_unid0,lr_hc_cell_esm,Mean-pool LR Contextual + ESM2,lr_hc_cell_ext_embed,linear,esm,bulk,bulk_shared,cell_embeddings_before_pool.pt,pooled_before_cci,lr_hc_cell_ext_embed__hp_lr0p0001_wd0p0001_selauprc_cw1__emb_esm,val_auprc_macro_mean,0.67963850348898158,0.0001,0.0001,512,300,50,42,6,5,0,,,,,linear,True,,,,
therapeutic_target,held_out,therapeutic_target_efo_1001249,NASH,s2gae_phuber_uni,ProtScape (pHuber),HCCTassignmentglobalsplit_ESM2symmetricPPI_attention128_s2gae_dm_mr05_dc512_dl2_do00_MG_bulk__lr001_ep300_phubertau100_ACM_RandomWalkconcat_H512L3_dropout04_regCTassignment1_unil000005_unit20_unid0,HCCTassignmentglobalsplit_ESM2symmetricPPI_attention128_s2gae_dm_mr05_dc512_dl2_do00_MG_bulk__lr001_ep300_phubertau100_ACM_RandomWalkconcat_H512L3_dropout04_regCTassignment1_unil000005_unit20_unid0,abmil8_pdl_id2_dropout,ABMIL-PDL Contextual + ESM2,abmil_hc_cell_ext_embed_gated_8_pdl,abmil,esm,bulk,bulk_shared,cell_embeddings_before_pool.pt,pooled_before_cci,abmil_hc_cell_ext_embed_gated_8_pdl__hp_lr0p0001_att256_do0_pdl0p7_pdlimplnew_pdlprojidentity_pdlprojl2_wd0p0001_selauprc_cw1__emb_esm,val_auprc_macro_mean,0.69169419171288848,0.0001,0.0001,512,300,50,42,6,5,0,8.0,256.0,0.0,0.0,linear,True,0.7,identity,2.0,new
therapeutic_target,held_out,therapeutic_target_efo_1001249,NASH,s2gae_l1_uni,ProtScape (L1),HCCTassignmentglobalsplit_ESM2symmetricPPI_attention128_s2gae_dm_mr05_dc512_dl2_do00_MG_bulk__lr001_ep300_l1_ACM_RandomWalkconcat_H512L3_regCTassignment1_unil000005_unit20_unid0,HCCTassignmentglobalsplit_ESM2symmetricPPI_attention128_s2gae_dm_mr05_dc512_dl2_do00_MG_bulk__lr001_ep300_l1_ACM_RandomWalkconcat_H512L3_regCTassignment1_unil000005_unit20_unid0,lr_hc_cell,Mean-pool LR Contextual instances,lr_hc_cell,linear,esm,bulk,bulk_shared,cell_embeddings_before_pool.pt,pooled_before_cci,lr_hc_cell__hp_lr0p0001_wd0p0001_selauprc_cw1__emb_esm,val_auprc_macro_mean,0.61048019258394892,0.0001,0.0001,512,300,50,42,6,5,0,,,,,linear,True,,,,
therapeutic_target,held_out,therapeutic_target_efo_1001249,NASH,s2gae_l1_uni,ProtScape (L1),HCCTassignmentglobalsplit_ESM2symmetricPPI_attention128_s2gae_dm_mr05_dc512_dl2_do00_MG_bulk__lr001_ep300_l1_ACM_RandomWalkconcat_H512L3_regCTassignment1_unil000005_unit20_unid0,HCCTassignmentglobalsplit_ESM2symmetricPPI_attention128_s2gae_dm_mr05_dc512_dl2_do00_MG_bulk__lr001_ep300_l1_ACM_RandomWalkconcat_H512L3_regCTassignment1_unil000005_unit20_unid0,lr_hc_cell_esm,Mean-pool LR Contextual + ESM2,lr_hc_cell_ext_embed,linear,esm,bulk,bulk_shared,cell_embeddings_before_pool.pt,pooled_before_cci,lr_hc_cell_ext_embed__hp_lr0p0001_wd0p0001_selauprc_cw1__emb_esm,val_auprc_macro_mean,0.67318116727460564,0.0001,0.0001,512,300,50,42,6,5,0,,,,,linear,True,,,,
therapeutic_target,held_out,therapeutic_target_efo_1001249,NASH,s2gae_l1_uni,ProtScape (L1),HCCTassignmentglobalsplit_ESM2symmetricPPI_attention128_s2gae_dm_mr05_dc512_dl2_do00_MG_bulk__lr001_ep300_l1_ACM_RandomWalkconcat_H512L3_regCTassignment1_unil000005_unit20_unid0,HCCTassignmentglobalsplit_ESM2symmetricPPI_attention128_s2gae_dm_mr05_dc512_dl2_do00_MG_bulk__lr001_ep300_l1_ACM_RandomWalkconcat_H512L3_regCTassignment1_unil000005_unit20_unid0,abmil8_pdl_id2_dropout,ABMIL-PDL Contextual + ESM2,abmil_hc_cell_ext_embed_gated_8_pdl,abmil,esm,bulk,bulk_shared,cell_embeddings_before_pool.pt,pooled_before_cci,abmil_hc_cell_ext_embed_gated_8_pdl__hp_lr0p0001_att256_do0_pdl0p7_pdlimplnew_pdlprojidentity_pdlprojl2_wd0p0001_selauprc_cw1__emb_esm,val_auprc_macro_mean,0.6565736564530551,0.0001,0.0001,512,300,50,42,6,5,0,8.0,256.0,0.0,0.0,linear,True,0.7,identity,2.0,new
therapeutic_target,held_out,therapeutic_target_efo_0003884,Chronic kidney disease,s2gae_phuber_uni,ProtScape (pHuber),HCCTassignmentglobalsplit_ESM2symmetricPPI_attention128_s2gae_dm_mr05_dc512_dl2_do00_MG_bulk__lr001_ep300_phubertau100_ACM_RandomWalkconcat_H512L3_dropout04_regCTassignment1_unil000005_unit20_unid0,HCCTassignmentglobalsplit_ESM2symmetricPPI_attention128_s2gae_dm_mr05_dc512_dl2_do00_MG_bulk__lr001_ep300_phubertau100_ACM_RandomWalkconcat_H512L3_dropout04_regCTassignment1_unil000005_unit20_unid0,lr_hc_cell,Mean-pool LR Contextual instances,lr_hc_cell,linear,esm,bulk,bulk_shared,cell_embeddings_before_pool.pt,pooled_before_cci,lr_hc_cell__hp_lr0p0001_wd0p0001_selauprc_cw1__emb_esm,val_auprc_macro_mean,0.61993182047303719,0.0001,0.0001,512,300,50,42,6,5,0,,,,,linear,True,,,,
therapeutic_target,held_out,therapeutic_target_efo_0003884,Chronic kidney disease,s2gae_phuber_uni,ProtScape (pHuber),HCCTassignmentglobalsplit_ESM2symmetricPPI_attention128_s2gae_dm_mr05_dc512_dl2_do00_MG_bulk__lr001_ep300_phubertau100_ACM_RandomWalkconcat_H512L3_dropout04_regCTassignment1_unil000005_unit20_unid0,HCCTassignmentglobalsplit_ESM2symmetricPPI_attention128_s2gae_dm_mr05_dc512_dl2_do00_MG_bulk__lr001_ep300_phubertau100_ACM_RandomWalkconcat_H512L3_dropout04_regCTassignment1_unil000005_unit20_unid0,lr_hc_cell_esm,Mean-pool LR Contextual + ESM2,lr_hc_cell_ext_embed,linear,esm,bulk,bulk_shared,cell_embeddings_before_pool.pt,pooled_before_cci,lr_hc_cell_ext_embed__hp_lr0p0001_wd0p0001_selauprc_cw1__emb_esm,val_auprc_macro_mean,0.66816795819996666,0.0001,0.0001,512,300,50,42,6,5,0,,,,,linear,True,,,,
therapeutic_target,held_out,therapeutic_target_efo_0003884,Chronic kidney disease,s2gae_phuber_uni,ProtScape (pHuber),HCCTassignmentglobalsplit_ESM2symmetricPPI_attention128_s2gae_dm_mr05_dc512_dl2_do00_MG_bulk__lr001_ep300_phubertau100_ACM_RandomWalkconcat_H512L3_dropout04_regCTassignment1_unil000005_unit20_unid0,HCCTassignmentglobalsplit_ESM2symmetricPPI_attention128_s2gae_dm_mr05_dc512_dl2_do00_MG_bulk__lr001_ep300_phubertau100_ACM_RandomWalkconcat_H512L3_dropout04_regCTassignment1_unil000005_unit20_unid0,abmil8_pdl_id2_dropout,ABMIL-PDL Contextual + ESM2,abmil_hc_cell_ext_embed_gated_8_pdl,abmil,esm,bulk,bulk_shared,cell_embeddings_before_pool.pt,pooled_before_cci,abmil_hc_cell_ext_embed_gated_8_pdl__hp_lr0p0001_att256_do0_pdl0p6_pdlimplnew_pdlprojidentity_pdlprojl2_wd0p0001_selauprc_cw1__emb_esm,val_auprc_macro_mean,0.6738668627155584,0.0001,0.0001,512,300,50,42,6,5,0,8.0,256.0,0.0,0.0,linear,True,0.6,identity,2.0,new
therapeutic_target,held_out,therapeutic_target_efo_0003884,Chronic kidney disease,s2gae_l1_uni,ProtScape (L1),HCCTassignmentglobalsplit_ESM2symmetricPPI_attention128_s2gae_dm_mr05_dc512_dl2_do00_MG_bulk__lr001_ep300_l1_ACM_RandomWalkconcat_H512L3_regCTassignment1_unil000005_unit20_unid0,HCCTassignmentglobalsplit_ESM2symmetricPPI_attention128_s2gae_dm_mr05_dc512_dl2_do00_MG_bulk__lr001_ep300_l1_ACM_RandomWalkconcat_H512L3_regCTassignment1_unil000005_unit20_unid0,lr_hc_cell,Mean-pool LR Contextual instances,lr_hc_cell,linear,esm,bulk,bulk_shared,cell_embeddings_before_pool.pt,pooled_before_cci,lr_hc_cell__hp_lr0p0001_wd0p0001_selauprc_cw1__emb_esm,val_auprc_macro_mean,0.61632230009256617,0.0001,0.0001,512,300,50,42,6,5,0,,,,,linear,True,,,,
therapeutic_target,held_out,therapeutic_target_efo_0003884,Chronic kidney disease,s2gae_l1_uni,ProtScape (L1),HCCTassignmentglobalsplit_ESM2symmetricPPI_attention128_s2gae_dm_mr05_dc512_dl2_do00_MG_bulk__lr001_ep300_l1_ACM_RandomWalkconcat_H512L3_regCTassignment1_unil000005_unit20_unid0,HCCTassignmentglobalsplit_ESM2symmetricPPI_attention128_s2gae_dm_mr05_dc512_dl2_do00_MG_bulk__lr001_ep300_l1_ACM_RandomWalkconcat_H512L3_regCTassignment1_unil000005_unit20_unid0,lr_hc_cell_esm,Mean-pool LR Contextual + ESM2,lr_hc_cell_ext_embed,linear,esm,bulk,bulk_shared,cell_embeddings_before_pool.pt,pooled_before_cci,lr_hc_cell_ext_embed__hp_lr0p0001_wd0p0001_selauprc_cw1__emb_esm,val_auprc_macro_mean,0.63040819679270643,0.0001,0.0001,512,300,50,42,6,5,0,,,,,linear,True,,,,
therapeutic_target,held_out,therapeutic_target_efo_0003884,Chronic kidney disease,s2gae_l1_uni,ProtScape (L1),HCCTassignmentglobalsplit_ESM2symmetricPPI_attention128_s2gae_dm_mr05_dc512_dl2_do00_MG_bulk__lr001_ep300_l1_ACM_RandomWalkconcat_H512L3_regCTassignment1_unil000005_unit20_unid0,HCCTassignmentglobalsplit_ESM2symmetricPPI_attention128_s2gae_dm_mr05_dc512_dl2_do00_MG_bulk__lr001_ep300_l1_ACM_RandomWalkconcat_H512L3_regCTassignment1_unil000005_unit20_unid0,abmil8_pdl_id2_dropout,ABMIL-PDL Contextual + ESM2,abmil_hc_cell_ext_embed_gated_8_pdl,abmil,esm,bulk,bulk_shared,cell_embeddings_before_pool.pt,pooled_before_cci,abmil_hc_cell_ext_embed_gated_8_pdl__hp_lr0p0001_att256_do0_pdl0p3_pdlimplnew_pdlprojidentity_pdlprojl2_wd0p0001_selauprc_cw1__emb_esm,val_auprc_macro_mean,0.6419239661237538,0.0001,0.0001,512,300,50,42,6,5,0,8.0,256.0,0.0,0.0,linear,True,0.3,identity,2.0,new
therapeutic_target,held_out,therapeutic_target_mondo_0005180,Parkinson disease,s2gae_phuber_uni,ProtScape (pHuber),HCCTassignmentglobalsplit_ESM2symmetricPPI_attention128_s2gae_dm_mr05_dc512_dl2_do00_MG_bulk__lr001_ep300_phubertau100_ACM_RandomWalkconcat_H512L3_dropout04_regCTassignment1_unil000005_unit20_unid0,HCCTassignmentglobalsplit_ESM2symmetricPPI_attention128_s2gae_dm_mr05_dc512_dl2_do00_MG_bulk__lr001_ep300_phubertau100_ACM_RandomWalkconcat_H512L3_dropout04_regCTassignment1_unil000005_unit20_unid0,lr_hc_cell,Mean-pool LR Contextual instances,lr_hc_cell,linear,esm,bulk,bulk_shared,cell_embeddings_before_pool.pt,pooled_before_cci,lr_hc_cell__hp_lr0p0001_wd0p0001_selauprc_cw1__emb_esm,val_auprc_macro_mean,0.56296565473557192,0.0001,0.0001,512,300,50,42,6,5,0,,,,,linear,True,,,,
therapeutic_target,held_out,therapeutic_target_mondo_0005180,Parkinson disease,s2gae_phuber_uni,ProtScape (pHuber),HCCTassignmentglobalsplit_ESM2symmetricPPI_attention128_s2gae_dm_mr05_dc512_dl2_do00_MG_bulk__lr001_ep300_phubertau100_ACM_RandomWalkconcat_H512L3_dropout04_regCTassignment1_unil000005_unit20_unid0,HCCTassignmentglobalsplit_ESM2symmetricPPI_attention128_s2gae_dm_mr05_dc512_dl2_do00_MG_bulk__lr001_ep300_phubertau100_ACM_RandomWalkconcat_H512L3_dropout04_regCTassignment1_unil000005_unit20_unid0,lr_hc_cell_esm,Mean-pool LR Contextual + ESM2,lr_hc_cell_ext_embed,linear,esm,bulk,bulk_shared,cell_embeddings_before_pool.pt,pooled_before_cci,lr_hc_cell_ext_embed__hp_lr0p0001_wd0p0001_selauprc_cw1__emb_esm,val_auprc_macro_mean,0.67177268947319857,0.0001,0.0001,512,300,50,42,6,5,0,,,,,linear,True,,,,
therapeutic_target,held_out,therapeutic_target_mondo_0005180,Parkinson disease,s2gae_phuber_uni,ProtScape (pHuber),HCCTassignmentglobalsplit_ESM2symmetricPPI_attention128_s2gae_dm_mr05_dc512_dl2_do00_MG_bulk__lr001_ep300_phubertau100_ACM_RandomWalkconcat_H512L3_dropout04_regCTassignment1_unil000005_unit20_unid0,HCCTassignmentglobalsplit_ESM2symmetricPPI_attention128_s2gae_dm_mr05_dc512_dl2_do00_MG_bulk__lr001_ep300_phubertau100_ACM_RandomWalkconcat_H512L3_dropout04_regCTassignment1_unil000005_unit20_unid0,abmil8_pdl_id2_dropout,ABMIL-PDL Contextual + ESM2,abmil_hc_cell_ext_embed_gated_8_pdl,abmil,esm,bulk,bulk_shared,cell_embeddings_before_pool.pt,pooled_before_cci,abmil_hc_cell_ext_embed_gated_8_pdl__hp_lr0p0001_att256_do0_pdl0p6_pdlimplnew_pdlprojidentity_pdlprojl2_wd0p0001_selauprc_cw1__emb_esm,val_auprc_macro_mean,0.71163642106458602,0.0001,0.0001,512,300,50,42,6,5,0,8.0,256.0,0.0,0.0,linear,True,0.6,identity,2.0,new
therapeutic_target,held_out,therapeutic_target_mondo_0005180,Parkinson disease,s2gae_l1_uni,ProtScape (L1),HCCTassignmentglobalsplit_ESM2symmetricPPI_attention128_s2gae_dm_mr05_dc512_dl2_do00_MG_bulk__lr001_ep300_l1_ACM_RandomWalkconcat_H512L3_regCTassignment1_unil000005_unit20_unid0,HCCTassignmentglobalsplit_ESM2symmetricPPI_attention128_s2gae_dm_mr05_dc512_dl2_do00_MG_bulk__lr001_ep300_l1_ACM_RandomWalkconcat_H512L3_regCTassignment1_unil000005_unit20_unid0,lr_hc_cell,Mean-pool LR Contextual instances,lr_hc_cell,linear,esm,bulk,bulk_shared,cell_embeddings_before_pool.pt,pooled_before_cci,lr_hc_cell__hp_lr0p0001_wd0p0001_selauprc_cw1__emb_esm,val_auprc_macro_mean,0.61115468513926652,0.0001,0.0001,512,300,50,42,6,5,0,,,,,linear,True,,,,
therapeutic_target,held_out,therapeutic_target_mondo_0005180,Parkinson disease,s2gae_l1_uni,ProtScape (L1),HCCTassignmentglobalsplit_ESM2symmetricPPI_attention128_s2gae_dm_mr05_dc512_dl2_do00_MG_bulk__lr001_ep300_l1_ACM_RandomWalkconcat_H512L3_regCTassignment1_unil000005_unit20_unid0,HCCTassignmentglobalsplit_ESM2symmetricPPI_attention128_s2gae_dm_mr05_dc512_dl2_do00_MG_bulk__lr001_ep300_l1_ACM_RandomWalkconcat_H512L3_regCTassignment1_unil000005_unit20_unid0,lr_hc_cell_esm,Mean-pool LR Contextual + ESM2,lr_hc_cell_ext_embed,linear,esm,bulk,bulk_shared,cell_embeddings_before_pool.pt,pooled_before_cci,lr_hc_cell_ext_embed__hp_lr0p0001_wd0p0001_selauprc_cw1__emb_esm,val_auprc_macro_mean,0.67137072035881484,0.0001,0.0001,512,300,50,42,6,5,0,,,,,linear,True,,,,
therapeutic_target,held_out,therapeutic_target_mondo_0005180,Parkinson disease,s2gae_l1_uni,ProtScape (L1),HCCTassignmentglobalsplit_ESM2symmetricPPI_attention128_s2gae_dm_mr05_dc512_dl2_do00_MG_bulk__lr001_ep300_l1_ACM_RandomWalkconcat_H512L3_regCTassignment1_unil000005_unit20_unid0,HCCTassignmentglobalsplit_ESM2symmetricPPI_attention128_s2gae_dm_mr05_dc512_dl2_do00_MG_bulk__lr001_ep300_l1_ACM_RandomWalkconcat_H512L3_regCTassignment1_unil000005_unit20_unid0,abmil8_pdl_id2_dropout,ABMIL-PDL Contextual + ESM2,abmil_hc_cell_ext_embed_gated_8_pdl,abmil,esm,bulk,bulk_shared,cell_embeddings_before_pool.pt,pooled_before_cci,abmil_hc_cell_ext_embed_gated_8_pdl__hp_lr0p0001_att256_do0_pdl0p4_pdlimplnew_pdlprojidentity_pdlprojl2_wd0p0001_selauprc_cw1__emb_esm,val_auprc_macro_mean,0.73617310567241223,0.0001,0.0001,512,300,50,42,6,5,0,8.0,256.0,0.0,0.0,linear,True,0.4,identity,2.0,new
therapeutic_target,held_out,therapeutic_target_efo_0003767,Inflammatory bowel disease,gae_att_uni,gae_att_uni,gae_att_fixed_do06_ep300_uni5e-5,gae_att_fixed_do06_ep300_uni5e-5,abmil8_pdl_id2_dropout,ABMIL-PDL Contextual + ESM2,abmil_hc_cell_ext_embed_gated_8_pdl,abmil,esm,bulk,bulk_shared,cell_embeddings.pt,canonical_contextualized,abmil_hc_cell_ext_embed_gated_8_pdl__hp_lr0p0001_att256_do0_pdl0p2_pdlprojidentity_pdlprojl2_wd0p0001_selauprc_cw1__emb_esm,val_auprc_macro_mean,0.541780,0.0001,0.0001,512,300,50,42,6,5,0,8,256,0.0,0.0,linear,True,0.2,identity,2,new
therapeutic_target,held_out,therapeutic_target_efo_0000685,Rheumatoid arthritis,gae_att_uni,gae_att_uni,gae_att_fixed_do06_ep300_uni5e-5,gae_att_fixed_do06_ep300_uni5e-5,abmil8_pdl_id2_dropout,ABMIL-PDL Contextual + ESM2,abmil_hc_cell_ext_embed_gated_8_pdl,abmil,esm,bulk,bulk_shared,cell_embeddings.pt,canonical_contextualized,abmil_hc_cell_ext_embed_gated_8_pdl__hp_lr0p0001_att256_do0_pdl0p7_pdlprojidentity_pdlprojl2_wd0p0001_selauprc_cw1__emb_esm,val_auprc_macro_mean,0.591277,0.0001,0.0001,512,300,50,42,6,5,0,8,256,0.0,0.0,linear,True,0.7,identity,2,new
therapeutic_target,held_out,therapeutic_target_efo_0000305,Breast carcinoma,gae_att_uni,gae_att_uni,gae_att_fixed_do06_ep300_uni5e-5,gae_att_fixed_do06_ep300_uni5e-5,abmil8_pdl_id2_dropout,ABMIL-PDL Contextual + ESM2,abmil_hc_cell_ext_embed_gated_8_pdl,abmil,esm,bulk,bulk_shared,cell_embeddings.pt,canonical_contextualized,abmil_hc_cell_ext_embed_gated_8_pdl__hp_lr0p0001_att256_do0_pdl0p3_pdlprojidentity_pdlprojl2_wd0p0001_selauprc_cw1__emb_esm,val_auprc_macro_mean,0.834828,0.0001,0.0001,512,300,50,42,6,5,0,8,256,0.0,0.0,linear,True,0.3,identity,2,new
therapeutic_target,held_out,therapeutic_target_efo_1001207,Systolic heart failure,gae_att_uni,gae_att_uni,gae_att_fixed_do06_ep300_uni5e-5,gae_att_fixed_do06_ep300_uni5e-5,abmil8_pdl_id2_dropout,ABMIL-PDL Contextual + ESM2,abmil_hc_cell_ext_embed_gated_8_pdl,abmil,esm,bulk,bulk_shared,cell_embeddings.pt,canonical_contextualized,abmil_hc_cell_ext_embed_gated_8_pdl__hp_lr0p0001_att256_do0_pdl0p7_pdlprojidentity_pdlprojl2_wd0p0001_selauprc_cw1__emb_esm,val_auprc_macro_mean,0.832134,0.0001,0.0001,512,300,50,42,6,5,0,8,256,0.0,0.0,linear,True,0.7,identity,2,new
therapeutic_target,held_out,therapeutic_target_efo_0000571,Lung adenocarcinoma,gae_att_uni,gae_att_uni,gae_att_fixed_do06_ep300_uni5e-5,gae_att_fixed_do06_ep300_uni5e-5,abmil8_pdl_id2_dropout,ABMIL-PDL Contextual + ESM2,abmil_hc_cell_ext_embed_gated_8_pdl,abmil,esm,bulk,bulk_shared,cell_embeddings.pt,canonical_contextualized,abmil_hc_cell_ext_embed_gated_8_pdl__hp_lr0p0001_att256_do0_pdl0p7_pdlprojidentity_pdlprojl2_wd0p0001_selauprc_cw1__emb_esm,val_auprc_macro_mean,0.648790,0.0001,0.0001,512,300,50,42,6,5,0,8,256,0.0,0.0,linear,True,0.7,identity,2,new
therapeutic_target,held_out,therapeutic_target_efo_0000676,Psoriasis,gae_att_uni,gae_att_uni,gae_att_fixed_do06_ep300_uni5e-5,gae_att_fixed_do06_ep300_uni5e-5,abmil8_pdl_id2_dropout,ABMIL-PDL Contextual + ESM2,abmil_hc_cell_ext_embed_gated_8_pdl,abmil,esm,bulk,bulk_shared,cell_embeddings.pt,canonical_contextualized,abmil_hc_cell_ext_embed_gated_8_pdl__hp_lr0p0001_att256_do0_pdl0p6_pdlprojidentity_pdlprojl2_wd0p0001_selauprc_cw1__emb_esm,val_auprc_macro_mean,0.700569,0.0001,0.0001,512,300,50,42,6,5,0,8,256,0.0,0.0,linear,True,0.6,identity,2,new
therapeutic_target,held_out,therapeutic_target_efo_0001361,Pulmonary arterial hypertension,gae_att_uni,gae_att_uni,gae_att_fixed_do06_ep300_uni5e-5,gae_att_fixed_do06_ep300_uni5e-5,abmil8_pdl_id2_dropout,ABMIL-PDL Contextual + ESM2,abmil_hc_cell_ext_embed_gated_8_pdl,abmil,esm,bulk,bulk_shared,cell_embeddings.pt,canonical_contextualized,abmil_hc_cell_ext_embed_gated_8_pdl__hp_lr0p0001_att256_do0_pdl0p2_pdlprojidentity_pdlprojl2_wd0p0001_selauprc_cw1__emb_esm,val_auprc_macro_mean,0.435470,0.0001,0.0001,512,300,50,42,6,5,0,8,256,0.0,0.0,linear,True,0.2,identity,2,new
therapeutic_target,held_out,therapeutic_target_mondo_0005148,Type 2 diabetes,gae_att_uni,gae_att_uni,gae_att_fixed_do06_ep300_uni5e-5,gae_att_fixed_do06_ep300_uni5e-5,abmil8_pdl_id2_dropout,ABMIL-PDL Contextual + ESM2,abmil_hc_cell_ext_embed_gated_8_pdl,abmil,esm,bulk,bulk_shared,cell_embeddings.pt,canonical_contextualized,abmil_hc_cell_ext_embed_gated_8_pdl__hp_lr0p0001_att256_do0_pdl0p3_pdlprojidentity_pdlprojl2_wd0p0001_selauprc_cw1__emb_esm,val_auprc_macro_mean,0.716187,0.0001,0.0001,512,300,50,42,6,5,0,8,256,0.0,0.0,linear,True,0.3,identity,2,new
therapeutic_target,held_out,therapeutic_target_mondo_0007915,Systemic lupus erythematosus,gae_att_uni,gae_att_uni,gae_att_fixed_do06_ep300_uni5e-5,gae_att_fixed_do06_ep300_uni5e-5,abmil8_pdl_id2_dropout,ABMIL-PDL Contextual + ESM2,abmil_hc_cell_ext_embed_gated_8_pdl,abmil,esm,bulk,bulk_shared,cell_embeddings.pt,canonical_contextualized,abmil_hc_cell_ext_embed_gated_8_pdl__hp_lr0p0001_att256_do0_pdl0p6_pdlprojidentity_pdlprojl2_wd0p0001_selauprc_cw1__emb_esm,val_auprc_macro_mean,0.695940,0.0001,0.0001,512,300,50,42,6,5,0,8,256,0.0,0.0,linear,True,0.6,identity,2,new
therapeutic_target,held_out,therapeutic_target_efo_0000274,Atopic eczema,gae_att_uni,gae_att_uni,gae_att_fixed_do06_ep300_uni5e-5,gae_att_fixed_do06_ep300_uni5e-5,abmil8_pdl_id2_dropout,ABMIL-PDL Contextual + ESM2,abmil_hc_cell_ext_embed_gated_8_pdl,abmil,esm,bulk,bulk_shared,cell_embeddings.pt,canonical_contextualized,abmil_hc_cell_ext_embed_gated_8_pdl__hp_lr0p0001_att256_do0_pdl0p7_pdlprojidentity_pdlprojl2_wd0p0001_selauprc_cw1__emb_esm,val_auprc_macro_mean,0.461215,0.0001,0.0001,512,300,50,42,6,5,0,8,256,0.0,0.0,linear,True,0.7,identity,2,new
therapeutic_target,held_out,therapeutic_target_mondo_0004979,Asthma,gae_att_uni,gae_att_uni,gae_att_fixed_do06_ep300_uni5e-5,gae_att_fixed_do06_ep300_uni5e-5,abmil8_pdl_id2_dropout,ABMIL-PDL Contextual + ESM2,abmil_hc_cell_ext_embed_gated_8_pdl,abmil,esm,bulk,bulk_shared,cell_embeddings.pt,canonical_contextualized,abmil_hc_cell_ext_embed_gated_8_pdl__hp_lr0p0001_att256_do0_pdl0p3_pdlprojidentity_pdlprojl2_wd0p0001_selauprc_cw1__emb_esm,val_auprc_macro_mean,0.523896,0.0001,0.0001,512,300,50,42,6,5,0,8,256,0.0,0.0,linear,True,0.3,identity,2,new
therapeutic_target,held_out,therapeutic_target_efo_0000341,COPD,gae_att_uni,gae_att_uni,gae_att_fixed_do06_ep300_uni5e-5,gae_att_fixed_do06_ep300_uni5e-5,abmil8_pdl_id2_dropout,ABMIL-PDL Contextual + ESM2,abmil_hc_cell_ext_embed_gated_8_pdl,abmil,esm,bulk,bulk_shared,cell_embeddings.pt,canonical_contextualized,abmil_hc_cell_ext_embed_gated_8_pdl__hp_lr0p0001_att256_do0_pdl0p2_pdlprojidentity_pdlprojl2_wd0p0001_selauprc_cw1__emb_esm,val_auprc_macro_mean,0.702731,0.0001,0.0001,512,300,50,42,6,5,0,8,256,0.0,0.0,linear,True,0.2,identity,2,new
therapeutic_target,held_out,therapeutic_target_efo_1001249,NASH,gae_att_uni,gae_att_uni,gae_att_fixed_do06_ep300_uni5e-5,gae_att_fixed_do06_ep300_uni5e-5,abmil8_pdl_id2_dropout,ABMIL-PDL Contextual + ESM2,abmil_hc_cell_ext_embed_gated_8_pdl,abmil,esm,bulk,bulk_shared,cell_embeddings.pt,canonical_contextualized,abmil_hc_cell_ext_embed_gated_8_pdl__hp_lr0p0001_att256_do0_pdl0p2_pdlprojidentity_pdlprojl2_wd0p0001_selauprc_cw1__emb_esm,val_auprc_macro_mean,0.622814,0.0001,0.0001,512,300,50,42,6,5,0,8,256,0.0,0.0,linear,True,0.2,identity,2,new
therapeutic_target,held_out,therapeutic_target_efo_0003884,Chronic kidney disease,gae_att_uni,gae_att_uni,gae_att_fixed_do06_ep300_uni5e-5,gae_att_fixed_do06_ep300_uni5e-5,abmil8_pdl_id2_dropout,ABMIL-PDL Contextual + ESM2,abmil_hc_cell_ext_embed_gated_8_pdl,abmil,esm,bulk,bulk_shared,cell_embeddings.pt,canonical_contextualized,abmil_hc_cell_ext_embed_gated_8_pdl__hp_lr0p0001_att256_do0_pdl0p6_pdlprojidentity_pdlprojl2_wd0p0001_selauprc_cw1__emb_esm,val_auprc_macro_mean,0.661994,0.0001,0.0001,512,300,50,42,6,5,0,8,256,0.0,0.0,linear,True,0.6,identity,2,new
therapeutic_target,held_out,therapeutic_target_mondo_0005180,Parkinson disease,gae_att_uni,gae_att_uni,gae_att_fixed_do06_ep300_uni5e-5,gae_att_fixed_do06_ep300_uni5e-5,abmil8_pdl_id2_dropout,ABMIL-PDL Contextual + ESM2,abmil_hc_cell_ext_embed_gated_8_pdl,abmil,esm,bulk,bulk_shared,cell_embeddings.pt,canonical_contextualized,abmil_hc_cell_ext_embed_gated_8_pdl__hp_lr0p0001_att256_do0_pdl0p6_pdlprojidentity_pdlprojl2_wd0p0001_selauprc_cw1__emb_esm,val_auprc_macro_mean,0.678860,0.0001,0.0001,512,300,50,42,6,5,0,8,256,0.0,0.0,linear,True,0.6,identity,2,new
therapeutic_target,held_out,therapeutic_target_efo_0003767,Inflammatory bowel disease,gae_vn,gae_vn,gae_vn_fixed_do04_ep300,gae_vn_fixed_do04_ep300,abmil8_pdl_id2_dropout,ABMIL-PDL Contextual + ESM2,abmil_hc_cell_ext_embed_gated_8_pdl,abmil,esm,bulk,bulk_shared,cell_embeddings.pt,canonical_contextualized,abmil_hc_cell_ext_embed_gated_8_pdl__hp_lr0p0001_att256_do0_pdl0p6_pdlimplnew_pdlprojidentity_pdlprojl2_wd0p0001_selauprc_cw1__emb_esm,val_auprc_macro_mean,0.541911,0.0001,0.0001,512,300,50,42,6,5,0,8,256,0.0,0.0,linear,True,0.6,identity,2,new
therapeutic_target,held_out,therapeutic_target_efo_0000685,Rheumatoid arthritis,gae_vn,gae_vn,gae_vn_fixed_do04_ep300,gae_vn_fixed_do04_ep300,abmil8_pdl_id2_dropout,ABMIL-PDL Contextual + ESM2,abmil_hc_cell_ext_embed_gated_8_pdl,abmil,esm,bulk,bulk_shared,cell_embeddings.pt,canonical_contextualized,abmil_hc_cell_ext_embed_gated_8_pdl__hp_lr0p0001_att256_do0_pdl0p2_pdlimplnew_pdlprojidentity_pdlprojl2_wd0p0001_selauprc_cw1__emb_esm,val_auprc_macro_mean,0.600324,0.0001,0.0001,512,300,50,42,6,5,0,8,256,0.0,0.0,linear,True,0.2,identity,2,new
therapeutic_target,held_out,therapeutic_target_efo_0000305,Breast carcinoma,gae_vn,gae_vn,gae_vn_fixed_do04_ep300,gae_vn_fixed_do04_ep300,abmil8_pdl_id2_dropout,ABMIL-PDL Contextual + ESM2,abmil_hc_cell_ext_embed_gated_8_pdl,abmil,esm,bulk,bulk_shared,cell_embeddings.pt,canonical_contextualized,abmil_hc_cell_ext_embed_gated_8_pdl__hp_lr0p0001_att256_do0_pdl0p4_pdlimplnew_pdlprojidentity_pdlprojl2_wd0p0001_selauprc_cw1__emb_esm,val_auprc_macro_mean,0.824671,0.0001,0.0001,512,300,50,42,6,5,0,8,256,0.0,0.0,linear,True,0.4,identity,2,new
therapeutic_target,held_out,therapeutic_target_efo_1001207,Systolic heart failure,gae_vn,gae_vn,gae_vn_fixed_do04_ep300,gae_vn_fixed_do04_ep300,abmil8_pdl_id2_dropout,ABMIL-PDL Contextual + ESM2,abmil_hc_cell_ext_embed_gated_8_pdl,abmil,esm,bulk,bulk_shared,cell_embeddings.pt,canonical_contextualized,abmil_hc_cell_ext_embed_gated_8_pdl__hp_lr0p0001_att256_do0_pdl0p6_pdlimplnew_pdlprojidentity_pdlprojl2_wd0p0001_selauprc_cw1__emb_esm,val_auprc_macro_mean,0.854554,0.0001,0.0001,512,300,50,42,6,5,0,8,256,0.0,0.0,linear,True,0.6,identity,2,new
therapeutic_target,held_out,therapeutic_target_efo_0000571,Lung adenocarcinoma,gae_vn,gae_vn,gae_vn_fixed_do04_ep300,gae_vn_fixed_do04_ep300,abmil8_pdl_id2_dropout,ABMIL-PDL Contextual + ESM2,abmil_hc_cell_ext_embed_gated_8_pdl,abmil,esm,bulk,bulk_shared,cell_embeddings.pt,canonical_contextualized,abmil_hc_cell_ext_embed_gated_8_pdl__hp_lr0p0001_att256_do0_pdl0p6_pdlimplnew_pdlprojidentity_pdlprojl2_wd0p0001_selauprc_cw1__emb_esm,val_auprc_macro_mean,0.667880,0.0001,0.0001,512,300,50,42,6,5,0,8,256,0.0,0.0,linear,True,0.6,identity,2,new
therapeutic_target,held_out,therapeutic_target_efo_0000676,Psoriasis,gae_vn,gae_vn,gae_vn_fixed_do04_ep300,gae_vn_fixed_do04_ep300,abmil8_pdl_id2_dropout,ABMIL-PDL Contextual + ESM2,abmil_hc_cell_ext_embed_gated_8_pdl,abmil,esm,bulk,bulk_shared,cell_embeddings.pt,canonical_contextualized,abmil_hc_cell_ext_embed_gated_8_pdl__hp_lr0p0001_att256_do0_pdl0p3_pdlimplnew_pdlprojidentity_pdlprojl2_wd0p0001_selauprc_cw1__emb_esm,val_auprc_macro_mean,0.675175,0.0001,0.0001,512,300,50,42,6,5,0,8,256,0.0,0.0,linear,True,0.3,identity,2,new
therapeutic_target,held_out,therapeutic_target_efo_0001361,Pulmonary arterial hypertension,gae_vn,gae_vn,gae_vn_fixed_do04_ep300,gae_vn_fixed_do04_ep300,abmil8_pdl_id2_dropout,ABMIL-PDL Contextual + ESM2,abmil_hc_cell_ext_embed_gated_8_pdl,abmil,esm,bulk,bulk_shared,cell_embeddings.pt,canonical_contextualized,abmil_hc_cell_ext_embed_gated_8_pdl__hp_lr0p0001_att256_do0_pdl0p5_pdlimplnew_pdlprojidentity_pdlprojl2_wd0p0001_selauprc_cw1__emb_esm,val_auprc_macro_mean,0.524677,0.0001,0.0001,512,300,50,42,6,5,0,8,256,0.0,0.0,linear,True,0.5,identity,2,new
therapeutic_target,held_out,therapeutic_target_mondo_0005148,Type 2 diabetes,gae_vn,gae_vn,gae_vn_fixed_do04_ep300,gae_vn_fixed_do04_ep300,abmil8_pdl_id2_dropout,ABMIL-PDL Contextual + ESM2,abmil_hc_cell_ext_embed_gated_8_pdl,abmil,esm,bulk,bulk_shared,cell_embeddings.pt,canonical_contextualized,abmil_hc_cell_ext_embed_gated_8_pdl__hp_lr0p0001_att256_do0_pdl0p6_pdlimplnew_pdlprojidentity_pdlprojl2_wd0p0001_selauprc_cw1__emb_esm,val_auprc_macro_mean,0.700816,0.0001,0.0001,512,300,50,42,6,5,0,8,256,0.0,0.0,linear,True,0.6,identity,2,new
therapeutic_target,held_out,therapeutic_target_mondo_0007915,Systemic lupus erythematosus,gae_vn,gae_vn,gae_vn_fixed_do04_ep300,gae_vn_fixed_do04_ep300,abmil8_pdl_id2_dropout,ABMIL-PDL Contextual + ESM2,abmil_hc_cell_ext_embed_gated_8_pdl,abmil,esm,bulk,bulk_shared,cell_embeddings.pt,canonical_contextualized,abmil_hc_cell_ext_embed_gated_8_pdl__hp_lr0p0001_att256_do0_pdl0p5_pdlimplnew_pdlprojidentity_pdlprojl2_wd0p0001_selauprc_cw1__emb_esm,val_auprc_macro_mean,0.664339,0.0001,0.0001,512,300,50,42,6,5,0,8,256,0.0,0.0,linear,True,0.5,identity,2,new
therapeutic_target,held_out,therapeutic_target_efo_0000274,Atopic eczema,gae_vn,gae_vn,gae_vn_fixed_do04_ep300,gae_vn_fixed_do04_ep300,abmil8_pdl_id2_dropout,ABMIL-PDL Contextual + ESM2,abmil_hc_cell_ext_embed_gated_8_pdl,abmil,esm,bulk,bulk_shared,cell_embeddings.pt,canonical_contextualized,abmil_hc_cell_ext_embed_gated_8_pdl__hp_lr0p0001_att256_do0_pdl0p3_pdlimplnew_pdlprojidentity_pdlprojl2_wd0p0001_selauprc_cw1__emb_esm,val_auprc_macro_mean,0.527685,0.0001,0.0001,512,300,50,42,6,5,0,8,256,0.0,0.0,linear,True,0.3,identity,2,new
therapeutic_target,held_out,therapeutic_target_mondo_0004979,Asthma,gae_vn,gae_vn,gae_vn_fixed_do04_ep300,gae_vn_fixed_do04_ep300,abmil8_pdl_id2_dropout,ABMIL-PDL Contextual + ESM2,abmil_hc_cell_ext_embed_gated_8_pdl,abmil,esm,bulk,bulk_shared,cell_embeddings.pt,canonical_contextualized,abmil_hc_cell_ext_embed_gated_8_pdl__hp_lr0p0001_att256_do0_pdl0p3_pdlimplnew_pdlprojidentity_pdlprojl2_wd0p0001_selauprc_cw1__emb_esm,val_auprc_macro_mean,0.529158,0.0001,0.0001,512,300,50,42,6,5,0,8,256,0.0,0.0,linear,True,0.3,identity,2,new
therapeutic_target,held_out,therapeutic_target_efo_0000341,COPD,gae_vn,gae_vn,gae_vn_fixed_do04_ep300,gae_vn_fixed_do04_ep300,abmil8_pdl_id2_dropout,ABMIL-PDL Contextual + ESM2,abmil_hc_cell_ext_embed_gated_8_pdl,abmil,esm,bulk,bulk_shared,cell_embeddings.pt,canonical_contextualized,abmil_hc_cell_ext_embed_gated_8_pdl__hp_lr0p0001_att256_do0_pdl0p7_pdlimplnew_pdlprojidentity_pdlprojl2_wd0p0001_selauprc_cw1__emb_esm,val_auprc_macro_mean,0.679056,0.0001,0.0001,512,300,50,42,6,5,0,8,256,0.0,0.0,linear,True,0.7,identity,2,new
therapeutic_target,held_out,therapeutic_target_efo_1001249,NASH,gae_vn,gae_vn,gae_vn_fixed_do04_ep300,gae_vn_fixed_do04_ep300,abmil8_pdl_id2_dropout,ABMIL-PDL Contextual + ESM2,abmil_hc_cell_ext_embed_gated_8_pdl,abmil,esm,bulk,bulk_shared,cell_embeddings.pt,canonical_contextualized,abmil_hc_cell_ext_embed_gated_8_pdl__hp_lr0p0001_att256_do0_pdl0p6_pdlimplnew_pdlprojidentity_pdlprojl2_wd0p0001_selauprc_cw1__emb_esm,val_auprc_macro_mean,0.639006,0.0001,0.0001,512,300,50,42,6,5,0,8,256,0.0,0.0,linear,True,0.6,identity,2,new
therapeutic_target,held_out,therapeutic_target_efo_0003884,Chronic kidney disease,gae_vn,gae_vn,gae_vn_fixed_do04_ep300,gae_vn_fixed_do04_ep300,abmil8_pdl_id2_dropout,ABMIL-PDL Contextual + ESM2,abmil_hc_cell_ext_embed_gated_8_pdl,abmil,esm,bulk,bulk_shared,cell_embeddings.pt,canonical_contextualized,abmil_hc_cell_ext_embed_gated_8_pdl__hp_lr0p0001_att256_do0_pdl0p7_pdlimplnew_pdlprojidentity_pdlprojl2_wd0p0001_selauprc_cw1__emb_esm,val_auprc_macro_mean,0.635672,0.0001,0.0001,512,300,50,42,6,5,0,8,256,0.0,0.0,linear,True,0.7,identity,2,new
therapeutic_target,held_out,therapeutic_target_mondo_0005180,Parkinson disease,gae_vn,gae_vn,gae_vn_fixed_do04_ep300,gae_vn_fixed_do04_ep300,abmil8_pdl_id2_dropout,ABMIL-PDL Contextual + ESM2,abmil_hc_cell_ext_embed_gated_8_pdl,abmil,esm,bulk,bulk_shared,cell_embeddings.pt,canonical_contextualized,abmil_hc_cell_ext_embed_gated_8_pdl__hp_lr0p0001_att256_do0_pdl0p2_pdlimplnew_pdlprojidentity_pdlprojl2_wd0p0001_selauprc_cw1__emb_esm,val_auprc_macro_mean,0.689435,0.0001,0.0001,512,300,50,42,6,5,0,8,256,0.0,0.0,linear,True,0.2,identity,2,new
therapeutic_target,held_out,therapeutic_target_efo_0003767,Inflammatory bowel disease,gae_vn_uni,gae_vn_uni,gae_vn_fixed_do04_ep300_uni5e-5,gae_vn_fixed_do04_ep300_uni5e-5,abmil8_pdl_id2_dropout,ABMIL-PDL Contextual + ESM2,abmil_hc_cell_ext_embed_gated_8_pdl,abmil,esm,bulk,bulk_shared,cell_embeddings.pt,canonical_contextualized,abmil_hc_cell_ext_embed_gated_8_pdl__hp_lr0p0001_att256_do0_pdl0p7_pdlprojidentity_pdlprojl2_wd0p0001_selauprc_cw1__emb_esm,val_auprc_macro_mean,0.561291,0.0001,0.0001,512,300,50,42,6,5,0,8,256,0.0,0.0,linear,True,0.7,identity,2,new
therapeutic_target,held_out,therapeutic_target_efo_0000685,Rheumatoid arthritis,gae_vn_uni,gae_vn_uni,gae_vn_fixed_do04_ep300_uni5e-5,gae_vn_fixed_do04_ep300_uni5e-5,abmil8_pdl_id2_dropout,ABMIL-PDL Contextual + ESM2,abmil_hc_cell_ext_embed_gated_8_pdl,abmil,esm,bulk,bulk_shared,cell_embeddings.pt,canonical_contextualized,abmil_hc_cell_ext_embed_gated_8_pdl__hp_lr0p0001_att256_do0_pdl0p6_pdlprojidentity_pdlprojl2_wd0p0001_selauprc_cw1__emb_esm,val_auprc_macro_mean,0.596484,0.0001,0.0001,512,300,50,42,6,5,0,8,256,0.0,0.0,linear,True,0.6,identity,2,new
therapeutic_target,held_out,therapeutic_target_efo_0000305,Breast carcinoma,gae_vn_uni,gae_vn_uni,gae_vn_fixed_do04_ep300_uni5e-5,gae_vn_fixed_do04_ep300_uni5e-5,abmil8_pdl_id2_dropout,ABMIL-PDL Contextual + ESM2,abmil_hc_cell_ext_embed_gated_8_pdl,abmil,esm,bulk,bulk_shared,cell_embeddings.pt,canonical_contextualized,abmil_hc_cell_ext_embed_gated_8_pdl__hp_lr0p0001_att256_do0_pdl0p3_pdlprojidentity_pdlprojl2_wd0p0001_selauprc_cw1__emb_esm,val_auprc_macro_mean,0.810883,0.0001,0.0001,512,300,50,42,6,5,0,8,256,0.0,0.0,linear,True,0.3,identity,2,new
therapeutic_target,held_out,therapeutic_target_efo_1001207,Systolic heart failure,gae_vn_uni,gae_vn_uni,gae_vn_fixed_do04_ep300_uni5e-5,gae_vn_fixed_do04_ep300_uni5e-5,abmil8_pdl_id2_dropout,ABMIL-PDL Contextual + ESM2,abmil_hc_cell_ext_embed_gated_8_pdl,abmil,esm,bulk,bulk_shared,cell_embeddings.pt,canonical_contextualized,abmil_hc_cell_ext_embed_gated_8_pdl__hp_lr0p0001_att256_do0_pdl0p5_pdlprojidentity_pdlprojl2_wd0p0001_selauprc_cw1__emb_esm,val_auprc_macro_mean,0.827983,0.0001,0.0001,512,300,50,42,6,5,0,8,256,0.0,0.0,linear,True,0.5,identity,2,new
therapeutic_target,held_out,therapeutic_target_efo_0000571,Lung adenocarcinoma,gae_vn_uni,gae_vn_uni,gae_vn_fixed_do04_ep300_uni5e-5,gae_vn_fixed_do04_ep300_uni5e-5,abmil8_pdl_id2_dropout,ABMIL-PDL Contextual + ESM2,abmil_hc_cell_ext_embed_gated_8_pdl,abmil,esm,bulk,bulk_shared,cell_embeddings.pt,canonical_contextualized,abmil_hc_cell_ext_embed_gated_8_pdl__hp_lr0p0001_att256_do0_pdl0p3_pdlprojidentity_pdlprojl2_wd0p0001_selauprc_cw1__emb_esm,val_auprc_macro_mean,0.670967,0.0001,0.0001,512,300,50,42,6,5,0,8,256,0.0,0.0,linear,True,0.3,identity,2,new
therapeutic_target,held_out,therapeutic_target_efo_0000676,Psoriasis,gae_vn_uni,gae_vn_uni,gae_vn_fixed_do04_ep300_uni5e-5,gae_vn_fixed_do04_ep300_uni5e-5,abmil8_pdl_id2_dropout,ABMIL-PDL Contextual + ESM2,abmil_hc_cell_ext_embed_gated_8_pdl,abmil,esm,bulk,bulk_shared,cell_embeddings.pt,canonical_contextualized,abmil_hc_cell_ext_embed_gated_8_pdl__hp_lr0p0001_att256_do0_pdl0p5_pdlprojidentity_pdlprojl2_wd0p0001_selauprc_cw1__emb_esm,val_auprc_macro_mean,0.708893,0.0001,0.0001,512,300,50,42,6,5,0,8,256,0.0,0.0,linear,True,0.5,identity,2,new
therapeutic_target,held_out,therapeutic_target_efo_0001361,Pulmonary arterial hypertension,gae_vn_uni,gae_vn_uni,gae_vn_fixed_do04_ep300_uni5e-5,gae_vn_fixed_do04_ep300_uni5e-5,abmil8_pdl_id2_dropout,ABMIL-PDL Contextual + ESM2,abmil_hc_cell_ext_embed_gated_8_pdl,abmil,esm,bulk,bulk_shared,cell_embeddings.pt,canonical_contextualized,abmil_hc_cell_ext_embed_gated_8_pdl__hp_lr0p0001_att256_do0_pdl0p3_pdlprojidentity_pdlprojl2_wd0p0001_selauprc_cw1__emb_esm,val_auprc_macro_mean,0.492796,0.0001,0.0001,512,300,50,42,6,5,0,8,256,0.0,0.0,linear,True,0.3,identity,2,new
therapeutic_target,held_out,therapeutic_target_mondo_0005148,Type 2 diabetes,gae_vn_uni,gae_vn_uni,gae_vn_fixed_do04_ep300_uni5e-5,gae_vn_fixed_do04_ep300_uni5e-5,abmil8_pdl_id2_dropout,ABMIL-PDL Contextual + ESM2,abmil_hc_cell_ext_embed_gated_8_pdl,abmil,esm,bulk,bulk_shared,cell_embeddings.pt,canonical_contextualized,abmil_hc_cell_ext_embed_gated_8_pdl__hp_lr0p0001_att256_do0_pdl0p6_pdlprojidentity_pdlprojl2_wd0p0001_selauprc_cw1__emb_esm,val_auprc_macro_mean,0.723690,0.0001,0.0001,512,300,50,42,6,5,0,8,256,0.0,0.0,linear,True,0.6,identity,2,new
therapeutic_target,held_out,therapeutic_target_mondo_0007915,Systemic lupus erythematosus,gae_vn_uni,gae_vn_uni,gae_vn_fixed_do04_ep300_uni5e-5,gae_vn_fixed_do04_ep300_uni5e-5,abmil8_pdl_id2_dropout,ABMIL-PDL Contextual + ESM2,abmil_hc_cell_ext_embed_gated_8_pdl,abmil,esm,bulk,bulk_shared,cell_embeddings.pt,canonical_contextualized,abmil_hc_cell_ext_embed_gated_8_pdl__hp_lr0p0001_att256_do0_pdl0p7_pdlprojidentity_pdlprojl2_wd0p0001_selauprc_cw1__emb_esm,val_auprc_macro_mean,0.694097,0.0001,0.0001,512,300,50,42,6,5,0,8,256,0.0,0.0,linear,True,0.7,identity,2,new
therapeutic_target,held_out,therapeutic_target_efo_0000274,Atopic eczema,gae_vn_uni,gae_vn_uni,gae_vn_fixed_do04_ep300_uni5e-5,gae_vn_fixed_do04_ep300_uni5e-5,abmil8_pdl_id2_dropout,ABMIL-PDL Contextual + ESM2,abmil_hc_cell_ext_embed_gated_8_pdl,abmil,esm,bulk,bulk_shared,cell_embeddings.pt,canonical_contextualized,abmil_hc_cell_ext_embed_gated_8_pdl__hp_lr0p0001_att256_do0_pdl0p7_pdlprojidentity_pdlprojl2_wd0p0001_selauprc_cw1__emb_esm,val_auprc_macro_mean,0.474692,0.0001,0.0001,512,300,50,42,6,5,0,8,256,0.0,0.0,linear,True,0.7,identity,2,new
therapeutic_target,held_out,therapeutic_target_mondo_0004979,Asthma,gae_vn_uni,gae_vn_uni,gae_vn_fixed_do04_ep300_uni5e-5,gae_vn_fixed_do04_ep300_uni5e-5,abmil8_pdl_id2_dropout,ABMIL-PDL Contextual + ESM2,abmil_hc_cell_ext_embed_gated_8_pdl,abmil,esm,bulk,bulk_shared,cell_embeddings.pt,canonical_contextualized,abmil_hc_cell_ext_embed_gated_8_pdl__hp_lr0p0001_att256_do0_pdl0p4_pdlprojidentity_pdlprojl2_wd0p0001_selauprc_cw1__emb_esm,val_auprc_macro_mean,0.564535,0.0001,0.0001,512,300,50,42,6,5,0,8,256,0.0,0.0,linear,True,0.4,identity,2,new
therapeutic_target,held_out,therapeutic_target_efo_0000341,COPD,gae_vn_uni,gae_vn_uni,gae_vn_fixed_do04_ep300_uni5e-5,gae_vn_fixed_do04_ep300_uni5e-5,abmil8_pdl_id2_dropout,ABMIL-PDL Contextual + ESM2,abmil_hc_cell_ext_embed_gated_8_pdl,abmil,esm,bulk,bulk_shared,cell_embeddings.pt,canonical_contextualized,abmil_hc_cell_ext_embed_gated_8_pdl__hp_lr0p0001_att256_do0_pdl0p7_pdlprojidentity_pdlprojl2_wd0p0001_selauprc_cw1__emb_esm,val_auprc_macro_mean,0.692215,0.0001,0.0001,512,300,50,42,6,5,0,8,256,0.0,0.0,linear,True,0.7,identity,2,new
therapeutic_target,held_out,therapeutic_target_efo_1001249,NASH,gae_vn_uni,gae_vn_uni,gae_vn_fixed_do04_ep300_uni5e-5,gae_vn_fixed_do04_ep300_uni5e-5,abmil8_pdl_id2_dropout,ABMIL-PDL Contextual + ESM2,abmil_hc_cell_ext_embed_gated_8_pdl,abmil,esm,bulk,bulk_shared,cell_embeddings.pt,canonical_contextualized,abmil_hc_cell_ext_embed_gated_8_pdl__hp_lr0p0001_att256_do0_pdl0p5_pdlprojidentity_pdlprojl2_wd0p0001_selauprc_cw1__emb_esm,val_auprc_macro_mean,0.642753,0.0001,0.0001,512,300,50,42,6,5,0,8,256,0.0,0.0,linear,True,0.5,identity,2,new
therapeutic_target,held_out,therapeutic_target_efo_0003884,Chronic kidney disease,gae_vn_uni,gae_vn_uni,gae_vn_fixed_do04_ep300_uni5e-5,gae_vn_fixed_do04_ep300_uni5e-5,abmil8_pdl_id2_dropout,ABMIL-PDL Contextual + ESM2,abmil_hc_cell_ext_embed_gated_8_pdl,abmil,esm,bulk,bulk_shared,cell_embeddings.pt,canonical_contextualized,abmil_hc_cell_ext_embed_gated_8_pdl__hp_lr0p0001_att256_do0_pdl0p2_pdlprojidentity_pdlprojl2_wd0p0001_selauprc_cw1__emb_esm,val_auprc_macro_mean,0.644661,0.0001,0.0001,512,300,50,42,6,5,0,8,256,0.0,0.0,linear,True,0.2,identity,2,new
therapeutic_target,held_out,therapeutic_target_mondo_0005180,Parkinson disease,gae_vn_uni,gae_vn_uni,gae_vn_fixed_do04_ep300_uni5e-5,gae_vn_fixed_do04_ep300_uni5e-5,abmil8_pdl_id2_dropout,ABMIL-PDL Contextual + ESM2,abmil_hc_cell_ext_embed_gated_8_pdl,abmil,esm,bulk,bulk_shared,cell_embeddings.pt,canonical_contextualized,abmil_hc_cell_ext_embed_gated_8_pdl__hp_lr0p0001_att256_do0_pdl0p4_pdlprojidentity_pdlprojl2_wd0p0001_selauprc_cw1__emb_esm,val_auprc_macro_mean,0.692600,0.0001,0.0001,512,300,50,42,6,5,0,8,256,0.0,0.0,linear,True,0.4,identity,2,new
therapeutic_target,held_out,therapeutic_target_efo_0003767,Inflammatory bowel disease,gae_lvn,gae_lvn,gae_learnedvn_fixed_do06_ep300,gae_learnedvn_fixed_do06_ep300,abmil8_pdl_id2_dropout,ABMIL-PDL Contextual + ESM2,abmil_hc_cell_ext_embed_gated_8_pdl,abmil,esm,bulk,bulk_shared,cell_embeddings.pt,canonical_contextualized,abmil_hc_cell_ext_embed_gated_8_pdl__hp_lr0p0001_att256_do0_pdl0p3_pdlimplnew_pdlprojidentity_pdlprojl2_wd0p0001_selauprc_cw1__emb_esm,val_auprc_macro_mean,0.530022,0.0001,0.0001,512,300,50,42,6,5,0,8,256,0.0,0.0,linear,True,0.3,identity,2,new
therapeutic_target,held_out,therapeutic_target_efo_0000685,Rheumatoid arthritis,gae_lvn,gae_lvn,gae_learnedvn_fixed_do06_ep300,gae_learnedvn_fixed_do06_ep300,abmil8_pdl_id2_dropout,ABMIL-PDL Contextual + ESM2,abmil_hc_cell_ext_embed_gated_8_pdl,abmil,esm,bulk,bulk_shared,cell_embeddings.pt,canonical_contextualized,abmil_hc_cell_ext_embed_gated_8_pdl__hp_lr0p0001_att256_do0_pdl0p5_pdlimplnew_pdlprojidentity_pdlprojl2_wd0p0001_selauprc_cw1__emb_esm,val_auprc_macro_mean,0.600544,0.0001,0.0001,512,300,50,42,6,5,0,8,256,0.0,0.0,linear,True,0.5,identity,2,new
therapeutic_target,held_out,therapeutic_target_efo_0000305,Breast carcinoma,gae_lvn,gae_lvn,gae_learnedvn_fixed_do06_ep300,gae_learnedvn_fixed_do06_ep300,abmil8_pdl_id2_dropout,ABMIL-PDL Contextual + ESM2,abmil_hc_cell_ext_embed_gated_8_pdl,abmil,esm,bulk,bulk_shared,cell_embeddings.pt,canonical_contextualized,abmil_hc_cell_ext_embed_gated_8_pdl__hp_lr0p0001_att256_do0_pdl0p6_pdlimplnew_pdlprojidentity_pdlprojl2_wd0p0001_selauprc_cw1__emb_esm,val_auprc_macro_mean,0.806494,0.0001,0.0001,512,300,50,42,6,5,0,8,256,0.0,0.0,linear,True,0.6,identity,2,new
therapeutic_target,held_out,therapeutic_target_efo_1001207,Systolic heart failure,gae_lvn,gae_lvn,gae_learnedvn_fixed_do06_ep300,gae_learnedvn_fixed_do06_ep300,abmil8_pdl_id2_dropout,ABMIL-PDL Contextual + ESM2,abmil_hc_cell_ext_embed_gated_8_pdl,abmil,esm,bulk,bulk_shared,cell_embeddings.pt,canonical_contextualized,abmil_hc_cell_ext_embed_gated_8_pdl__hp_lr0p0001_att256_do0_pdl0p6_pdlimplnew_pdlprojidentity_pdlprojl2_wd0p0001_selauprc_cw1__emb_esm,val_auprc_macro_mean,0.839961,0.0001,0.0001,512,300,50,42,6,5,0,8,256,0.0,0.0,linear,True,0.6,identity,2,new
therapeutic_target,held_out,therapeutic_target_efo_0000571,Lung adenocarcinoma,gae_lvn,gae_lvn,gae_learnedvn_fixed_do06_ep300,gae_learnedvn_fixed_do06_ep300,abmil8_pdl_id2_dropout,ABMIL-PDL Contextual + ESM2,abmil_hc_cell_ext_embed_gated_8_pdl,abmil,esm,bulk,bulk_shared,cell_embeddings.pt,canonical_contextualized,abmil_hc_cell_ext_embed_gated_8_pdl__hp_lr0p0001_att256_do0_pdl0p7_pdlimplnew_pdlprojidentity_pdlprojl2_wd0p0001_selauprc_cw1__emb_esm,val_auprc_macro_mean,0.702686,0.0001,0.0001,512,300,50,42,6,5,0,8,256,0.0,0.0,linear,True,0.7,identity,2,new
therapeutic_target,held_out,therapeutic_target_efo_0000676,Psoriasis,gae_lvn,gae_lvn,gae_learnedvn_fixed_do06_ep300,gae_learnedvn_fixed_do06_ep300,abmil8_pdl_id2_dropout,ABMIL-PDL Contextual + ESM2,abmil_hc_cell_ext_embed_gated_8_pdl,abmil,esm,bulk,bulk_shared,cell_embeddings.pt,canonical_contextualized,abmil_hc_cell_ext_embed_gated_8_pdl__hp_lr0p0001_att256_do0_pdl0p5_pdlimplnew_pdlprojidentity_pdlprojl2_wd0p0001_selauprc_cw1__emb_esm,val_auprc_macro_mean,0.718594,0.0001,0.0001,512,300,50,42,6,5,0,8,256,0.0,0.0,linear,True,0.5,identity,2,new
therapeutic_target,held_out,therapeutic_target_efo_0001361,Pulmonary arterial hypertension,gae_lvn,gae_lvn,gae_learnedvn_fixed_do06_ep300,gae_learnedvn_fixed_do06_ep300,abmil8_pdl_id2_dropout,ABMIL-PDL Contextual + ESM2,abmil_hc_cell_ext_embed_gated_8_pdl,abmil,esm,bulk,bulk_shared,cell_embeddings.pt,canonical_contextualized,abmil_hc_cell_ext_embed_gated_8_pdl__hp_lr0p0001_att256_do0_pdl0p2_pdlimplnew_pdlprojidentity_pdlprojl2_wd0p0001_selauprc_cw1__emb_esm,val_auprc_macro_mean,0.437008,0.0001,0.0001,512,300,50,42,6,5,0,8,256,0.0,0.0,linear,True,0.2,identity,2,new
therapeutic_target,held_out,therapeutic_target_mondo_0005148,Type 2 diabetes,gae_lvn,gae_lvn,gae_learnedvn_fixed_do06_ep300,gae_learnedvn_fixed_do06_ep300,abmil8_pdl_id2_dropout,ABMIL-PDL Contextual + ESM2,abmil_hc_cell_ext_embed_gated_8_pdl,abmil,esm,bulk,bulk_shared,cell_embeddings.pt,canonical_contextualized,abmil_hc_cell_ext_embed_gated_8_pdl__hp_lr0p0001_att256_do0_pdl0p6_pdlimplnew_pdlprojidentity_pdlprojl2_wd0p0001_selauprc_cw1__emb_esm,val_auprc_macro_mean,0.689228,0.0001,0.0001,512,300,50,42,6,5,0,8,256,0.0,0.0,linear,True,0.6,identity,2,new
therapeutic_target,held_out,therapeutic_target_mondo_0007915,Systemic lupus erythematosus,gae_lvn,gae_lvn,gae_learnedvn_fixed_do06_ep300,gae_learnedvn_fixed_do06_ep300,abmil8_pdl_id2_dropout,ABMIL-PDL Contextual + ESM2,abmil_hc_cell_ext_embed_gated_8_pdl,abmil,esm,bulk,bulk_shared,cell_embeddings.pt,canonical_contextualized,abmil_hc_cell_ext_embed_gated_8_pdl__hp_lr0p0001_att256_do0_pdl0p4_pdlimplnew_pdlprojidentity_pdlprojl2_wd0p0001_selauprc_cw1__emb_esm,val_auprc_macro_mean,0.669762,0.0001,0.0001,512,300,50,42,6,5,0,8,256,0.0,0.0,linear,True,0.4,identity,2,new
therapeutic_target,held_out,therapeutic_target_efo_0000274,Atopic eczema,gae_lvn,gae_lvn,gae_learnedvn_fixed_do06_ep300,gae_learnedvn_fixed_do06_ep300,abmil8_pdl_id2_dropout,ABMIL-PDL Contextual + ESM2,abmil_hc_cell_ext_embed_gated_8_pdl,abmil,esm,bulk,bulk_shared,cell_embeddings.pt,canonical_contextualized,abmil_hc_cell_ext_embed_gated_8_pdl__hp_lr0p0001_att256_do0_pdl0p7_pdlimplnew_pdlprojidentity_pdlprojl2_wd0p0001_selauprc_cw1__emb_esm,val_auprc_macro_mean,0.379796,0.0001,0.0001,512,300,50,42,6,5,0,8,256,0.0,0.0,linear,True,0.7,identity,2,new
therapeutic_target,held_out,therapeutic_target_mondo_0004979,Asthma,gae_lvn,gae_lvn,gae_learnedvn_fixed_do06_ep300,gae_learnedvn_fixed_do06_ep300,abmil8_pdl_id2_dropout,ABMIL-PDL Contextual + ESM2,abmil_hc_cell_ext_embed_gated_8_pdl,abmil,esm,bulk,bulk_shared,cell_embeddings.pt,canonical_contextualized,abmil_hc_cell_ext_embed_gated_8_pdl__hp_lr0p0001_att256_do0_pdl0p3_pdlimplnew_pdlprojidentity_pdlprojl2_wd0p0001_selauprc_cw1__emb_esm,val_auprc_macro_mean,0.530577,0.0001,0.0001,512,300,50,42,6,5,0,8,256,0.0,0.0,linear,True,0.3,identity,2,new
therapeutic_target,held_out,therapeutic_target_efo_0000341,COPD,gae_lvn,gae_lvn,gae_learnedvn_fixed_do06_ep300,gae_learnedvn_fixed_do06_ep300,abmil8_pdl_id2_dropout,ABMIL-PDL Contextual + ESM2,abmil_hc_cell_ext_embed_gated_8_pdl,abmil,esm,bulk,bulk_shared,cell_embeddings.pt,canonical_contextualized,abmil_hc_cell_ext_embed_gated_8_pdl__hp_lr0p0001_att256_do0_pdl0p7_pdlimplnew_pdlprojidentity_pdlprojl2_wd0p0001_selauprc_cw1__emb_esm,val_auprc_macro_mean,0.635323,0.0001,0.0001,512,300,50,42,6,5,0,8,256,0.0,0.0,linear,True,0.7,identity,2,new
therapeutic_target,held_out,therapeutic_target_efo_1001249,NASH,gae_lvn,gae_lvn,gae_learnedvn_fixed_do06_ep300,gae_learnedvn_fixed_do06_ep300,abmil8_pdl_id2_dropout,ABMIL-PDL Contextual + ESM2,abmil_hc_cell_ext_embed_gated_8_pdl,abmil,esm,bulk,bulk_shared,cell_embeddings.pt,canonical_contextualized,abmil_hc_cell_ext_embed_gated_8_pdl__hp_lr0p0001_att256_do0_pdl0p3_pdlimplnew_pdlprojidentity_pdlprojl2_wd0p0001_selauprc_cw1__emb_esm,val_auprc_macro_mean,0.666366,0.0001,0.0001,512,300,50,42,6,5,0,8,256,0.0,0.0,linear,True,0.3,identity,2,new
therapeutic_target,held_out,therapeutic_target_efo_0003884,Chronic kidney disease,gae_lvn,gae_lvn,gae_learnedvn_fixed_do06_ep300,gae_learnedvn_fixed_do06_ep300,abmil8_pdl_id2_dropout,ABMIL-PDL Contextual + ESM2,abmil_hc_cell_ext_embed_gated_8_pdl,abmil,esm,bulk,bulk_shared,cell_embeddings.pt,canonical_contextualized,abmil_hc_cell_ext_embed_gated_8_pdl__hp_lr0p0001_att256_do0_pdl0p4_pdlimplnew_pdlprojidentity_pdlprojl2_wd0p0001_selauprc_cw1__emb_esm,val_auprc_macro_mean,0.633762,0.0001,0.0001,512,300,50,42,6,5,0,8,256,0.0,0.0,linear,True,0.4,identity,2,new
therapeutic_target,held_out,therapeutic_target_mondo_0005180,Parkinson disease,gae_lvn,gae_lvn,gae_learnedvn_fixed_do06_ep300,gae_learnedvn_fixed_do06_ep300,abmil8_pdl_id2_dropout,ABMIL-PDL Contextual + ESM2,abmil_hc_cell_ext_embed_gated_8_pdl,abmil,esm,bulk,bulk_shared,cell_embeddings.pt,canonical_contextualized,abmil_hc_cell_ext_embed_gated_8_pdl__hp_lr0p0001_att256_do0_pdl0p2_pdlimplnew_pdlprojidentity_pdlprojl2_wd0p0001_selauprc_cw1__emb_esm,val_auprc_macro_mean,0.704231,0.0001,0.0001,512,300,50,42,6,5,0,8,256,0.0,0.0,linear,True,0.2,identity,2,new
therapeutic_target,held_out,therapeutic_target_efo_0003767,Inflammatory bowel disease,gae_lvn_uni,gae_lvn_uni,gae_learnedvn_fixed_do06_ep300_uni5e-5,gae_learnedvn_fixed_do06_ep300_uni5e-5,abmil8_pdl_id2_dropout,ABMIL-PDL Contextual + ESM2,abmil_hc_cell_ext_embed_gated_8_pdl,abmil,esm,bulk,bulk_shared,cell_embeddings.pt,canonical_contextualized,abmil_hc_cell_ext_embed_gated_8_pdl__hp_lr0p0001_att256_do0_pdl0p4_pdlprojidentity_pdlprojl2_wd0p0001_selauprc_cw1__emb_esm,val_auprc_macro_mean,0.538677,0.0001,0.0001,512,300,50,42,6,5,0,8,256,0.0,0.0,linear,True,0.4,identity,2,new
therapeutic_target,held_out,therapeutic_target_efo_0000685,Rheumatoid arthritis,gae_lvn_uni,gae_lvn_uni,gae_learnedvn_fixed_do06_ep300_uni5e-5,gae_learnedvn_fixed_do06_ep300_uni5e-5,abmil8_pdl_id2_dropout,ABMIL-PDL Contextual + ESM2,abmil_hc_cell_ext_embed_gated_8_pdl,abmil,esm,bulk,bulk_shared,cell_embeddings.pt,canonical_contextualized,abmil_hc_cell_ext_embed_gated_8_pdl__hp_lr0p0001_att256_do0_pdl0p6_pdlprojidentity_pdlprojl2_wd0p0001_selauprc_cw1__emb_esm,val_auprc_macro_mean,0.561697,0.0001,0.0001,512,300,50,42,6,5,0,8,256,0.0,0.0,linear,True,0.6,identity,2,new
therapeutic_target,held_out,therapeutic_target_efo_0000305,Breast carcinoma,gae_lvn_uni,gae_lvn_uni,gae_learnedvn_fixed_do06_ep300_uni5e-5,gae_learnedvn_fixed_do06_ep300_uni5e-5,abmil8_pdl_id2_dropout,ABMIL-PDL Contextual + ESM2,abmil_hc_cell_ext_embed_gated_8_pdl,abmil,esm,bulk,bulk_shared,cell_embeddings.pt,canonical_contextualized,abmil_hc_cell_ext_embed_gated_8_pdl__hp_lr0p0001_att256_do0_pdl0p6_pdlprojidentity_pdlprojl2_wd0p0001_selauprc_cw1__emb_esm,val_auprc_macro_mean,0.822991,0.0001,0.0001,512,300,50,42,6,5,0,8,256,0.0,0.0,linear,True,0.6,identity,2,new
therapeutic_target,held_out,therapeutic_target_efo_1001207,Systolic heart failure,gae_lvn_uni,gae_lvn_uni,gae_learnedvn_fixed_do06_ep300_uni5e-5,gae_learnedvn_fixed_do06_ep300_uni5e-5,abmil8_pdl_id2_dropout,ABMIL-PDL Contextual + ESM2,abmil_hc_cell_ext_embed_gated_8_pdl,abmil,esm,bulk,bulk_shared,cell_embeddings.pt,canonical_contextualized,abmil_hc_cell_ext_embed_gated_8_pdl__hp_lr0p0001_att256_do0_pdl0p6_pdlprojidentity_pdlprojl2_wd0p0001_selauprc_cw1__emb_esm,val_auprc_macro_mean,0.845929,0.0001,0.0001,512,300,50,42,6,5,0,8,256,0.0,0.0,linear,True,0.6,identity,2,new
therapeutic_target,held_out,therapeutic_target_efo_0000571,Lung adenocarcinoma,gae_lvn_uni,gae_lvn_uni,gae_learnedvn_fixed_do06_ep300_uni5e-5,gae_learnedvn_fixed_do06_ep300_uni5e-5,abmil8_pdl_id2_dropout,ABMIL-PDL Contextual + ESM2,abmil_hc_cell_ext_embed_gated_8_pdl,abmil,esm,bulk,bulk_shared,cell_embeddings.pt,canonical_contextualized,abmil_hc_cell_ext_embed_gated_8_pdl__hp_lr0p0001_att256_do0_pdl0p7_pdlprojidentity_pdlprojl2_wd0p0001_selauprc_cw1__emb_esm,val_auprc_macro_mean,0.676513,0.0001,0.0001,512,300,50,42,6,5,0,8,256,0.0,0.0,linear,True,0.7,identity,2,new
therapeutic_target,held_out,therapeutic_target_efo_0000676,Psoriasis,gae_lvn_uni,gae_lvn_uni,gae_learnedvn_fixed_do06_ep300_uni5e-5,gae_learnedvn_fixed_do06_ep300_uni5e-5,abmil8_pdl_id2_dropout,ABMIL-PDL Contextual + ESM2,abmil_hc_cell_ext_embed_gated_8_pdl,abmil,esm,bulk,bulk_shared,cell_embeddings.pt,canonical_contextualized,abmil_hc_cell_ext_embed_gated_8_pdl__hp_lr0p0001_att256_do0_pdl0p4_pdlprojidentity_pdlprojl2_wd0p0001_selauprc_cw1__emb_esm,val_auprc_macro_mean,0.725519,0.0001,0.0001,512,300,50,42,6,5,0,8,256,0.0,0.0,linear,True,0.4,identity,2,new
therapeutic_target,held_out,therapeutic_target_efo_0001361,Pulmonary arterial hypertension,gae_lvn_uni,gae_lvn_uni,gae_learnedvn_fixed_do06_ep300_uni5e-5,gae_learnedvn_fixed_do06_ep300_uni5e-5,abmil8_pdl_id2_dropout,ABMIL-PDL Contextual + ESM2,abmil_hc_cell_ext_embed_gated_8_pdl,abmil,esm,bulk,bulk_shared,cell_embeddings.pt,canonical_contextualized,abmil_hc_cell_ext_embed_gated_8_pdl__hp_lr0p0001_att256_do0_pdl0p6_pdlprojidentity_pdlprojl2_wd0p0001_selauprc_cw1__emb_esm,val_auprc_macro_mean,0.472600,0.0001,0.0001,512,300,50,42,6,5,0,8,256,0.0,0.0,linear,True,0.6,identity,2,new
therapeutic_target,held_out,therapeutic_target_mondo_0005148,Type 2 diabetes,gae_lvn_uni,gae_lvn_uni,gae_learnedvn_fixed_do06_ep300_uni5e-5,gae_learnedvn_fixed_do06_ep300_uni5e-5,abmil8_pdl_id2_dropout,ABMIL-PDL Contextual + ESM2,abmil_hc_cell_ext_embed_gated_8_pdl,abmil,esm,bulk,bulk_shared,cell_embeddings.pt,canonical_contextualized,abmil_hc_cell_ext_embed_gated_8_pdl__hp_lr0p0001_att256_do0_pdl0p4_pdlprojidentity_pdlprojl2_wd0p0001_selauprc_cw1__emb_esm,val_auprc_macro_mean,0.720079,0.0001,0.0001,512,300,50,42,6,5,0,8,256,0.0,0.0,linear,True,0.4,identity,2,new
therapeutic_target,held_out,therapeutic_target_mondo_0007915,Systemic lupus erythematosus,gae_lvn_uni,gae_lvn_uni,gae_learnedvn_fixed_do06_ep300_uni5e-5,gae_learnedvn_fixed_do06_ep300_uni5e-5,abmil8_pdl_id2_dropout,ABMIL-PDL Contextual + ESM2,abmil_hc_cell_ext_embed_gated_8_pdl,abmil,esm,bulk,bulk_shared,cell_embeddings.pt,canonical_contextualized,abmil_hc_cell_ext_embed_gated_8_pdl__hp_lr0p0001_att256_do0_pdl0p7_pdlprojidentity_pdlprojl2_wd0p0001_selauprc_cw1__emb_esm,val_auprc_macro_mean,0.692524,0.0001,0.0001,512,300,50,42,6,5,0,8,256,0.0,0.0,linear,True,0.7,identity,2,new
therapeutic_target,held_out,therapeutic_target_efo_0000274,Atopic eczema,gae_lvn_uni,gae_lvn_uni,gae_learnedvn_fixed_do06_ep300_uni5e-5,gae_learnedvn_fixed_do06_ep300_uni5e-5,abmil8_pdl_id2_dropout,ABMIL-PDL Contextual + ESM2,abmil_hc_cell_ext_embed_gated_8_pdl,abmil,esm,bulk,bulk_shared,cell_embeddings.pt,canonical_contextualized,abmil_hc_cell_ext_embed_gated_8_pdl__hp_lr0p0001_att256_do0_pdl0p6_pdlprojidentity_pdlprojl2_wd0p0001_selauprc_cw1__emb_esm,val_auprc_macro_mean,0.399511,0.0001,0.0001,512,300,50,42,6,5,0,8,256,0.0,0.0,linear,True,0.6,identity,2,new
therapeutic_target,held_out,therapeutic_target_mondo_0004979,Asthma,gae_lvn_uni,gae_lvn_uni,gae_learnedvn_fixed_do06_ep300_uni5e-5,gae_learnedvn_fixed_do06_ep300_uni5e-5,abmil8_pdl_id2_dropout,ABMIL-PDL Contextual + ESM2,abmil_hc_cell_ext_embed_gated_8_pdl,abmil,esm,bulk,bulk_shared,cell_embeddings.pt,canonical_contextualized,abmil_hc_cell_ext_embed_gated_8_pdl__hp_lr0p0001_att256_do0_pdl0p5_pdlprojidentity_pdlprojl2_wd0p0001_selauprc_cw1__emb_esm,val_auprc_macro_mean,0.549086,0.0001,0.0001,512,300,50,42,6,5,0,8,256,0.0,0.0,linear,True,0.5,identity,2,new
therapeutic_target,held_out,therapeutic_target_efo_0000341,COPD,gae_lvn_uni,gae_lvn_uni,gae_learnedvn_fixed_do06_ep300_uni5e-5,gae_learnedvn_fixed_do06_ep300_uni5e-5,abmil8_pdl_id2_dropout,ABMIL-PDL Contextual + ESM2,abmil_hc_cell_ext_embed_gated_8_pdl,abmil,esm,bulk,bulk_shared,cell_embeddings.pt,canonical_contextualized,abmil_hc_cell_ext_embed_gated_8_pdl__hp_lr0p0001_att256_do0_pdl0p2_pdlprojidentity_pdlprojl2_wd0p0001_selauprc_cw1__emb_esm,val_auprc_macro_mean,0.643958,0.0001,0.0001,512,300,50,42,6,5,0,8,256,0.0,0.0,linear,True,0.2,identity,2,new
therapeutic_target,held_out,therapeutic_target_efo_1001249,NASH,gae_lvn_uni,gae_lvn_uni,gae_learnedvn_fixed_do06_ep300_uni5e-5,gae_learnedvn_fixed_do06_ep300_uni5e-5,abmil8_pdl_id2_dropout,ABMIL-PDL Contextual + ESM2,abmil_hc_cell_ext_embed_gated_8_pdl,abmil,esm,bulk,bulk_shared,cell_embeddings.pt,canonical_contextualized,abmil_hc_cell_ext_embed_gated_8_pdl__hp_lr0p0001_att256_do0_pdl0p5_pdlprojidentity_pdlprojl2_wd0p0001_selauprc_cw1__emb_esm,val_auprc_macro_mean,0.652101,0.0001,0.0001,512,300,50,42,6,5,0,8,256,0.0,0.0,linear,True,0.5,identity,2,new
therapeutic_target,held_out,therapeutic_target_efo_0003884,Chronic kidney disease,gae_lvn_uni,gae_lvn_uni,gae_learnedvn_fixed_do06_ep300_uni5e-5,gae_learnedvn_fixed_do06_ep300_uni5e-5,abmil8_pdl_id2_dropout,ABMIL-PDL Contextual + ESM2,abmil_hc_cell_ext_embed_gated_8_pdl,abmil,esm,bulk,bulk_shared,cell_embeddings.pt,canonical_contextualized,abmil_hc_cell_ext_embed_gated_8_pdl__hp_lr0p0001_att256_do0_pdl0p5_pdlprojidentity_pdlprojl2_wd0p0001_selauprc_cw1__emb_esm,val_auprc_macro_mean,0.653142,0.0001,0.0001,512,300,50,42,6,5,0,8,256,0.0,0.0,linear,True,0.5,identity,2,new
therapeutic_target,held_out,therapeutic_target_mondo_0005180,Parkinson disease,gae_lvn_uni,gae_lvn_uni,gae_learnedvn_fixed_do06_ep300_uni5e-5,gae_learnedvn_fixed_do06_ep300_uni5e-5,abmil8_pdl_id2_dropout,ABMIL-PDL Contextual + ESM2,abmil_hc_cell_ext_embed_gated_8_pdl,abmil,esm,bulk,bulk_shared,cell_embeddings.pt,canonical_contextualized,abmil_hc_cell_ext_embed_gated_8_pdl__hp_lr0p0001_att256_do0_pdl0p5_pdlprojidentity_pdlprojl2_wd0p0001_selauprc_cw1__emb_esm,val_auprc_macro_mean,0.655958,0.0001,0.0001,512,300,50,42,6,5,0,8,256,0.0,0.0,linear,True,0.5,identity,2,new
therapeutic_target,held_out,therapeutic_target_efo_0003767,Inflammatory bowel disease,s2gae_att,s2gae_att,s2gae_att_k1_fixed_do04,s2gae_att_k1_fixed_do04,abmil8_pdl_id2_dropout,ABMIL-PDL Contextual + ESM2,abmil_hc_cell_ext_embed_gated_8_pdl,abmil,esm,bulk,bulk_shared,cell_embeddings.pt,canonical_contextualized,abmil_hc_cell_ext_embed_gated_8_pdl__hp_lr0p0001_att256_do0_pdl0p6_pdlimplnew_pdlprojidentity_pdlprojl2_wd0p0001_selauprc_cw1__emb_esm,val_auprc_macro_mean,0.608107,0.0001,0.0001,512,300,50,42,6,5,0,8,256,0.0,0.0,linear,True,0.6,identity,2,new
therapeutic_target,held_out,therapeutic_target_efo_0000685,Rheumatoid arthritis,s2gae_att,s2gae_att,s2gae_att_k1_fixed_do04,s2gae_att_k1_fixed_do04,abmil8_pdl_id2_dropout,ABMIL-PDL Contextual + ESM2,abmil_hc_cell_ext_embed_gated_8_pdl,abmil,esm,bulk,bulk_shared,cell_embeddings.pt,canonical_contextualized,abmil_hc_cell_ext_embed_gated_8_pdl__hp_lr0p0001_att256_do0_pdl0p5_pdlimplnew_pdlprojidentity_pdlprojl2_wd0p0001_selauprc_cw1__emb_esm,val_auprc_macro_mean,0.622806,0.0001,0.0001,512,300,50,42,6,5,0,8,256,0.0,0.0,linear,True,0.5,identity,2,new
therapeutic_target,held_out,therapeutic_target_efo_0000305,Breast carcinoma,s2gae_att,s2gae_att,s2gae_att_k1_fixed_do04,s2gae_att_k1_fixed_do04,abmil8_pdl_id2_dropout,ABMIL-PDL Contextual + ESM2,abmil_hc_cell_ext_embed_gated_8_pdl,abmil,esm,bulk,bulk_shared,cell_embeddings.pt,canonical_contextualized,abmil_hc_cell_ext_embed_gated_8_pdl__hp_lr0p0001_att256_do0_pdl0p6_pdlimplnew_pdlprojidentity_pdlprojl2_wd0p0001_selauprc_cw1__emb_esm,val_auprc_macro_mean,0.854804,0.0001,0.0001,512,300,50,42,6,5,0,8,256,0.0,0.0,linear,True,0.6,identity,2,new
therapeutic_target,held_out,therapeutic_target_efo_1001207,Systolic heart failure,s2gae_att,s2gae_att,s2gae_att_k1_fixed_do04,s2gae_att_k1_fixed_do04,abmil8_pdl_id2_dropout,ABMIL-PDL Contextual + ESM2,abmil_hc_cell_ext_embed_gated_8_pdl,abmil,esm,bulk,bulk_shared,cell_embeddings.pt,canonical_contextualized,abmil_hc_cell_ext_embed_gated_8_pdl__hp_lr0p0001_att256_do0_pdl0p2_pdlimplnew_pdlprojidentity_pdlprojl2_wd0p0001_selauprc_cw1__emb_esm,val_auprc_macro_mean,0.877935,0.0001,0.0001,512,300,50,42,6,5,0,8,256,0.0,0.0,linear,True,0.2,identity,2,new
therapeutic_target,held_out,therapeutic_target_efo_0000571,Lung adenocarcinoma,s2gae_att,s2gae_att,s2gae_att_k1_fixed_do04,s2gae_att_k1_fixed_do04,abmil8_pdl_id2_dropout,ABMIL-PDL Contextual + ESM2,abmil_hc_cell_ext_embed_gated_8_pdl,abmil,esm,bulk,bulk_shared,cell_embeddings.pt,canonical_contextualized,abmil_hc_cell_ext_embed_gated_8_pdl__hp_lr0p0001_att256_do0_pdl0p5_pdlimplnew_pdlprojidentity_pdlprojl2_wd0p0001_selauprc_cw1__emb_esm,val_auprc_macro_mean,0.749149,0.0001,0.0001,512,300,50,42,6,5,0,8,256,0.0,0.0,linear,True,0.5,identity,2,new
therapeutic_target,held_out,therapeutic_target_efo_0000676,Psoriasis,s2gae_att,s2gae_att,s2gae_att_k1_fixed_do04,s2gae_att_k1_fixed_do04,abmil8_pdl_id2_dropout,ABMIL-PDL Contextual + ESM2,abmil_hc_cell_ext_embed_gated_8_pdl,abmil,esm,bulk,bulk_shared,cell_embeddings.pt,canonical_contextualized,abmil_hc_cell_ext_embed_gated_8_pdl__hp_lr0p0001_att256_do0_pdl0p3_pdlimplnew_pdlprojidentity_pdlprojl2_wd0p0001_selauprc_cw1__emb_esm,val_auprc_macro_mean,0.761132,0.0001,0.0001,512,300,50,42,6,5,0,8,256,0.0,0.0,linear,True,0.3,identity,2,new
therapeutic_target,held_out,therapeutic_target_efo_0001361,Pulmonary arterial hypertension,s2gae_att,s2gae_att,s2gae_att_k1_fixed_do04,s2gae_att_k1_fixed_do04,abmil8_pdl_id2_dropout,ABMIL-PDL Contextual + ESM2,abmil_hc_cell_ext_embed_gated_8_pdl,abmil,esm,bulk,bulk_shared,cell_embeddings.pt,canonical_contextualized,abmil_hc_cell_ext_embed_gated_8_pdl__hp_lr0p0001_att256_do0_pdl0p3_pdlimplnew_pdlprojidentity_pdlprojl2_wd0p0001_selauprc_cw1__emb_esm,val_auprc_macro_mean,0.549277,0.0001,0.0001,512,300,50,42,6,5,0,8,256,0.0,0.0,linear,True,0.3,identity,2,new
therapeutic_target,held_out,therapeutic_target_mondo_0005148,Type 2 diabetes,s2gae_att,s2gae_att,s2gae_att_k1_fixed_do04,s2gae_att_k1_fixed_do04,abmil8_pdl_id2_dropout,ABMIL-PDL Contextual + ESM2,abmil_hc_cell_ext_embed_gated_8_pdl,abmil,esm,bulk,bulk_shared,cell_embeddings.pt,canonical_contextualized,abmil_hc_cell_ext_embed_gated_8_pdl__hp_lr0p0001_att256_do0_pdl0p5_pdlimplnew_pdlprojidentity_pdlprojl2_wd0p0001_selauprc_cw1__emb_esm,val_auprc_macro_mean,0.748626,0.0001,0.0001,512,300,50,42,6,5,0,8,256,0.0,0.0,linear,True,0.5,identity,2,new
therapeutic_target,held_out,therapeutic_target_mondo_0007915,Systemic lupus erythematosus,s2gae_att,s2gae_att,s2gae_att_k1_fixed_do04,s2gae_att_k1_fixed_do04,abmil8_pdl_id2_dropout,ABMIL-PDL Contextual + ESM2,abmil_hc_cell_ext_embed_gated_8_pdl,abmil,esm,bulk,bulk_shared,cell_embeddings.pt,canonical_contextualized,abmil_hc_cell_ext_embed_gated_8_pdl__hp_lr0p0001_att256_do0_pdl0p3_pdlimplnew_pdlprojidentity_pdlprojl2_wd0p0001_selauprc_cw1__emb_esm,val_auprc_macro_mean,0.755387,0.0001,0.0001,512,300,50,42,6,5,0,8,256,0.0,0.0,linear,True,0.3,identity,2,new
therapeutic_target,held_out,therapeutic_target_efo_0000274,Atopic eczema,s2gae_att,s2gae_att,s2gae_att_k1_fixed_do04,s2gae_att_k1_fixed_do04,abmil8_pdl_id2_dropout,ABMIL-PDL Contextual + ESM2,abmil_hc_cell_ext_embed_gated_8_pdl,abmil,esm,bulk,bulk_shared,cell_embeddings.pt,canonical_contextualized,abmil_hc_cell_ext_embed_gated_8_pdl__hp_lr0p0001_att256_do0_pdl0p6_pdlimplnew_pdlprojidentity_pdlprojl2_wd0p0001_selauprc_cw1__emb_esm,val_auprc_macro_mean,0.561499,0.0001,0.0001,512,300,50,42,6,5,0,8,256,0.0,0.0,linear,True,0.6,identity,2,new
therapeutic_target,held_out,therapeutic_target_mondo_0004979,Asthma,s2gae_att,s2gae_att,s2gae_att_k1_fixed_do04,s2gae_att_k1_fixed_do04,abmil8_pdl_id2_dropout,ABMIL-PDL Contextual + ESM2,abmil_hc_cell_ext_embed_gated_8_pdl,abmil,esm,bulk,bulk_shared,cell_embeddings.pt,canonical_contextualized,abmil_hc_cell_ext_embed_gated_8_pdl__hp_lr0p0001_att256_do0_pdl0p5_pdlimplnew_pdlprojidentity_pdlprojl2_wd0p0001_selauprc_cw1__emb_esm,val_auprc_macro_mean,0.568186,0.0001,0.0001,512,300,50,42,6,5,0,8,256,0.0,0.0,linear,True,0.5,identity,2,new
therapeutic_target,held_out,therapeutic_target_efo_0000341,COPD,s2gae_att,s2gae_att,s2gae_att_k1_fixed_do04,s2gae_att_k1_fixed_do04,abmil8_pdl_id2_dropout,ABMIL-PDL Contextual + ESM2,abmil_hc_cell_ext_embed_gated_8_pdl,abmil,esm,bulk,bulk_shared,cell_embeddings.pt,canonical_contextualized,abmil_hc_cell_ext_embed_gated_8_pdl__hp_lr0p0001_att256_do0_pdl0p5_pdlimplnew_pdlprojidentity_pdlprojl2_wd0p0001_selauprc_cw1__emb_esm,val_auprc_macro_mean,0.705358,0.0001,0.0001,512,300,50,42,6,5,0,8,256,0.0,0.0,linear,True,0.5,identity,2,new
therapeutic_target,held_out,therapeutic_target_efo_1001249,NASH,s2gae_att,s2gae_att,s2gae_att_k1_fixed_do04,s2gae_att_k1_fixed_do04,abmil8_pdl_id2_dropout,ABMIL-PDL Contextual + ESM2,abmil_hc_cell_ext_embed_gated_8_pdl,abmil,esm,bulk,bulk_shared,cell_embeddings.pt,canonical_contextualized,abmil_hc_cell_ext_embed_gated_8_pdl__hp_lr0p0001_att256_do0_pdl0p7_pdlimplnew_pdlprojidentity_pdlprojl2_wd0p0001_selauprc_cw1__emb_esm,val_auprc_macro_mean,0.658748,0.0001,0.0001,512,300,50,42,6,5,0,8,256,0.0,0.0,linear,True,0.7,identity,2,new
therapeutic_target,held_out,therapeutic_target_efo_0003884,Chronic kidney disease,s2gae_att,s2gae_att,s2gae_att_k1_fixed_do04,s2gae_att_k1_fixed_do04,abmil8_pdl_id2_dropout,ABMIL-PDL Contextual + ESM2,abmil_hc_cell_ext_embed_gated_8_pdl,abmil,esm,bulk,bulk_shared,cell_embeddings.pt,canonical_contextualized,abmil_hc_cell_ext_embed_gated_8_pdl__hp_lr0p0001_att256_do0_pdl0p5_pdlimplnew_pdlprojidentity_pdlprojl2_wd0p0001_selauprc_cw1__emb_esm,val_auprc_macro_mean,0.678831,0.0001,0.0001,512,300,50,42,6,5,0,8,256,0.0,0.0,linear,True,0.5,identity,2,new
therapeutic_target,held_out,therapeutic_target_mondo_0005180,Parkinson disease,s2gae_att,s2gae_att,s2gae_att_k1_fixed_do04,s2gae_att_k1_fixed_do04,abmil8_pdl_id2_dropout,ABMIL-PDL Contextual + ESM2,abmil_hc_cell_ext_embed_gated_8_pdl,abmil,esm,bulk,bulk_shared,cell_embeddings.pt,canonical_contextualized,abmil_hc_cell_ext_embed_gated_8_pdl__hp_lr0p0001_att256_do0_pdl0p5_pdlimplnew_pdlprojidentity_pdlprojl2_wd0p0001_selauprc_cw1__emb_esm,val_auprc_macro_mean,0.726949,0.0001,0.0001,512,300,50,42,6,5,0,8,256,0.0,0.0,linear,True,0.5,identity,2,new
therapeutic_target,held_out,therapeutic_target_efo_0003767,Inflammatory bowel disease,s2gae_phuber_uni,ProtScape (pHuber),HCCTassignmentglobalsplit_ESM2symmetricPPI_attention128_s2gae_dm_mr05_dc512_dl2_do00_MG_bulk__lr001_ep300_phubertau100_ACM_RandomWalkconcat_H512L3_dropout04_regCTassignment1_unil000005_unit20_unid0,HCCTassignmentglobalsplit_ESM2symmetricPPI_attention128_s2gae_dm_mr05_dc512_dl2_do00_MG_bulk__lr001_ep300_phubertau100_ACM_RandomWalkconcat_H512L3_dropout04_regCTassignment1_unil000005_unit20_unid0,abmil8,ABMIL; contextual instances + ESM2,abmil_hc_cell_ext_embed_gated_8,abmil,esm,bulk,bulk_shared,cell_embeddings_before_pool.pt,pooled_before_cci,abmil_hc_cell_ext_embed_gated_8__hp_lr0p0001_att256_do0p6_wd0p0001_selauprc_cw1__emb_esm,val_auprc_macro_mean,0.6230310768194365,0.0001,0.0001,512,300,50,42,6,5,0,8,256,0.6,0.0,linear,True,,,,
therapeutic_target,held_out,therapeutic_target_efo_0003767,Inflammatory bowel disease,s2gae_l1_uni,ProtScape (L1),HCCTassignmentglobalsplit_ESM2symmetricPPI_attention128_s2gae_dm_mr05_dc512_dl2_do00_MG_bulk__lr001_ep300_l1_ACM_RandomWalkconcat_H512L3_regCTassignment1_unil000005_unit20_unid0,HCCTassignmentglobalsplit_ESM2symmetricPPI_attention128_s2gae_dm_mr05_dc512_dl2_do00_MG_bulk__lr001_ep300_l1_ACM_RandomWalkconcat_H512L3_regCTassignment1_unil000005_unit20_unid0,abmil8,ABMIL; contextual instances + ESM2,abmil_hc_cell_ext_embed_gated_8,abmil,esm,bulk,bulk_shared,cell_embeddings_before_pool.pt,pooled_before_cci,abmil_hc_cell_ext_embed_gated_8__hp_lr0p0001_att256_do0p6_wd0p0001_selauprc_cw1__emb_esm,val_auprc_macro_mean,0.5417154568225332,0.0001,0.0001,512,300,50,42,6,5,0,8,256,0.6,0.0,linear,True,,,,
therapeutic_target,held_out,therapeutic_target_efo_0000685,Rheumatoid arthritis,s2gae_phuber_uni,ProtScape (pHuber),HCCTassignmentglobalsplit_ESM2symmetricPPI_attention128_s2gae_dm_mr05_dc512_dl2_do00_MG_bulk__lr001_ep300_phubertau100_ACM_RandomWalkconcat_H512L3_dropout04_regCTassignment1_unil000005_unit20_unid0,HCCTassignmentglobalsplit_ESM2symmetricPPI_attention128_s2gae_dm_mr05_dc512_dl2_do00_MG_bulk__lr001_ep300_phubertau100_ACM_RandomWalkconcat_H512L3_dropout04_regCTassignment1_unil000005_unit20_unid0,abmil8,ABMIL; contextual instances + ESM2,abmil_hc_cell_ext_embed_gated_8,abmil,esm,bulk,bulk_shared,cell_embeddings_before_pool.pt,pooled_before_cci,abmil_hc_cell_ext_embed_gated_8__hp_lr0p0001_att256_do0p6_wd0p0001_selauprc_cw1__emb_esm,val_auprc_macro_mean,0.5569035068255801,0.0001,0.0001,512,300,50,42,6,5,0,8,256,0.6,0.0,linear,True,,,,
therapeutic_target,held_out,therapeutic_target_efo_0000685,Rheumatoid arthritis,s2gae_l1_uni,ProtScape (L1),HCCTassignmentglobalsplit_ESM2symmetricPPI_attention128_s2gae_dm_mr05_dc512_dl2_do00_MG_bulk__lr001_ep300_l1_ACM_RandomWalkconcat_H512L3_regCTassignment1_unil000005_unit20_unid0,HCCTassignmentglobalsplit_ESM2symmetricPPI_attention128_s2gae_dm_mr05_dc512_dl2_do00_MG_bulk__lr001_ep300_l1_ACM_RandomWalkconcat_H512L3_regCTassignment1_unil000005_unit20_unid0,abmil8,ABMIL; contextual instances + ESM2,abmil_hc_cell_ext_embed_gated_8,abmil,esm,bulk,bulk_shared,cell_embeddings_before_pool.pt,pooled_before_cci,abmil_hc_cell_ext_embed_gated_8__hp_lr0p0001_att256_do0p2_wd0p0001_selauprc_cw1__emb_esm,val_auprc_macro_mean,0.6180287354011977,0.0001,0.0001,512,300,50,42,6,5,0,8,256,0.2,0.0,linear,True,,,,
therapeutic_target,held_out,therapeutic_target_efo_0000305,Breast carcinoma,s2gae_phuber_uni,ProtScape (pHuber),HCCTassignmentglobalsplit_ESM2symmetricPPI_attention128_s2gae_dm_mr05_dc512_dl2_do00_MG_bulk__lr001_ep300_phubertau100_ACM_RandomWalkconcat_H512L3_dropout04_regCTassignment1_unil000005_unit20_unid0,HCCTassignmentglobalsplit_ESM2symmetricPPI_attention128_s2gae_dm_mr05_dc512_dl2_do00_MG_bulk__lr001_ep300_phubertau100_ACM_RandomWalkconcat_H512L3_dropout04_regCTassignment1_unil000005_unit20_unid0,abmil8,ABMIL; contextual instances + ESM2,abmil_hc_cell_ext_embed_gated_8,abmil,esm,bulk,bulk_shared,cell_embeddings_before_pool.pt,pooled_before_cci,abmil_hc_cell_ext_embed_gated_8__hp_lr0p0001_att256_do0p4_wd0p0001_selauprc_cw1__emb_esm,val_auprc_macro_mean,0.8363253560428479,0.0001,0.0001,512,300,50,42,6,5,0,8,256,0.4,0.0,linear,True,,,,
therapeutic_target,held_out,therapeutic_target_efo_0000305,Breast carcinoma,s2gae_l1_uni,ProtScape (L1),HCCTassignmentglobalsplit_ESM2symmetricPPI_attention128_s2gae_dm_mr05_dc512_dl2_do00_MG_bulk__lr001_ep300_l1_ACM_RandomWalkconcat_H512L3_regCTassignment1_unil000005_unit20_unid0,HCCTassignmentglobalsplit_ESM2symmetricPPI_attention128_s2gae_dm_mr05_dc512_dl2_do00_MG_bulk__lr001_ep300_l1_ACM_RandomWalkconcat_H512L3_regCTassignment1_unil000005_unit20_unid0,abmil8,ABMIL; contextual instances + ESM2,abmil_hc_cell_ext_embed_gated_8,abmil,esm,bulk,bulk_shared,cell_embeddings_before_pool.pt,pooled_before_cci,abmil_hc_cell_ext_embed_gated_8__hp_lr0p0001_att256_do0p4_wd0p0001_selauprc_cw1__emb_esm,val_auprc_macro_mean,0.7950965220777595,0.0001,0.0001,512,300,50,42,6,5,0,8,256,0.4,0.0,linear,True,,,,
therapeutic_target,held_out,therapeutic_target_efo_1001207,Systolic heart failure,s2gae_phuber_uni,ProtScape (pHuber),HCCTassignmentglobalsplit_ESM2symmetricPPI_attention128_s2gae_dm_mr05_dc512_dl2_do00_MG_bulk__lr001_ep300_phubertau100_ACM_RandomWalkconcat_H512L3_dropout04_regCTassignment1_unil000005_unit20_unid0,HCCTassignmentglobalsplit_ESM2symmetricPPI_attention128_s2gae_dm_mr05_dc512_dl2_do00_MG_bulk__lr001_ep300_phubertau100_ACM_RandomWalkconcat_H512L3_dropout04_regCTassignment1_unil000005_unit20_unid0,abmil8,ABMIL; contextual instances + ESM2,abmil_hc_cell_ext_embed_gated_8,abmil,esm,bulk,bulk_shared,cell_embeddings_before_pool.pt,pooled_before_cci,abmil_hc_cell_ext_embed_gated_8__hp_lr0p0001_att256_do0p2_wd0p0001_selauprc_cw1__emb_esm,val_auprc_macro_mean,0.8882312851456782,0.0001,0.0001,512,300,50,42,6,5,0,8,256,0.2,0.0,linear,True,,,,
therapeutic_target,held_out,therapeutic_target_efo_1001207,Systolic heart failure,s2gae_l1_uni,ProtScape (L1),HCCTassignmentglobalsplit_ESM2symmetricPPI_attention128_s2gae_dm_mr05_dc512_dl2_do00_MG_bulk__lr001_ep300_l1_ACM_RandomWalkconcat_H512L3_regCTassignment1_unil000005_unit20_unid0,HCCTassignmentglobalsplit_ESM2symmetricPPI_attention128_s2gae_dm_mr05_dc512_dl2_do00_MG_bulk__lr001_ep300_l1_ACM_RandomWalkconcat_H512L3_regCTassignment1_unil000005_unit20_unid0,abmil8,ABMIL; contextual instances + ESM2,abmil_hc_cell_ext_embed_gated_8,abmil,esm,bulk,bulk_shared,cell_embeddings_before_pool.pt,pooled_before_cci,abmil_hc_cell_ext_embed_gated_8__hp_lr0p0001_att256_do0_wd0p0001_selauprc_cw1__emb_esm,val_auprc_macro_mean,0.8426687877272585,0.0001,0.0001,512,300,50,42,6,5,0,8,256,0.0,0.0,linear,True,,,,
therapeutic_target,held_out,therapeutic_target_efo_0000571,Lung adenocarcinoma,s2gae_phuber_uni,ProtScape (pHuber),HCCTassignmentglobalsplit_ESM2symmetricPPI_attention128_s2gae_dm_mr05_dc512_dl2_do00_MG_bulk__lr001_ep300_phubertau100_ACM_RandomWalkconcat_H512L3_dropout04_regCTassignment1_unil000005_unit20_unid0,HCCTassignmentglobalsplit_ESM2symmetricPPI_attention128_s2gae_dm_mr05_dc512_dl2_do00_MG_bulk__lr001_ep300_phubertau100_ACM_RandomWalkconcat_H512L3_dropout04_regCTassignment1_unil000005_unit20_unid0,abmil8,ABMIL; contextual instances + ESM2,abmil_hc_cell_ext_embed_gated_8,abmil,esm,bulk,bulk_shared,cell_embeddings_before_pool.pt,pooled_before_cci,abmil_hc_cell_ext_embed_gated_8__hp_lr0p0001_att256_do0p6_wd0p0001_selauprc_cw1__emb_esm,val_auprc_macro_mean,0.7670544832735421,0.0001,0.0001,512,300,50,42,6,5,0,8,256,0.6,0.0,linear,True,,,,
therapeutic_target,held_out,therapeutic_target_efo_0000571,Lung adenocarcinoma,s2gae_l1_uni,ProtScape (L1),HCCTassignmentglobalsplit_ESM2symmetricPPI_attention128_s2gae_dm_mr05_dc512_dl2_do00_MG_bulk__lr001_ep300_l1_ACM_RandomWalkconcat_H512L3_regCTassignment1_unil000005_unit20_unid0,HCCTassignmentglobalsplit_ESM2symmetricPPI_attention128_s2gae_dm_mr05_dc512_dl2_do00_MG_bulk__lr001_ep300_l1_ACM_RandomWalkconcat_H512L3_regCTassignment1_unil000005_unit20_unid0,abmil8,ABMIL; contextual instances + ESM2,abmil_hc_cell_ext_embed_gated_8,abmil,esm,bulk,bulk_shared,cell_embeddings_before_pool.pt,pooled_before_cci,abmil_hc_cell_ext_embed_gated_8__hp_lr0p0001_att256_do0p2_wd0p0001_selauprc_cw1__emb_esm,val_auprc_macro_mean,0.6927180144242749,0.0001,0.0001,512,300,50,42,6,5,0,8,256,0.2,0.0,linear,True,,,,
therapeutic_target,held_out,therapeutic_target_efo_0000676,Psoriasis,s2gae_phuber_uni,ProtScape (pHuber),HCCTassignmentglobalsplit_ESM2symmetricPPI_attention128_s2gae_dm_mr05_dc512_dl2_do00_MG_bulk__lr001_ep300_phubertau100_ACM_RandomWalkconcat_H512L3_dropout04_regCTassignment1_unil000005_unit20_unid0,HCCTassignmentglobalsplit_ESM2symmetricPPI_attention128_s2gae_dm_mr05_dc512_dl2_do00_MG_bulk__lr001_ep300_phubertau100_ACM_RandomWalkconcat_H512L3_dropout04_regCTassignment1_unil000005_unit20_unid0,abmil8,ABMIL; contextual instances + ESM2,abmil_hc_cell_ext_embed_gated_8,abmil,esm,bulk,bulk_shared,cell_embeddings_before_pool.pt,pooled_before_cci,abmil_hc_cell_ext_embed_gated_8__hp_lr0p0001_att256_do0p2_wd0p0001_selauprc_cw1__emb_esm,val_auprc_macro_mean,0.7280677665715947,0.0001,0.0001,512,300,50,42,6,5,0,8,256,0.2,0.0,linear,True,,,,
therapeutic_target,held_out,therapeutic_target_efo_0000676,Psoriasis,s2gae_l1_uni,ProtScape (L1),HCCTassignmentglobalsplit_ESM2symmetricPPI_attention128_s2gae_dm_mr05_dc512_dl2_do00_MG_bulk__lr001_ep300_l1_ACM_RandomWalkconcat_H512L3_regCTassignment1_unil000005_unit20_unid0,HCCTassignmentglobalsplit_ESM2symmetricPPI_attention128_s2gae_dm_mr05_dc512_dl2_do00_MG_bulk__lr001_ep300_l1_ACM_RandomWalkconcat_H512L3_regCTassignment1_unil000005_unit20_unid0,abmil8,ABMIL; contextual instances + ESM2,abmil_hc_cell_ext_embed_gated_8,abmil,esm,bulk,bulk_shared,cell_embeddings_before_pool.pt,pooled_before_cci,abmil_hc_cell_ext_embed_gated_8__hp_lr0p0001_att256_do0p6_wd0p0001_selauprc_cw1__emb_esm,val_auprc_macro_mean,0.6955885306789678,0.0001,0.0001,512,300,50,42,6,5,0,8,256,0.6,0.0,linear,True,,,,
therapeutic_target,held_out,therapeutic_target_efo_0001361,Pulmonary arterial hypertension,s2gae_phuber_uni,ProtScape (pHuber),HCCTassignmentglobalsplit_ESM2symmetricPPI_attention128_s2gae_dm_mr05_dc512_dl2_do00_MG_bulk__lr001_ep300_phubertau100_ACM_RandomWalkconcat_H512L3_dropout04_regCTassignment1_unil000005_unit20_unid0,HCCTassignmentglobalsplit_ESM2symmetricPPI_attention128_s2gae_dm_mr05_dc512_dl2_do00_MG_bulk__lr001_ep300_phubertau100_ACM_RandomWalkconcat_H512L3_dropout04_regCTassignment1_unil000005_unit20_unid0,abmil8,ABMIL; contextual instances + ESM2,abmil_hc_cell_ext_embed_gated_8,abmil,esm,bulk,bulk_shared,cell_embeddings_before_pool.pt,pooled_before_cci,abmil_hc_cell_ext_embed_gated_8__hp_lr0p0001_att256_do0p6_wd0p0001_selauprc_cw1__emb_esm,val_auprc_macro_mean,0.4967075344927091,0.0001,0.0001,512,300,50,42,6,5,0,8,256,0.6,0.0,linear,True,,,,
therapeutic_target,held_out,therapeutic_target_efo_0001361,Pulmonary arterial hypertension,s2gae_l1_uni,ProtScape (L1),HCCTassignmentglobalsplit_ESM2symmetricPPI_attention128_s2gae_dm_mr05_dc512_dl2_do00_MG_bulk__lr001_ep300_l1_ACM_RandomWalkconcat_H512L3_regCTassignment1_unil000005_unit20_unid0,HCCTassignmentglobalsplit_ESM2symmetricPPI_attention128_s2gae_dm_mr05_dc512_dl2_do00_MG_bulk__lr001_ep300_l1_ACM_RandomWalkconcat_H512L3_regCTassignment1_unil000005_unit20_unid0,abmil8,ABMIL; contextual instances + ESM2,abmil_hc_cell_ext_embed_gated_8,abmil,esm,bulk,bulk_shared,cell_embeddings_before_pool.pt,pooled_before_cci,abmil_hc_cell_ext_embed_gated_8__hp_lr0p0001_att256_do0p6_wd0p0001_selauprc_cw1__emb_esm,val_auprc_macro_mean,0.4986663510653399,0.0001,0.0001,512,300,50,42,6,5,0,8,256,0.6,0.0,linear,True,,,,
therapeutic_target,held_out,therapeutic_target_mondo_0005148,Type 2 diabetes,s2gae_phuber_uni,ProtScape (pHuber),HCCTassignmentglobalsplit_ESM2symmetricPPI_attention128_s2gae_dm_mr05_dc512_dl2_do00_MG_bulk__lr001_ep300_phubertau100_ACM_RandomWalkconcat_H512L3_dropout04_regCTassignment1_unil000005_unit20_unid0,HCCTassignmentglobalsplit_ESM2symmetricPPI_attention128_s2gae_dm_mr05_dc512_dl2_do00_MG_bulk__lr001_ep300_phubertau100_ACM_RandomWalkconcat_H512L3_dropout04_regCTassignment1_unil000005_unit20_unid0,abmil8,ABMIL; contextual instances + ESM2,abmil_hc_cell_ext_embed_gated_8,abmil,esm,bulk,bulk_shared,cell_embeddings_before_pool.pt,pooled_before_cci,abmil_hc_cell_ext_embed_gated_8__hp_lr0p0001_att256_do0p2_wd0p0001_selauprc_cw1__emb_esm,val_auprc_macro_mean,0.7447524607970208,0.0001,0.0001,512,300,50,42,6,5,0,8,256,0.2,0.0,linear,True,,,,
therapeutic_target,held_out,therapeutic_target_mondo_0005148,Type 2 diabetes,s2gae_l1_uni,ProtScape (L1),HCCTassignmentglobalsplit_ESM2symmetricPPI_attention128_s2gae_dm_mr05_dc512_dl2_do00_MG_bulk__lr001_ep300_l1_ACM_RandomWalkconcat_H512L3_regCTassignment1_unil000005_unit20_unid0,HCCTassignmentglobalsplit_ESM2symmetricPPI_attention128_s2gae_dm_mr05_dc512_dl2_do00_MG_bulk__lr001_ep300_l1_ACM_RandomWalkconcat_H512L3_regCTassignment1_unil000005_unit20_unid0,abmil8,ABMIL; contextual instances + ESM2,abmil_hc_cell_ext_embed_gated_8,abmil,esm,bulk,bulk_shared,cell_embeddings_before_pool.pt,pooled_before_cci,abmil_hc_cell_ext_embed_gated_8__hp_lr0p0001_att256_do0p2_wd0p0001_selauprc_cw1__emb_esm,val_auprc_macro_mean,0.67273627314294,0.0001,0.0001,512,300,50,42,6,5,0,8,256,0.2,0.0,linear,True,,,,
therapeutic_target,held_out,therapeutic_target_mondo_0007915,Systemic lupus erythematosus,s2gae_phuber_uni,ProtScape (pHuber),HCCTassignmentglobalsplit_ESM2symmetricPPI_attention128_s2gae_dm_mr05_dc512_dl2_do00_MG_bulk__lr001_ep300_phubertau100_ACM_RandomWalkconcat_H512L3_dropout04_regCTassignment1_unil000005_unit20_unid0,HCCTassignmentglobalsplit_ESM2symmetricPPI_attention128_s2gae_dm_mr05_dc512_dl2_do00_MG_bulk__lr001_ep300_phubertau100_ACM_RandomWalkconcat_H512L3_dropout04_regCTassignment1_unil000005_unit20_unid0,abmil8,ABMIL; contextual instances + ESM2,abmil_hc_cell_ext_embed_gated_8,abmil,esm,bulk,bulk_shared,cell_embeddings_before_pool.pt,pooled_before_cci,abmil_hc_cell_ext_embed_gated_8__hp_lr0p0001_att256_do0p4_wd0p0001_selauprc_cw1__emb_esm,val_auprc_macro_mean,0.6815733678048532,0.0001,0.0001,512,300,50,42,6,5,0,8,256,0.4,0.0,linear,True,,,,
therapeutic_target,held_out,therapeutic_target_mondo_0007915,Systemic lupus erythematosus,s2gae_l1_uni,ProtScape (L1),HCCTassignmentglobalsplit_ESM2symmetricPPI_attention128_s2gae_dm_mr05_dc512_dl2_do00_MG_bulk__lr001_ep300_l1_ACM_RandomWalkconcat_H512L3_regCTassignment1_unil000005_unit20_unid0,HCCTassignmentglobalsplit_ESM2symmetricPPI_attention128_s2gae_dm_mr05_dc512_dl2_do00_MG_bulk__lr001_ep300_l1_ACM_RandomWalkconcat_H512L3_regCTassignment1_unil000005_unit20_unid0,abmil8,ABMIL; contextual instances + ESM2,abmil_hc_cell_ext_embed_gated_8,abmil,esm,bulk,bulk_shared,cell_embeddings_before_pool.pt,pooled_before_cci,abmil_hc_cell_ext_embed_gated_8__hp_lr0p0001_att256_do0p6_wd0p0001_selauprc_cw1__emb_esm,val_auprc_macro_mean,0.6490848690165485,0.0001,0.0001,512,300,50,42,6,5,0,8,256,0.6,0.0,linear,True,,,,
therapeutic_target,held_out,therapeutic_target_efo_0000274,Atopic eczema,s2gae_phuber_uni,ProtScape (pHuber),HCCTassignmentglobalsplit_ESM2symmetricPPI_attention128_s2gae_dm_mr05_dc512_dl2_do00_MG_bulk__lr001_ep300_phubertau100_ACM_RandomWalkconcat_H512L3_dropout04_regCTassignment1_unil000005_unit20_unid0,HCCTassignmentglobalsplit_ESM2symmetricPPI_attention128_s2gae_dm_mr05_dc512_dl2_do00_MG_bulk__lr001_ep300_phubertau100_ACM_RandomWalkconcat_H512L3_dropout04_regCTassignment1_unil000005_unit20_unid0,abmil8,ABMIL; contextual instances + ESM2,abmil_hc_cell_ext_embed_gated_8,abmil,esm,bulk,bulk_shared,cell_embeddings_before_pool.pt,pooled_before_cci,abmil_hc_cell_ext_embed_gated_8__hp_lr0p0001_att256_do0p2_wd0p0001_selauprc_cw1__emb_esm,val_auprc_macro_mean,0.4562457917364753,0.0001,0.0001,512,300,50,42,6,5,0,8,256,0.2,0.0,linear,True,,,,
therapeutic_target,held_out,therapeutic_target_efo_0000274,Atopic eczema,s2gae_l1_uni,ProtScape (L1),HCCTassignmentglobalsplit_ESM2symmetricPPI_attention128_s2gae_dm_mr05_dc512_dl2_do00_MG_bulk__lr001_ep300_l1_ACM_RandomWalkconcat_H512L3_regCTassignment1_unil000005_unit20_unid0,HCCTassignmentglobalsplit_ESM2symmetricPPI_attention128_s2gae_dm_mr05_dc512_dl2_do00_MG_bulk__lr001_ep300_l1_ACM_RandomWalkconcat_H512L3_regCTassignment1_unil000005_unit20_unid0,abmil8,ABMIL; contextual instances + ESM2,abmil_hc_cell_ext_embed_gated_8,abmil,esm,bulk,bulk_shared,cell_embeddings_before_pool.pt,pooled_before_cci,abmil_hc_cell_ext_embed_gated_8__hp_lr0p0001_att256_do0p2_wd0p0001_selauprc_cw1__emb_esm,val_auprc_macro_mean,0.4243421171032559,0.0001,0.0001,512,300,50,42,6,5,0,8,256,0.2,0.0,linear,True,,,,
therapeutic_target,held_out,therapeutic_target_mondo_0004979,Asthma,s2gae_phuber_uni,ProtScape (pHuber),HCCTassignmentglobalsplit_ESM2symmetricPPI_attention128_s2gae_dm_mr05_dc512_dl2_do00_MG_bulk__lr001_ep300_phubertau100_ACM_RandomWalkconcat_H512L3_dropout04_regCTassignment1_unil000005_unit20_unid0,HCCTassignmentglobalsplit_ESM2symmetricPPI_attention128_s2gae_dm_mr05_dc512_dl2_do00_MG_bulk__lr001_ep300_phubertau100_ACM_RandomWalkconcat_H512L3_dropout04_regCTassignment1_unil000005_unit20_unid0,abmil8,ABMIL; contextual instances + ESM2,abmil_hc_cell_ext_embed_gated_8,abmil,esm,bulk,bulk_shared,cell_embeddings_before_pool.pt,pooled_before_cci,abmil_hc_cell_ext_embed_gated_8__hp_lr0p0001_att256_do0p2_wd0p0001_selauprc_cw1__emb_esm,val_auprc_macro_mean,0.5477466080798322,0.0001,0.0001,512,300,50,42,6,5,0,8,256,0.2,0.0,linear,True,,,,
therapeutic_target,held_out,therapeutic_target_mondo_0004979,Asthma,s2gae_l1_uni,ProtScape (L1),HCCTassignmentglobalsplit_ESM2symmetricPPI_attention128_s2gae_dm_mr05_dc512_dl2_do00_MG_bulk__lr001_ep300_l1_ACM_RandomWalkconcat_H512L3_regCTassignment1_unil000005_unit20_unid0,HCCTassignmentglobalsplit_ESM2symmetricPPI_attention128_s2gae_dm_mr05_dc512_dl2_do00_MG_bulk__lr001_ep300_l1_ACM_RandomWalkconcat_H512L3_regCTassignment1_unil000005_unit20_unid0,abmil8,ABMIL; contextual instances + ESM2,abmil_hc_cell_ext_embed_gated_8,abmil,esm,bulk,bulk_shared,cell_embeddings_before_pool.pt,pooled_before_cci,abmil_hc_cell_ext_embed_gated_8__hp_lr0p0001_att256_do0_wd0p0001_selauprc_cw1__emb_esm,val_auprc_macro_mean,0.5450730966803992,0.0001,0.0001,512,300,50,42,6,5,0,8,256,0.0,0.0,linear,True,,,,
therapeutic_target,held_out,therapeutic_target_efo_0000341,COPD,s2gae_phuber_uni,ProtScape (pHuber),HCCTassignmentglobalsplit_ESM2symmetricPPI_attention128_s2gae_dm_mr05_dc512_dl2_do00_MG_bulk__lr001_ep300_phubertau100_ACM_RandomWalkconcat_H512L3_dropout04_regCTassignment1_unil000005_unit20_unid0,HCCTassignmentglobalsplit_ESM2symmetricPPI_attention128_s2gae_dm_mr05_dc512_dl2_do00_MG_bulk__lr001_ep300_phubertau100_ACM_RandomWalkconcat_H512L3_dropout04_regCTassignment1_unil000005_unit20_unid0,abmil8,ABMIL; contextual instances + ESM2,abmil_hc_cell_ext_embed_gated_8,abmil,esm,bulk,bulk_shared,cell_embeddings_before_pool.pt,pooled_before_cci,abmil_hc_cell_ext_embed_gated_8__hp_lr0p0001_att256_do0p6_wd0p0001_selauprc_cw1__emb_esm,val_auprc_macro_mean,0.6535740626846274,0.0001,0.0001,512,300,50,42,6,5,0,8,256,0.6,0.0,linear,True,,,,
therapeutic_target,held_out,therapeutic_target_efo_0000341,COPD,s2gae_l1_uni,ProtScape (L1),HCCTassignmentglobalsplit_ESM2symmetricPPI_attention128_s2gae_dm_mr05_dc512_dl2_do00_MG_bulk__lr001_ep300_l1_ACM_RandomWalkconcat_H512L3_regCTassignment1_unil000005_unit20_unid0,HCCTassignmentglobalsplit_ESM2symmetricPPI_attention128_s2gae_dm_mr05_dc512_dl2_do00_MG_bulk__lr001_ep300_l1_ACM_RandomWalkconcat_H512L3_regCTassignment1_unil000005_unit20_unid0,abmil8,ABMIL; contextual instances + ESM2,abmil_hc_cell_ext_embed_gated_8,abmil,esm,bulk,bulk_shared,cell_embeddings_before_pool.pt,pooled_before_cci,abmil_hc_cell_ext_embed_gated_8__hp_lr0p0001_att256_do0p2_wd0p0001_selauprc_cw1__emb_esm,val_auprc_macro_mean,0.6500938834046346,0.0001,0.0001,512,300,50,42,6,5,0,8,256,0.2,0.0,linear,True,,,,
therapeutic_target,held_out,therapeutic_target_efo_1001249,NASH,s2gae_phuber_uni,ProtScape (pHuber),HCCTassignmentglobalsplit_ESM2symmetricPPI_attention128_s2gae_dm_mr05_dc512_dl2_do00_MG_bulk__lr001_ep300_phubertau100_ACM_RandomWalkconcat_H512L3_dropout04_regCTassignment1_unil000005_unit20_unid0,HCCTassignmentglobalsplit_ESM2symmetricPPI_attention128_s2gae_dm_mr05_dc512_dl2_do00_MG_bulk__lr001_ep300_phubertau100_ACM_RandomWalkconcat_H512L3_dropout04_regCTassignment1_unil000005_unit20_unid0,abmil8,ABMIL; contextual instances + ESM2,abmil_hc_cell_ext_embed_gated_8,abmil,esm,bulk,bulk_shared,cell_embeddings_before_pool.pt,pooled_before_cci,abmil_hc_cell_ext_embed_gated_8__hp_lr0p0001_att256_do0p2_wd0p0001_selauprc_cw1__emb_esm,val_auprc_macro_mean,0.6582692589364527,0.0001,0.0001,512,300,50,42,6,5,0,8,256,0.2,0.0,linear,True,,,,
therapeutic_target,held_out,therapeutic_target_efo_1001249,NASH,s2gae_l1_uni,ProtScape (L1),HCCTassignmentglobalsplit_ESM2symmetricPPI_attention128_s2gae_dm_mr05_dc512_dl2_do00_MG_bulk__lr001_ep300_l1_ACM_RandomWalkconcat_H512L3_regCTassignment1_unil000005_unit20_unid0,HCCTassignmentglobalsplit_ESM2symmetricPPI_attention128_s2gae_dm_mr05_dc512_dl2_do00_MG_bulk__lr001_ep300_l1_ACM_RandomWalkconcat_H512L3_regCTassignment1_unil000005_unit20_unid0,abmil8,ABMIL; contextual instances + ESM2,abmil_hc_cell_ext_embed_gated_8,abmil,esm,bulk,bulk_shared,cell_embeddings_before_pool.pt,pooled_before_cci,abmil_hc_cell_ext_embed_gated_8__hp_lr0p0001_att256_do0p6_wd0p0001_selauprc_cw1__emb_esm,val_auprc_macro_mean,0.6077097038732366,0.0001,0.0001,512,300,50,42,6,5,0,8,256,0.6,0.0,linear,True,,,,
therapeutic_target,held_out,therapeutic_target_efo_0003884,Chronic kidney disease,s2gae_phuber_uni,ProtScape (pHuber),HCCTassignmentglobalsplit_ESM2symmetricPPI_attention128_s2gae_dm_mr05_dc512_dl2_do00_MG_bulk__lr001_ep300_phubertau100_ACM_RandomWalkconcat_H512L3_dropout04_regCTassignment1_unil000005_unit20_unid0,HCCTassignmentglobalsplit_ESM2symmetricPPI_attention128_s2gae_dm_mr05_dc512_dl2_do00_MG_bulk__lr001_ep300_phubertau100_ACM_RandomWalkconcat_H512L3_dropout04_regCTassignment1_unil000005_unit20_unid0,abmil8,ABMIL; contextual instances + ESM2,abmil_hc_cell_ext_embed_gated_8,abmil,esm,bulk,bulk_shared,cell_embeddings_before_pool.pt,pooled_before_cci,abmil_hc_cell_ext_embed_gated_8__hp_lr0p0001_att256_do0p6_wd0p0001_selauprc_cw1__emb_esm,val_auprc_macro_mean,0.644216205273807,0.0001,0.0001,512,300,50,42,6,5,0,8,256,0.6,0.0,linear,True,,,,
therapeutic_target,held_out,therapeutic_target_efo_0003884,Chronic kidney disease,s2gae_l1_uni,ProtScape (L1),HCCTassignmentglobalsplit_ESM2symmetricPPI_attention128_s2gae_dm_mr05_dc512_dl2_do00_MG_bulk__lr001_ep300_l1_ACM_RandomWalkconcat_H512L3_regCTassignment1_unil000005_unit20_unid0,HCCTassignmentglobalsplit_ESM2symmetricPPI_attention128_s2gae_dm_mr05_dc512_dl2_do00_MG_bulk__lr001_ep300_l1_ACM_RandomWalkconcat_H512L3_regCTassignment1_unil000005_unit20_unid0,abmil8,ABMIL; contextual instances + ESM2,abmil_hc_cell_ext_embed_gated_8,abmil,esm,bulk,bulk_shared,cell_embeddings_before_pool.pt,pooled_before_cci,abmil_hc_cell_ext_embed_gated_8__hp_lr0p0001_att256_do0p2_wd0p0001_selauprc_cw1__emb_esm,val_auprc_macro_mean,0.6105801801001313,0.0001,0.0001,512,300,50,42,6,5,0,8,256,0.2,0.0,linear,True,,,,
therapeutic_target,held_out,therapeutic_target_mondo_0005180,Parkinson disease,s2gae_phuber_uni,ProtScape (pHuber),HCCTassignmentglobalsplit_ESM2symmetricPPI_attention128_s2gae_dm_mr05_dc512_dl2_do00_MG_bulk__lr001_ep300_phubertau100_ACM_RandomWalkconcat_H512L3_dropout04_regCTassignment1_unil000005_unit20_unid0,HCCTassignmentglobalsplit_ESM2symmetricPPI_attention128_s2gae_dm_mr05_dc512_dl2_do00_MG_bulk__lr001_ep300_phubertau100_ACM_RandomWalkconcat_H512L3_dropout04_regCTassignment1_unil000005_unit20_unid0,abmil8,ABMIL; contextual instances + ESM2,abmil_hc_cell_ext_embed_gated_8,abmil,esm,bulk,bulk_shared,cell_embeddings_before_pool.pt,pooled_before_cci,abmil_hc_cell_ext_embed_gated_8__hp_lr0p0001_att256_do0p6_wd0p0001_selauprc_cw1__emb_esm,val_auprc_macro_mean,0.6521228886498788,0.0001,0.0001,512,300,50,42,6,5,0,8,256,0.6,0.0,linear,True,,,,
therapeutic_target,held_out,therapeutic_target_mondo_0005180,Parkinson disease,s2gae_l1_uni,ProtScape (L1),HCCTassignmentglobalsplit_ESM2symmetricPPI_attention128_s2gae_dm_mr05_dc512_dl2_do00_MG_bulk__lr001_ep300_l1_ACM_RandomWalkconcat_H512L3_regCTassignment1_unil000005_unit20_unid0,HCCTassignmentglobalsplit_ESM2symmetricPPI_attention128_s2gae_dm_mr05_dc512_dl2_do00_MG_bulk__lr001_ep300_l1_ACM_RandomWalkconcat_H512L3_regCTassignment1_unil000005_unit20_unid0,abmil8,ABMIL; contextual instances + ESM2,abmil_hc_cell_ext_embed_gated_8,abmil,esm,bulk,bulk_shared,cell_embeddings_before_pool.pt,pooled_before_cci,abmil_hc_cell_ext_embed_gated_8__hp_lr0p0001_att256_do0p2_wd0p0001_selauprc_cw1__emb_esm,val_auprc_macro_mean,0.6787822220058869,0.0001,0.0001,512,300,50,42,6,5,0,8,256,0.2,0.0,linear,True,,,,
